<participant id="10">
<personality ex="3.5" op="4" ag="3" ne="5" co="4"> 
</personality>

<story id="1" order="0" version="1"> 
<part number="1" agentexlvl="5"> 
So over the summer I went to a musical festival and I took the bus.
</part> 

<part number="2" agentexlvl="4"> 
so the driver was driving really fast on this narrow road which he shouldn't have. It was really windy
</part> 

<part number="3" agentexlvl="3"> 
Uuum so there was a sharp right and um when he was turning the bus tilted onto its two side wheels, and then afterwards he made another quick mo-motion and he evened out <gesture type="iconic" handedness="both" prep=".61" stroke="5" se_onset_height="1" se_onset_width="1" se_onset_radial="1" se_offset_height="1" se_offset_width="1" se_offset_radial="3" hold="2" agent_match_loc="true" agent_match_form="false"> the bus.
</part> 

<part number="4" agentexlvl="2"> 
So a girl uh in the front almost flew out of her chair but she evened out the bus so that compensated for it
</part> 

<part number="5" agentexlvl="1"> 
So I was going to see this awesome concert but I took a bus and the bus driver was driving pretty crazy on this narrow windy road so at one point when he was making a sharp right the bus tilted <gesture type="iconic" handedness="both" prep="1" stroke=".78" se_onset_height="1" se_onset_width="1" se_onset_radial="3" se_offset_height="3" se_offset_width="1" se_offset_radial="1" hold="4" agent_match_loc="true" agent_match_form="false"> onto its two side wheels and with a quick motion he evened out the bus again and this girl almost flew out <gesture type="iconic" handedness="both" stroke="2" se_onset_height="1" se_onset_width="1" se_onset_radial="3" se_offset_height="3" se_offset_width="1" se_offset_radial="1" hold="2" agent_match_loc="true" agent_match_form="true"> of her chair but when he evened out the bus that prevented that. And everybody was pretty happy because they didn't die and that they were going to a concert. The end!
</part> 

<part number="full" agentexlvl="1"> 
Ok so - I was seventeen and I went to my <gesture type="beat" handedness="both" stroke=".78" se_onset_height="1" se_onset_width="1" se_onset_radial="3" se_offset_height="3" se_offset_width="1" se_offset_radial="1" retract=".38" agent_match_loc="true" agent_match_form="false"> boyfriend’s house, </gesture> a:nd we got into an <gesture type="metaphoric" handedness="both" prep=".34" stroke=".37" se_onset_height="3" se_onset_width="1" se_onset_radial="1" se_offset_height="3" se_offset_width="1" se_offset_radial="1" hold=".91" agent_match_loc="false" agent_match_form="false">argument, </gesture> and I <gesture type="beat" handedness="both" stroke=".53" se_onset_height="3" se_onset_width="1" se_onset_radial="1" se_offset_height="3" se_offset_width="2" se_offset_radial="2" hold=".9" agent_match_loc="true" agent_match_form="false">drove there,</gesture> so I <gesture type="metaphoric" handedness="both" stroke=".99" se_onset_height="3" se_onset_width="2" se_onset_radial="2" se_offset_height="3" se_offset_width="1" se_offset_radial="1" retract=".58" agent_match_loc="false" agent_match_form="false"> left crying, </gesture> and the:n I was <gesture type="metaphoric" handedness="left" stroke=".43" se_onset_height="3" se_onset_width="1" se_onset_radial="1" se_offset_height="3" se_offset_width="1" se_offset_radial="1" retract=".51" agent_match_loc="false" agent_match_form="false"> worried </gesture> because my curfew is ten thirty and my dad is really uptight about that, so a light, the <gesture type="metaphoric" handedness="both" prep=".8" stroke="1.35" se_onset_height="3" se_onset_width="1" se_onset_radial="1" se_offset_height="3" se_offset_width="3" se_offset_radial="4" agent_match_loc="false" agent_match_form="false"> light was red </gesture> and then it turned green and <gesture type="metaphoric" handedness="both" stroke="1.79" se_onset_height="3" se_onset_width="3" se_onset_radial="4" se_offset_height="3" se_offset_width="1" se_offset_radial="1" hold=".73" agent_match_loc="true" agent_match_form="false">I went</gesture> without looking either way <gesture type="metaphoric" handedness="left" stroke=".98" se_onset_height="3" se_onset_width="1" se_onset_radial="1" se_offset_height="4" se_offset_width="4" se_offset_radial="4" hold=".77" agent_match_loc="false" agent_match_form="false">and the</gesture> car hit <gesture type="metaphoric" handedness="left" stroke="1.3" se_onset_height="4" se_onset_width="4" se_onset_radial="4" se_offset_height="4" se_offset_width="4" se_offset_radial="5" hold=".58" agent_match_loc="false" agent_match_form="false"> the other car, </gesture> another car <gesture type="metaphoric" handedness="left" stroke="2.84" se_onset_height="4" se_onset_width="4" se_onset_radial="5" se_offset_height="4" se_offset_width="4" se_offset_radial="4" agent_match_loc="false" agent_match_form="false">hit my car on</gesture> <gesture type="metaphoric" handedness="both" stroke="1.66" se_onset_height="4" se_onset_width="4" se_onset_radial="4" se_offset_height="1" se_offset_width="2" se_offset_radial="3" hold=".39" retract=".57" agent_match_loc="false" agent_match_form="false">the front door</gesture> where my legs should be, <gesture type="beat" handedness="both" prep=".51" stroke=".87" se_onset_height="1" se_onset_width="2" se_onset_radial="3" se_offset_height="2" se_offset_width="2" se_offset_radial="3" hold="2.34" agent_match_loc="false" agent_match_form="false"> and, </gesture> and then adrenaline <gesture type="metaphoric" handedness="both" stroke=".94" se_onset_height="2" se_onset_width="2" se_onset_radial="3" se_offset_height="1" se_offset_width="2" se_offset_radial="4" agent_match_loc="true" agent_match_form="false">kicked in</gesture> so I got out of <gesture type="metaphoric" handedness="right" prep=".57" stroke=".65" se_onset_height="1" se_onset_width="2" se_onset_radial="4" se_offset_height="1" se_offset_width="2" se_offset_radial="3" agent_match_loc="false" agent_match_form="false">the car,</gesture> because it was <gesture type="beat" handedness="both" stroke=".68" se_onset_height="1" se_onset_width="2" se_onset_radial="4" se_offset_height="1" se_offset_width="2" se_offset_radial="3" hold="1.27" retract=".64" agent_match_loc="true" agent_match_form="false">really smokey, </gesture> a:nd the doctors told me. that if I hadn’t gotten out <gesture type="beat" handedness="left" stroke=".54" se_onset_height="1" se_onset_width="1" se_onset_radial="3" se_offset_height="1" se_offset_width="1" se_offset_radial="3" retract=".4" agent_match_loc="false" agent_match_form="false"> in tim e</gesture> I could’ve <gesture type="metaphoric" handedness="left" stroke=".55" se_onset_height="1" se_onset_width="1" se_onset_radial="3" se_offset_height="2" se_offset_width="2" se_offset_radial="3" agent_match_loc="false" agent_match_form="false"> died </gesture> because <gesture type="iconic" handedness="right" stroke=".59" se_onset_height="1" se_onset_width="1" se_onset_radial="3" se_offset_height="4" se_offset_width="1" se_offset_radial="1" hold=".53" agent_match_loc="false" agent_match_form="false"> my ribs </gesture> <gesture type="iconic" handedness="right" stroke=".57" se_onset_height="4" se_onset_width="1" se_onset_radial="1" se_offset_height="4" se_offset_width="1" se_offset_radial="2" hold=".54" agent_match_loc="false" agent_match_form="false"> broke </gesture> <gesture type="iconic" handedness="right" stroke=".57" se_onset_height="4" se_onset_width="1" se_onset_radial="1" se_offset_height="4" se_offset_width="1" se_offset_radial="2" hold=".54" agent_match_loc="true" agent_match_form="false"> three of my ribs <gesture type="iconic" handedness="right" stroke=".8" se_onset_height="4" se_onset_width="1" se_onset_radial="2" se_offset_height="4" se_offset_width="1" se_offset_radial="3" agent_match_loc="false" agent_match_form="false"> broke and <gesture type="iconic" handedness="right" stroke=".81" se_onset_height="4" se_onset_width="1" se_onset_radial="3" se_offset_height="1" se_offset_width="1" se_offset_radial="3" hold="3.43" retract=".64" agent_match_loc="false" agent_match_form="false"> one of my lungs </gesture> was bruised.
</part> 
</story> 

<story id="0" order="1" version="0"> 
<part number="1" agentexlvl="1"> 
When I was 17 there was this one Sunday where me and my boyfriend got into a huge argument.
</part> 

<part number="2" agentexlvl="2">
Ok so I drove over there so um I guess I was going to drive away but I was really crying and stuff  but that's okay because I'm a really good driver
</part> 

<part number="3" agentexlvl="3">
Since I was so upset and I noticed that I was gonna be late for curfew, I... I <gesture type="iconic" handedness="left" prep="2" stroke="1" se_onset_height="6" se_onset_width="1" se_onset_radial="1" se_offset_height="1" se_offset_width="1" se_offset_radial="2" retract=".47" agent_match_loc="true" agent_match_form="false"> didn't look both ways when I was at a stoplight so I started to go  but then another car was coming from other the other side and it hit right where my legs would have been
</part> 

<part number="4" agentexlvl="4">
So I spun out and then th-the car became smoky so I thought it might like explode <gesture type="iconic" handedness="both" prep=".52" stroke="2" se_onset_height="6" se_onset_width="1" se_onset_radial="1" se_offset_height="1" se_offset_width="1" se_offset_radial="2" retract=".47" agent_match_loc="true" agent_match_form="false"> so um adrenaline kicked in and like I started to crawl over to the passengers side and I got out <gesture type="iconic" handedness="right" prep=".52" stroke="4" se_onset_height="6" se_onset_width="1" se_onset_radial="1" se_offset_height="1" se_offset_width="1" se_offset_radial="2" retract=".32" agent_match_loc="false" agent_match_form="false">
</part> 

<part number="5" agentexlvl="5">
So um I went to the hospital and I had 3 broken ribs and a bruised lung and um they told me if I had not um made it out of the car as soon as I did I would have been dead
</part> 

<part number=full agentexlvl="5">
Ok so there was this when I was 17 there was this one Sunday I got in a huge argument with my boyfriend so I was crying and I-I had drove there so then I decided to drive home cuz it was getting late <gesture type="diectic" handedness="right" prep=".52" stroke="1" se_onset_height="6" se_onset_width="1" se_onset_radial="1" se_offset_height="1" se_offset_width="1" se_offset_radial="2" hold="6" agent_match_loc="false" agent_match_form="false"> and I was sad and upset. So when I was at the stop light it turned green <gesture type="beat" handedness="right" prep=".41" stroke="1" se_onset_height="6" se_onset_width="1" se_onset_radial="1" se_offset_height="1" se_offset_width="1" se_offset_radial="2" hold="10" agent_match_loc="false" agent_match_form="false">and I was so upset and I noticed that  it was almost past my curfew and I had to get home. Um I didn't look both ways and another car was coming and it actually hit me <gesture type="iconic" handedness="left" prep=".81" stroke="2" se_onset_height="6" se_onset_width="1" se_onset_radial="1" se_offset_height="1" se_offset_width="1" se_offset_radial="2" retract="2" agent_match_loc="false" agent_match_form="false"> on the side of where my legs would be and it caused the car to s- it caused my car to spin out <gesture type="iconic" handedness="right" prep=".52" stroke="4" se_onset_height="6" se_onset_width="1" se_onset_radial="1" se_offset_height="1" se_offset_width="1" se_offset_radial="2" retract=".51" agent_match_loc="true" agent_match_form="false"> and then like um the car started becoming smoky and uh it was all bent up and then adrenaline kicked into me. So I crawled over to where the passenger side was and I crawled out <gesture type="iconic" handedness="both" stroke="2" se_onset_height="6" se_onset_width="1" se_onset_radial="1" se_offset_height="1" se_offset_width="1" se_offset_radial="2" hold="1" agent_match_loc="false" agent_match_form="false">. I rushed over to the hospital and uh I ended up having 3 broken ribs and a bruised lung and they told me if I had not uh got out of the car when I did I could have been dead. The end
</part>
</story>
</participant>
