 <?xml version="1.0" encoding="UTF-8"?>

<participant id="100">

<personality ex="7" op="4" ag="2.5" ems="7" co="7">
</personality>

<story id="0" order="0" version="0">
<part number="1" agentexlvl="1">
when I was like seventeen I like got in this like fight with my seventeen year old boyfriend. and it was like a lot of screaming
</part>

<part number="2" agentexlvl="2">
and like I was like a really good driver and I left and I'm stuff because I was like crying, and I don't know why this happened to me 'cause like 
</part>

<part number="3" agentexlvl="3">
so like I was like crying a-and like I like, wanted to turn 'casue I was in front of my house right, and like, I don't even know why I thought this so I didn't look twice my dad is a stickler for curfews and like and stuff and like I turned a:nd o-uh someone rammed my car where my legs would have been
</part>

<part number="4" agentexlvl="4">
and like my car like started spinning and like there was a lot of smoke and like I don't know what happened it was adrenaline or like whatever and so like I crawled out my passenger like door
</part>

<part number="5" agentexlvl="5">
I had three broken ribs and a bruised lung but they told me that I would have died if I left a mi-moment sooner because the impact of the car would have been on my body 
</part>

<part number="full" agentexlvl="5">
I was at my boyfriend's hou:se and we got in a fi:ght so I left early and I crying and it was almost time for curfe:w and so when I was driving back to turn on in front of my house there was a car that came a:nd, crashed into me and I was, u:h spinning and then I crawled out of the passenger's seat and only had two broken ribs and a bruised lung but I would have died if I left a moment sooner
</part>
</story>

<story id="1" order="1" version="1">
<part number="1" agentexlvl="5">
so I like went to like and ED like C concert where like it as a muda-music festival and like. I bought shuttle tickets so I wouldn't have to drive 
</part>

<part number="2" agentexlvl="4">
yeah so like I mean like he was driving and it was a super windy road and like he was driving like really fast and like. u:h-almost uh-and he should not have been driving fast 'cause it was a really rind-windy road 
</part>

<part number="3" agentexlvl="3">
that barely made sense, but let's see so: he was driving so fast on a sharp turn that the bus almost tipped but then it didn't and then, she came to <gesture type="metaphoric" handedness="both" prep=".55" stroke=".42" se_onset_height="5" se_onset_width="3" se_onset_radial="4" se_offset_height="4" se_offset_width="4" se_offset_radial="3" hold=".87" retract="1.2" agent_match_loc="0" agent_match_form="0"> some conclusion </gesture> that I'm not aware of
</part>

<part number="4" agentexlvl="2">
so one of the girls flew out her seat and it was really scary because that could have been me: and, I:-u:h-m happy that it wasn't 
</part>

<part number="5" agentexlvl="1">
so like everyone was like super happy-
</part>

<part number="full" agentexlvl="1">
so: I wa:s going to an EDC concert and the driver took a sharp left or right and then the bus like <gesture type="metaphoric" handedness="left" prep=".58" stroke=".2" se_onset_height="4" se_onset_width="4" se_onset_radial="3" se_offset_height="1" se_offset_width="3" se_offset_radial="1" hold="" retract=".2" agent_match_loc="0" agent_match_form="0"> tipped over a little bit </gesture> and then <gesture type="metaphoric" handedness="both" prep=".49" stroke=".5" se_onset_height="1" se_onset_width="2" se_onset_radial="2" se_offset_height="2" se_offset_width="3" se_offset_radial="3" hold=".28" retract=".35" agent_match_loc="0" agent_match_form="0"> leveled back </gesture> and girl <gesture type="metaphoric" handedness="right" prep="" stroke=".56" se_onset_height="3" se_onset_width="5" se_onset_radial="3" se_offset_height="2" se_offset_width="5" se_offset_radial="4" hold="" retract=".2" agent_match_loc="0" agent_match_form="0"> flew out </gesture> of her seat and it could have been me but <gesture type="beat" handedness="both" prep=".25" stroke=".29" se_onset_height="1" se_onset_width="3" se_onset_radial="1" se_offset_height="2" se_offset_width="4" se_offset_radial="3" hold="" retract=".22" agent_match_loc="0" agent_match_form="0"> we were all happy </gesture> we didn't die because uh that would have been super bad 'cause we were going to a giant big concert
</part>
</story>
</participant>

