<?xml version="1.0" encoding="UTF-8"?>

<participant id="101">
<personality ex="2" op="3" ag="4" ne="3" co="5">
</personality>

<story id="1" order="0" version="1">

<part number="1" agentexlvl="5">
u:m over the summer you went to an EDC concert which is basically like a music festival, and you decided to take a shuttle bus just because you didn't want to drive there. and shuttle buses are like giant buses
</part>

<part number="2" agentexlvl="4">
you were driving to the concert you were driving on like these very narrow. roads with buses and there was this guy who was driving really fast and you were like why is that guy driving really fast 'cause he shouldn't be driving so fast 'cause the roads are narrow, ya know
</part>

<part number="3" agentexlvl="3">
and then like a sharp turn came. a:nd like the guy was driving really fast and like the bus almost flipped over but it didn't because it just went on two wheels, and like, the driver turned and wheels right and so the bus when back on all four wheels and it even out ya know like totes
</part>

<part number="4" agentexlvl="2">
and like the girl in front of me like sort of like, jumped in the air and like it could have really been dangerous if the bus driver didn't level off the bus ya know. but it was really scary but we would have been dead if it flipped over and you're here now  
</part>

<part number="5" agentexlvl="1">
and like its great that the bus didn't flip over, and like everyone was really happy afterwards because like, we're going to a music concert 
</part>

<part number="full" agentexlvl="1">
like so I bought tickets to g- to go a- EDC concert which is like a music festival 'cause like I didn't want to drive. um and the way to the ED-EDC concert, the bus I was driving like really fast on a really narrow road and you were like why is this bus driver driving really fast, like he shouldn't be 'cause the road is really narrow. and, at some point there was a sharp turn and. the bus almost flipped over but it didn't really flip over because what happened was, it sort of like tipped over onto two wheels but not completely because the bus driver luckily was able to turn the r-wheels right and leveled the bus so it was on all four wheels, it was really scary because we s- because we saw a girl in front of us sort of fly up and it was really scary but we were all really happy afterwards it was all done because we were going to an EDC concert [woo]
</part>
</story>

<story id="0" order="1" version="0">
<part number="1" agentexlvl="1">
u:m this one time you got in a fight with your boyfriend and you guys got in a really big fight, like you guys were screaming at each other and stuff 
</part>

<part number="2" agentexlvl="2">
since you drove over to his house you were like I'm just gonna leave. and you are like a really good driver so you don't know why this situation happened to you
</part>

<part number="3" agentexlvl="3">
and so like this street right before where you live. that's where you were that's where this event happened and like you were nervous because your dad is a real stickler for curfew you were timing hitting that time for curfew, so when the light turned green you sort of floored it without even looking on both sides, and then when you least expect it a car rams into your car in your door like where your feet would be you know
</part>

<part number="4" agentexlvl="4">
and like. you started to get real scared because the car started spinning and was getting really smokey, and you thought it was gonna explode ya kno:w. but it didn't
</part>

<part number="5" agentexlvl="5">
and so like you went to the hospital and like, they told you how lucky you were 'cause you had only a few broken ribs and [intranscribable] lungs and they told you that if you had gone even a second sooner then the impact would have been closer to your body and then you could have like died 
</part>

<part number="full" agentexlvl="5">
okay so like a Saturday morning or a Sa-Saturday afternoon not a morning uh-I decided to got to my boyfriend's house and I drove over there and like we got into a really big fight and started yelling and stuff and since I drove over there I was like I'm just gonna leave, and I'm really good driver so I don't know why I almost crashed but I did, so I left and like I was driving to my house and when I almost up to my house I-on the street right before I hit a red light so I was waiting there. and when the light turned green I didn't even look at both sides because I was really nervous 'cause my dad he's a stickler for curfew and I was hitting that time for curfew and I wanna get it so: you know I was really fast [? car ??????] because my fight with my boyfriend. and I floored it and a car hit me and it impacted me where my leg area would be in the car on the door, and the car started spinning around out of control and it got really smokey and I was really afraid 'cause I thought it was gonna explode and I think it was all just adrenaline just rushing through in there, and. I was really nervous a:nd I'm trying to get out of the car. but when they took me to the hospital the doctors told me how lucky I was because if I would have gone a little bit sooner, then the car would've impacted the door near where my body area would be instead of where my legs would be, and I got off with just a few broken, ribs instead of I think my life there yeah that's the story
</part>
</story>
</participant>
