 <?xml version="1.0" encoding="UTF-8"?>

<participant id="102">
<personality ex="2.5" op="5" ag="4" ne="3.5" co="4">
</personality>

<story id="0" order="0" version="1">

<part number="1" agentexlvl="5">
i was seventeen and it was like a sunday and i got into a big fight with my boyfriend and it was, <gesture type="metaphoric" handedness="both" prep=".54" stroke="2" se_onset_height="2" se_onset_width="2" se_onset_radial="1" se_offset_height="1" se_offset_width="2" se_offset_radial="1" retract="1" agent_match_loc="false" agent_match_form="false"> like something </gesture> 
</part>

<part number="2" agentexlvl="4">
so i got to his house and i was crying and i was like crying <gesture type="iconic" handedness="left" prep=".56" stroke="1" se_onset_height="2" se_onset_width="2" se_onset_radial="1" se_offset_height="2" se_offset_width="3" se_offset_radial="1" retract="1" agent_match_loc="false" agent_match_form="false"> and then, </gesture> I: drove back and I'm a really good driver so I don't know why that happened to me
</part>

<part number="3" agentexlvl="3">
so i was driving to my house and i was late for curfew because my dad said it was curfew and i was- and there was a green light so i went. like
</part>

<part number="4" agentexlvl="2">
so it was smokey a:nd, u:h you couldn't, se:e whether the car was blowing up and I guess it was <gesture type="metaphoric" handedness="both" prep=".5" stroke="1.45" se_onset_height="4" se_onset_width="3" se_onset_radial="2" se_offset_height="3" se_offset_width="2" se_offset_radial="1" retract=".88" agent_match_loc="false" agent_match_form="false"> adrenaline </gesture> and I got out [(   )] 
</part>

<part number="5" agentexlvl="1">
so when i got to the hospital i got, three bruises or something-and they said that it would, it would have been worse if I hadn't gotten out when I got out. a:nd that's your story
</part>

<part number="full" agentexlvl="1">
so i got in a fight with my boyfriend, and i was really-really upset but and like i drove off and I'm a really good driver, and I was gonna miss curfew that my dad set up, so then, I: went on a green light and got in an accident and the car started smoking up and then I got- went to the hospital I got out and they said it was adrenaline and then they got [( )] said I got three bruises, and they said it would have been worse if I didn't get out when I did and thats it
</part>
</story>

<story id="1" order="1" version="0">
<part number="1" agentexlvl="1">
I went to, a music festival [( )] and I bought shuttle tickets so when- my tour bus would  take me instead of walking 
</part>

<part number="2" agentexlvl="2">
so the driver was driving and it was a really narrow ro:ad and he was driving really fast and I don't know why he was driving really fast because the road was very windy so he shouldn't have driven fast 
</part>

<part number="3" agentexlvl="3">
so we was driving really fast and he <gesture type="metaphoric" handedness="right" prep="1" stroke="1.57" se_onset_height="2" se_onset_width="3" se_onset_radial="1" se_offset_height="2" se_offset_width="1" se_offset_radial="1" retract="1" agent_match_loc="false" agent_match_form="false"> turned </gesture> and it went on its two wheels on the side and then, he turned right so it went back and i- and it felt like it even out
</part>

<part number="4" agentexlvl="4">
so one of the gi:rls, fell out of her seat and it was really scary, but he evened it out but it, like flipped over. [( )]
</part>

<part number="5" agentexlvl="5">
but in the end everyones happy that we didn't die because we're gonna see a super 
<gesture type="metaphoric" handedness="both" prep=".50" stroke="1.5" se_onset_height="4" se_onset_width="3" se_onset_radial="3" se_offset_height="4" se_offset_width="2" se_offset_radial="1" retract="1" agent_match_loc="false" agent_match_form="false"> huge </gesture> concert and thats the end
</part>

<part number="full" agentexlvl="5">
this summer i went to a music festival and, i bought shuttle tickets so i wouldn't have to walk and i took the tour buses, and the driver was driving really fast and, the roads were very narrow and so I don't know why he was driving fast and they were also windy- <gesture type="metaphoric" handedness="both" prep="1" stroke="2" se_onset_height="2" se_onset_width="2" se_onset_radial="2" se_offset_height="1" se_offset_width="1" se_offset_radial="1" retract=".50" agent_match_loc="false" agent_match_form="false"> windy </gesture> and then he was going too fast so it tipped over on its side, wheels and then he had to turn the wheels to the <gesture type="metaphoric" handedness="both" prep=".25" stroke="2" se_onset_height="2" se_onset_width="1" se_onset_radial="1" se_offset_height="2" se_offset_width="1" se_offset_radial="1" retract="1" agent_match_loc="false" agent_match_form="false"> right </gesture> so it could be evened out and when w- a girl in front fell out of her <gesture type="metaphoric" handedness="right" prep=".45" stroke="2" se_onset_height="2" se_onset_width="2" se_onset_radial="3" se_offset_height="2" se_offset_width="2" se_offset_radial="1" retract="1" agent_match_loc="false" agent_match_form="false"> seat </gesture> and it was very scary bu:t we made it to the festival and everyone's happy that we didn't die because it was a huge festival, music festival
</part>
</story>
</participant>
