 <?xml version="1.0" encoding="UTF-8"?>

<participant id="103">

<personality ex="2.5" op="5" ag="5" ems="4" co="6">
</personality>

<story id="0" order="0" version="0">
<part number="1" agentexlvl="1">
when you were seventeen, you went over to your boyfriend's house and you got into a big fight [( )]
</part>

<part number="2" agentexlvl="2">
you were driving there and you are a good- you're a really good driver and you don't understand why this happened to you. and you were crying
</part>

<part number="3" agentexlvl="3">
you were at a green light and you wanted to be home, for curfew, and all of a sudden a car came and rammed into you
</part>

<part number="4" agentexlvl="4">
your car spun out and there was an adrenaline rush, it was hard for you to get out, the door was jammed 
</part>

<part number="5" agentexlvl="5">
when you were at the hospital you had broken bones and they told you that if you hadn't stepped on it when the light turned green the impact would have been worse
</part>

<part number="full" agentexlvl="5">
you were at your boy-s-friend's house fighting like always and uh when you were about to go home, you had to be home before curfew and you don't know why this happened, but when the light turned green [(  )] and I had no idea what was going on [(  )] and when you tried to jump out- to get out of the car you couldn't but then when you ended up at the hospital they told you that you had broken bones and that if you hadn't stepped on the, pedal, as the light turned green the impact would have been way worse 
</part>
</story>

<story id="1" order="1" version="1">
<part number="1" agentexlvl="5">
you went to a music festival called EDC, and you were going on a shuttle bus 
</part>

<part number="2" agentexlvl="4">
the guy driving the bus was driving, really fast and he shouldn't be driving 'cause the roads are narrow, and there was a big bend coming  
</part>

<part number="3" agentexlvl="3">
there was a sharp right turn coming, and the: driver, all of a sudden made a right, causing the wheels on the bus [(  )] but then once the driver turned back the wheel the bus was flipped over was evened out
</part>

<part number="4" agentexlvl="2">
one of the girls, almost flipped-fell off her seat, it should have been worse if the driver hadn't evened the bus out 
</part>

<part number="5" agentexlvl="1">
but then [(  )]
</part>

<part number="full" agentexlvl="1">
I bought tickets to go to EDC, a big music festival and we were going to go there on bus shuttle, and while we were going the bus driver was driving really fast on a narrow road, and then a right turn came and when he made a right turn the wheels on the bus [(   )] but then he was able to even out, [(  )] was good because there was a girl who almost fell off, and that could have been worse if the driver wasn't able to [(  )] but at the end of the day everyone was happy 'cause we were going to EDC festival 
</part>
</story>
</participant>