 <?xml version="1.0" encoding="UTF-8"?>

<participant id="104">
<personality ex="5" op="6.5" ag="5.5" ems="4.5" co="6">
</personality>


<story id="1" order="0" version="1">

<part number="1" agentexlvl="5">
[(recording error)]
</part>

<part number="2" agentexlvl="4">
[(recording error)] super <gesture type="metaphoric" handedness="both" prep=".61" stroke=".4" se_onset_height="3" se_onset_width="1" se_onset_radial="3" se_offset_height="4" se_offset_width="2" se_offset_radial="2" hold="1.22" agent_match_loc="false" agent_match_form="false"> narrow </gesture> road for how huge the <gesture type="metaphoric" handedness="both" stroke=".68" se_onset_height="4" se_onset_width="2" se_onset_radial="2" se_offset_height="1" se_offset_width="2" se_offset_radial="3" hold=".87" retract=".99" agent_match_loc="false" agent_match_form="false"> busses are </gesture> this guy was driving super crazy <gesture type="metaphoric" handedness="both" prep=".37" stroke="1.04" se_onset_height="1" se_onset_width="2" se_onset_radial="3" se_offset_height="1" se_offset_width="1" se_offset_radial="3" hold="" retract="" agent_match_loc="false" agent_match_form="false"> </gesture> narrow street 
</part>

<part number="3" agentexlvl="3">
so the bus had a- a <gesture type="metaphoric" handedness="left" prep=".56" stroke=".73" se_onset_height="5" se_onset_width="2" se_onset_radial="1" se_offset_height="5" se_offset_width="2" se_offset_radial="1" hold=".7" agent_match_loc="false" agent_match_form="false"> sharp </gesture> right turn and the bus went up on its <gesture type="metaphoric" handedness="both" stroke="1.61" se_onset_height="5" se_onset_width="2" se_onset_radial="1" se_offset_height="4" se_offset_width="2" se_offset_radial="4" agent_match_loc="false" agent_match_form="false"> two right wheels </gesture> a <gesture type="metaphoric" handedness="both" stroke=".91" se_onset_height="4" se_onset_width="2" se_onset_radial="4" se_offset_height="4" se_offset_width="2" se_offset_radial="3" hold="1.53" agent_match_loc="false" agent_match_form="false"> little bit </gesture> and but-the the guy took a-er <gesture type="metaphoric" handedness="both" stroke="1.16" se_onset_height="4" se_onset_width="2" se_onset_radial="3" se_offset_height="3" se_offset_width="2" se_offset_radial="3" hold=".535" agent_match_loc="true" agent_match_form="false"> turned </gesture> the <gesture type="metaphoric" handedness="both" stroke=".55" se_onset_height="3" se_onset_width="2" se_onset_radial="3" se_offset_height="4" se_offset_width="2" se_offset_radial="3" hold=".59" agent_match_loc="false" agent_match_form="false"> wheel </gesture> left so it'd <gesture type="metaphoric" handedness="both" stroke=".47" se_onset_height="4" se_onset_width="2" se_onset_radial="3" se_offset_height="1" se_offset_width="1" se_offset_radial="3" hold=".5" retract=".77" agent_match_loc="false" agent_match_form="false"> go back </gesture> on its own two wheels and be normal
</part>

<part number="4" agentexlvl="2">
so: [(   )] okay um so u:m somebody flew out of their seat a:nd it was scary but it could have been dangerous for all of us 
</part>

<part number="5" agentexlvl="1">
so everybody was super happy because we didn't die to go to a concert and we didn't die before the concert 
</part>

<part number="full" agentexlvl="1">
okay so last summer I:, I wanted to go to this huge music festival called EDC its really cool but I didn't want to drive so I bought, shuttle tickets but on the shuttle, I was dr- I was riding the shuttle to the concert and the uh-I was kind of freaked out because the streets were super narrow and the guy was driving really crazy it was a <gesture type="metaphoric" handedness="both" prep=".83" stroke=".69" se_onset_height="1" se_onset_width="4" se_onset_radial="1" se_offset_height="4" se_offset_width="4" se_offset_radial="5" agent_match_loc="false" agent_match_form="false"> huge bus </gesture> on tiny little <gesture type="metaphoric" handedness="both" stroke=".67" se_onset_height="4" se_onset_width="4" se_onset_radial="5" se_offset_height="1" se_offset_width="1" se_offset_radial="3" hold="1.05" retract=".56" agent_match_loc="false" agent_match_form="false"> narrow </gesture> street, a:nd it was- it was freaked out, bu:t then the worst part was when he took the <gesture type="metaphoric" handedness="both" prep=".79" stroke=".65" se_onset_height="1" se_onset_width="1" se_onset_radial="3" se_offset_height="4" se_offset_width="2" se_offset_radial="3" hold=".86" agent_match_loc="false" agent_match_form="false"> sharp </gesture> uh-right <gesture type="beat" handedness="both" stroke=".84" se_onset_height="4" se_onset_width="2" se_onset_radial="3" se_offset_height="4" se_offset_width="2" se_offset_radial="3" agent_match_loc="true" agent_match_form="false"> turn </gesture> the <gesture type="metaphoric" handedness="both" stroke="1.0" se_onset_height="4" se_onset_width="2" se_onset_radial="3" se_offset_height="4" se_offset_width="2" se_offset_radial="3" hold="1.86" agent_match_loc="false" agent_match_form="false"> bus </gesture> went up on its two wheels a little bit and then <gesture type="metaphoric" handedness="both" stroke=".76" se_onset_height="4" se_onset_width="2" se_onset_radial="3" se_offset_height="5" se_offset_width="4" se_offset_radial="5" agent_match_loc="false" agent_match_form="false"> it-  </gesture> <gesture type="metaphoric" handedness="both" stroke="1.69" se_onset_height="5" se_onset_width="4" se_onset_radial="5" se_offset_height="4" se_offset_width="2" se_offset_radial="3" agent_match_loc="false" agent_match_form="false"> and then </gesture> he- but he moved the <gesture type="metaphoric" handedness="both" stroke="1.05" se_onset_height="4" se_onset_width="2" se_onset_radial="3" se_offset_height="4" se_offset_width="2" se_offset_radial="3" hold=".62" agent_match_loc="false" agent_match_form="false"> wheel back </gesture>  to put the <gesture type="metaphoric" handedness="both" stroke=".73" se_onset_height="4" se_onset_width="2" se_onset_radial="3" se_offset_height="4" se_offset_width="2" se_offset_radial="3" hold="1.85" agent_match_loc="false" agent_match_form="false"> wheels </gesture> [(   )] back on the ground but this <gesture type="metaphoric" handedness="both" stroke="1.31" se_onset_height="4" se_onset_width="2" se_onset_radial="3" se_offset_height="4" se_offset_width="2" se_offset_radial="3" hold="1.14" agent_match_loc="true" agent_match_form="true"> chick flew out </gesture> of her seat and everybody was <gesture type="metaphoric" handedness="both" stroke=".89" se_onset_height="4" se_onset_width="2" se_onset_radial="3" se_offset_height="1" se_offset_width="2" se_offset_radial="3" retract=".67" agent_match_loc="false" agent_match_form="false"> oh no </gesture> but she's okay but [(   )] <gesture type="metaphoric" handedness="both" stroke=".58" se_onset_height="5" se_onset_width="1" se_onset_radial="1" se_offset_height="1" se_offset_width="2" se_offset_radial="3" retract=".51" agent_match_loc="true" agent_match_form="true"> happy </gesture> we didn't die because  
</part>
</story>

<story id="0" order="1" version="0">
<part number="1" agentexlvl="1">
so when you were seventeen on a sunday you were at your boyfriend's house and had an all-out screaming match with him
</part>

<part number="2" agentexlvl="2">
you had driven over to his house, a:nd w-since you were upset you said okay I'm just gonna leave, and you were crying and stuff and you are a really good driver so you don't know why this thing happened to you
</part>

<part number="3" agentexlvl="3">
oh you were in a rush because your dad-uh because you were gonna miss curfew and you didn't want to miss curfew because your dad was going to kill you, so: as soon as the light turned green you just floored it and you didn't have, I guess it wasn't green or something 'cause a car just <gesture type="metaphoric" handedness="right" prep=".62" stroke=".93" se_onset_height="3" se_onset_width="1" se_onset_radial="3" se_offset_height="2" se_offset_width="1" se_offset_radial="3" retract=".54" agent_match_loc="false"  agent_match_form="false"> smashed </gesture> right into your front passenger-er front door where your legs were 
</part>

<part number="4" agentexlvl="4">
so the car spun around a:nd it was really <gesture type="metaphoric" handedness="both" prep=".58" stroke=".67" se_onset_height="4" se_onset_width="1" se_onset_radial="1" se_offset_height="1" se_offset_width="2" se_offset_radial="3" retract=".48" agent_match_loc="true" agent_match_form="false"> smokey </gesture> and adrenaline kicked in so you you tried to get out of the <gesture type="metaphoric" handedness="both" prep=".46" stroke=".36" se_onset_height="1" se_onset_width="2" se_onset_radial="3" se_offset_height="3" se_offset_width="2" se_offset_radial="3" hold=".85" agent_match_loc="true" agent_match_form="true"> car </gesture> but you couldn't get out of your door because its <gesture type="metaphoric" handedness="both" stroke=".765" se_onset_height="3" se_onset_width="2" se_onset_radial="3" se_offset_height="3" se_offset_width="2" se_offset_radial="3" agent_match_loc="false"  agent_match_form="false"> smushed </gesture> so you got out through-after <gesture type="metaphoric" handedness="both" stroke=".66" se_onset_height="3" se_onset_width="2" se_onset_radial="3" se_offset_height="3" se_offset_width="2" se_offset_radial="3" agent_match_loc="false" agent_match_form="false"> > crawled </gesture> out the <gesture type="metaphoric" handedness="right" stroke=".81" se_onset_height="4" se_onset_width="2" se_onset_radial="1" se_offset_height="4" se_offset_width="2" se_offset_radial="3" hold=".58" agent_match_loc="false" agent_match_form="false"> passenger </gesture> <gesture type="metaphoric" handedness="both" stroke=".89" se_onset_height="4" se_onset_width="2" se_onset_radial="3" se_offset_height="4" se_offset_width="1" se_offset_radial="1" retract="1.19" agent_match_loc="false" agent_match_form="false"> side </gesture>
</part>

<part number="5" agentexlvl="5">
so: when you got to the hospital you had three broken ribs and a bruised lung bu:t they said that it was good that you took off when you did because otherwise you would have died
</part>

<part number="full" agentexlvl="5">
okay so when I was seventeen years old I went over to my boyfriend's house on a <gesture type="metaphoric" handedness="left" prep=".33" stroke=".44" se_onset_height="3" se_onset_width="1" se_onset_radial="3" se_offset_height="3" se_offset_width="1" se_offset_radial="3" hold=".58" retract=".54" agent_match_loc="false" agent_match_form="false"> sunday </gesture> and had a full blow screaming match with him and I was really upset and I was crying and uh you know since I had driven there I was all just <gesture type="metaphoric" handedness="both" prep="1.13" stroke=".54" se_onset_height="1" se_onset_width="1" se_onset_radial="3" se_offset_height="1" se_offset_width="2" se_offset_radial="4" retract=".84" agent_match_loc="true" agent_match_form="true"> leave </gesture> get out of here a:nd- but I'm usually a really <gesture type="metaphoric" handedness="both" prep=".71" stroke=".51" se_onset_height="1" se_onset_width="2" se_onset_radial="3" se_offset_height="4" se_offset_width="2" se_offset_radial="2" hold="3.58" agent_match_loc="false" agent_match_form="false"> good driver </gesture> so I don't know what happened to me so I was rushing to get home because my <gesture type="metaphoric" handedness="both" stroke="1.045" se_onset_height="4" se_onset_width="2" se_onset_radial="2" se_offset_height="3" se_offset_width="2" se_offset_radial="1" hold="3.41" agent_match_loc="true" agent_match_form="false"> dad </gesture> would be pissed if I missed curfew so I:-I thought <gesture type="metaphoric" handedness="both" stroke="1.45" se_onset_height="3" se_onset_width="2" se_onset_radial="1" se_offset_height="3" se_offset_width="2" se_offset_radial="3" hold="1.48" agent_match_loc="false" agent_match_form="false"> I saw </gesture> the light and I-I just <gesture type="metaphoric" handedness="both" stroke=".54" se_onset_height="3" se_onset_width="2" se_onset_radial="3" se_offset_height="2" se_offset_width="3" se_offset_radial="4" hold=".43" agent_match_loc="true" agent_match_form="false"> as soon </gesture> as I saw it <gesture type="beat" handedness="both" stroke=".505" se_onset_height="2" se_onset_width="3" se_onset_radial="4" se_offset_height="1" se_offset_width="3" se_offset_radial="4" hold=".39" retract=".58" agent_match_loc="false" agent_match_form="false"> turn green </gesture> I just floored it a:nd this car comes flying out of nowhere <gesture type="beat" handedness="both" stroke=".48" se_onset_height="1" se_onset_width="3" se_onset_radial="4" se_offset_height="1" se_offset_width="2" se_offset_radial="3" retract=".39" agent_match_loc="false" agent_match_form="false"> and </gesture> <gesture type="metaphoric" handedness="right" prep="1.13" stroke="1.08" se_onset_height="1" se_onset_width="2" se_onset_radial="3" se_offset_height="4" se_offset_width="2" se_offset_radial="3" agent_match_loc="false" agent_match_form="false"> hits me </gesture> right in- <gesture type="metaphoric" handedness="right" stroke=".53" se_onset_height="4" se_onset_width="2" se_onset_radial="3" se_offset_height="4" se_offset_width="2" se_offset_radial="3" hold=".86" agent_match_loc="false" agent_match_form="false"> right in </gesture> my door where <gesture type="metaphoric" handedness="both" stroke=".605" se_onset_height="4" se_onset_width="2" se_onset_radial="3" se_offset_height="3" se_offset_width="3" se_offset_radial="4" hold="2.59" agent_match_loc="false" agent_match_form="false"> my legs </gesture> were and I was spinning, <gesture type="metaphoric" handedness="both" stroke="1.26" se_onset_height="3" se_onset_width="3" se_onset_radial="4" se_offset_height="4" se_offset_width="2" se_offset_radial="3"  agent_match_loc="true" agent_match_form="false"> spun around </gesture> it was <gesture type="metaphoric" handedness="both" stroke="1.4" se_onset_height="4" se_onset_width="2" se_onset_radial="3" se_offset_height="4" se_offset_width="3" se_offset_radial="4" hold="1.06" agent_match_loc="true" agent_match_form="true"> super smokey </gesture> you know I thought the car was gonna <gesture type="metaphoric" handedness="both" stroke=".685" se_onset_height="4" se_onset_width="3" se_onset_radial="4" se_offset_height="1" se_offset_width="2" se_offset_radial="4" hold=".8" retract=".33" agent_match_loc="false" agent_match_form="false"> blow up, </gesture> a:nd I freaking out- adrenaline kicks in so I was <gesture type="beat" handedness="both" prep=".38" stroke=".45" se_onset_height="1" se_onset_width="2" se_onset_radial="3" se_offset_height="4" se_offset_width="2" se_offset_radial="3" hold=".72" agent_match_loc="false" agent_match_form="false"> trying </gesture> to get out of the car <gesture type="metaphoric" handedness="both" stroke=".88" se_onset_height="4" se_onset_width="2" se_onset_radial="3" se_offset_height="4" se_offset_width="3" se_offset_radial="4" agent_match_loc="true"  agent_match_form="true"> so I </gesture> didn't <gesture type="metaphoric" handedness="both" stroke=".9" se_onset_height="4" se_onset_width="3" se_onset_radial="4" se_offset_height="4" se_offset_width="3" se_offset_radial="4" hold=".48" agent_match_loc="false" agent_match_form="false"> blow up </gesture> and I couldn't get out of <gesture type="metaphoric" handedness="both" stroke=".61" se_onset_height="4" se_onset_width="3" se_onset_radial="4" se_offset_height="3" se_offset_width="3" se_offset_radial="4" hold="2.29" agent_match_loc="false" agent_match_form="false"> my side </gesture> because the door was screwed up so I got out the <gesture type="metaphoric" handedness="right" stroke=".65" se_onset_height="3" se_onset_width="2" se_onset_radial="1" se_offset_height="4" se_offset_width="3" se_offset_radial="4" hold="5.1" agent_match_loc="false" agent_match_form="false"> passenger </gesture> side and when I get to the hospital, u:m <gesture type="metaphoric" handedness="both" stroke=".605" se_onset_height="4" se_onset_width="3" se_onset_radial="4" se_offset_height="4" se_offset_width="2" se_offset_radial="2" hold="1.23" agent_match_loc="false" agent_match_form="false"> they told me </gesture> I had three broken ribs a <gesture type="iconic" handedness="both" stroke=".63" se_onset_height="4" se_onset_width="2" se_onset_radial="2" se_offset_height="4" se_offset_width="2" se_offset_radial="2" agent_match_loc="false" agent_match_form="false"> bruised </gesture> <gesture type="iconic" handedness="both" stroke=".84" se_onset_height="4" se_onset_width="2" se_onset_radial="2" se_offset_height="1" se_offset_width="2" se_offset_radial="4" hold="1.25" retract=".66" agent_match_loc="false" agent_match_form="false"> lung </gesture> which sucks [( )] um they told me that if I had taken off any sooner that I <gesture type="metaphoric" handedness="both" prep="2.3" stroke=".86" se_onset_height="1" se_onset_width="2" se_onset_radial="3" se_offset_height="2" se_offset_width="3" se_offset_radial="4" agent_match_loc="false" agent_match_form="false"> would have died, </gesture> <gesture type="metaphoric" handedness="both" stroke=".55" se_onset_height="2" se_onset_width="2" se_onset_radial="4" se_offset_height="3" se_offset_width="3" se_offset_radial="4" hold=".74" agent_match_loc="true" agent_match_form="false"> because </gesture> it would have just <gesture type="metaphoric" handedness="both" stroke=".94" se_onset_height="3" se_onset_width="3" se_onset_radial="4" se_offset_height="2" se_offset_width="2" se_offset_radial="3" hold=".92" agent_match_loc="false" agent_match_form="false"> went straight </gesture> into the door where I-like <gesture type="metaphoric" handedness="both" stroke="1.42" se_onset_height="2" se_onset_width="2" se_onset_radial="3" se_offset_height="4" se_offset_width="1" se_offset_radial="1" hold=".76" retract=".98" agent_match_loc="false" agent_match_form="false"> I was </gesture> so you know I would have died
</part>
</story>
</participant>