 <?xml version="1.0" encoding="UTF-8"?>

<participant id="105">

<personality ex="2" op="6" ag="6.5" ems="4" co="5">
</personality>

<story id="0" order="0" version="1">
<part number="1" agentexlvl="5">
when seventeen you moved your boyfriend's house where you got into a big fight 
</part>

<part number="2" agentexlvl="4">

you were driving and you started crying and u:h, oh excuse me you were crying and you were about to leave the house, drive back
</part>

<part number="3" agentexlvl="3">
you were a block away from your house and you were scared you're missing curfew so when the light turned green you just went into the intersection you got hit
</part>

<part number="4" agentexlvl="2">
immediately after, um you were filled with adrenaline and then since your car door was- your- the driver side was so: banged up you: tried to exit the ca:r and did through the passenger side 
</part>

<part number="5" agentexlvl="1">
upon reaching the hospital you discovered you had u:m three broken ribs and. u:h, punctured lung but if you had left a little bit earlier or a little bit later you-you would have been dead because of the impact of the car    
</part>

<part number="full" agentexlvl="1">
you went to your boyfriend's house um and you drove there and upon reaching there you got in to a big fight and you got emotional and you got <gesture type="metaphoric" handedness="both" prep=".33" stroke="1.17" se_onset_height="3" se_onset_width="2" se_onset_radial="1" se_offset_height="3" se_offset_width="1" se_offset_radial="1" retract=".88" agent_match_loc="false" agent_match_form="false"> teary eyed </gesture> and uh since you drove there you had to drive back upon driving back you <gesture type="beat" handedness="both" stroke=".83" se_onset_height="3" se_onset_width="2" se_onset_radial="1" se_offset_height="3" se_offset_width="2" se_offset_radial="1" agent_match_loc="false" agent_match_form="false"> realized </gesture> you might miss curfew so you were under time pressure and then when that happened, um the light turned green and you didn't double check both sides you just <gesture type="metaphoric"  handedness="both" prep=".34" stroke=".48" se_onset_height="3" se_onset_width="2" se_onset_radial="1" se_offset_height="3" se_offset_width="2" se_offset_radial="1" agent_match_loc="false" agent_match_form="false"> went </gesture> <gesture type="metaphoric" handedness="both" stroke=".88" se_onset_height="3" se_onset_width="2" se_onset_radial="1" se_offset_height="3" se_offset_width="2" se_offset_radial="1" retract=".45" agent_match_loc="false" agent_match_form="false"> and another </gesture> car hit you <gesture type="beat" handedness="both" stroke=".63" se_onset_height="3" se_onset_width="2" se_onset_radial="1" se_offset_height="3" se_offset_width="2" se_offset_radial="1" retract=".36" agent_match_loc="false" agent_match_form="false"> and hit </gesture> you in such a way that you could only get out through the passenger side and you were injured and you didn't know how badly uh you were pump-pumping adrenaline and when you reached the hospital you found out that you had <gesture type="iconic" handedness="right" stroke=".64" se_onset_height="3" se_onset_width="2" se_onset_radial="1" se_offset_height="3" se_offset_width="1" se_offset_radial="1" agent_match_loc="false" agent_match_form="false"> three broken </gesture> ribs and a punctured lung <gesture type="beat" handedness="both" stroke=".76" se_onset_height="3" se_onset_width="1" se_onset_radial="1" se_offset_height="3" se_offset_width="2" se_offset_radial="1" retract=".37" agent_match_loc="false" agent_match_form="false"> but </gesture> you-e you had s-u:m survived the accident which you wouldn't have if you <gesture type="metaphoric" handedness="both" stroke=".77" se_onset_height="3" se_onset_width="2" se_onset_radial="1" se_offset_height="3" se_offset_width="2" se_offset_radial="1" retract=".49" agent_match_loc="true" agent_match_form="false"> had left </gesture> a moment earlier
</part>
</story>

<story id="1" order="1" version="0">
<part number="1" agentexlvl="1">
you went to EDC and bought shuttle tickets so you wouldn't have to drive, to and coming back 
</part>

<part number="2" agentexlvl="2">
the bus driver was driving on a narrow and a windy <gesture type="metaphoric" handedness="both" prep=".98" stroke=".82" se_onset_height="1" se_onset_width="1" se_onset_radial="1" se_offset_height="1" se_offset_width="1" se_offset_radial="1" hold="5.38" retract="1.27" agent_match_loc="false" agent_match_form="false"> woad-road </gesture> that was probably not meant for buses as ours and he was driving faster than max speed
</part>

<part number="3" agentexlvl="3">
he was driving so fast that the <gesture type="metaphoric" handedness="left" prep=".69" stroke="1.25" se_onset_height="3" se_onset_width="1" se_onset_radial="1" se_offset_height="3" se_offset_width="2" se_offset_radial="1" hold="1.3" agent_match_loc="false" agent_match_form="false"> bus tilted </gesture> on one side, but then he <gesture type="metaphoric" handedness="left" stroke="1.32" se_onset_height="3" se_onset_width="2" se_onset_radial="1" se_offset_height="3" se_offset_width="1" se_offset_radial="1" retract=".99" agent_match_loc="false" agent_match_form="false"> made it </gesture> return and went back to normal 
</part>

<part number="4" agentexlvl="4">
um when that had happened when the bus tipped some girl like flew out of her seat, and um had he not been able to <gesture type="metaphoric" handedness="left" prep=".55" stroke="1.49" se_onset_height="3" se_onset_width="1" se_onset_radial="1" se_offset_height="1" se_offset_width="2" se_offset_radial="3" retract="1.32" agent_match_loc="false" agent_match_form="false"> recover </gesture> she would landed and hurt herself pretty badly 
</part>

<part number="5" agentexlvl="5">
everybody on the bus is happy because they didn't die, and they ended up going to EDC 
</part>

<part number="full" agentexlvl="5">
I went to EDC this past summer, u:m and I wouldn't have to drive there and back so I bought a shuttle ticket and as I was driving-as the <gesture type="beat" handedness="left" prep=".49" stroke=".89" se_onset_height="3" se_onset_width="2" se_onset_radial="1" se_offset_height="2" se_offset_width="1" se_offset_radial="1" retract=".4" agent_match_loc="false" agent_match_form="false"> driver </gesture> was driving this bus, u:m he was driving on a really <gesture type="metaphoric" handedness="both" prep=".97" stroke="2.3" se_onset_height="1" se_onset_width="2" se_onset_radial="3" se_offset_height="3" se_offset_width="1" se_offset_radial="1" retract=".47" agent_match_loc="false" agent_match_form="false"> narrow road that had </gesture> a lot of like, turns, and um he was driving fast, so at <gesture type="metaphoric" handedness="both" prep=".6" stroke="1.29" se_onset_height="3" se_onset_width="1" se_onset_radial="1" se_offset_height="3" se_offset_width="2" se_offset_radial="1" hold=".7" agent_match_loc="false" agent_match_form="false"> one point the </gesture> bus tilted, <gesture type="metaphoric" handedness="both" stroke="1.38" se_onset_height="3" se_onset_width="2" se_onset_radial="1" se_offset_height="3" se_offset_width="2" se_offset_radial="1" hold="1.14" agent_match_loc="false" agent_match_form="false"> on one side </gesture> and uh <gesture type="metaphoric" handedness="both" stroke=".91" se_onset_height="3" se_onset_width="2" se_onset_radial="1" se_offset_height="3" se_offset_width="2" se_offset_radial="1" hold="1.43" retract=".35" agent_match_loc="false" agent_match_form="false"> bus driver </gesture> was able to recover but at the same time a <gesture type="metaphoric" handedness="right" prep=".46" stroke="1.135" se_onset_height="3" se_onset_width="2" se_onset_radial="1" se_offset_height="3" se_offset_width="2" se_offset_radial="1" retract=".42" agent_match_loc="false" agent_match_form="false"> girl in the front </gesture> fell out of her seat and if he <gesture type="beat" handedness="both" stroke=".8" se_onset_height="3" se_onset_width="2" se_onset_radial="1" se_offset_height="3" se_offset_width="2" se_offset_radial="1" retract=".33" agent_match_loc="false" agent_match_form="false"> wasn't </gesture> able to recover it would have ended up really bad for her, um but we ended up <gesture type="beat" handedness="both" stroke=".47" se_onset_height="3" se_onset_width="2" se_onset_radial="1" se_offset_height="3" se_offset_width="2" se_offset_radial="1" retract=".3" agent_match_loc="false" agent_match_form="false"> going </gesture> uh and we ended up celebrating at the end because we made it to <gesture type="beat" handedness="both" stroke=".475" se_onset_height="3" se_onset_width="2" se_onset_radial="1" se_offset_height="3" se_offset_width="2" se_offset_radial="1" retract=".4" agent_match_loc="false" agent_match_form="false"> EDC </gesture>
</part>
</story>
</participant>