 <?xml version="1.0" encoding="UTF-8"?>

<participant id="106">
<personality ex="4" op="7" ag="4.5" ems="6" co="6.5">
</personality>


</story>
<story id="1" order="0" version="0">
<part number="1" agentexlvl="1">
okay, during the su:mmer you got tickets to go a summer event. and u:m. you took the bus to get there 
</part>

<part number="2" agentexlvl="2">
the guy that took you to the carnival um the guy that was driving he was driving really fast, and you didn't know why he was driving too fast 
</part>

<part number="3" agentexlvl="3">
since the driver was driving too fast um kind of conflicted with the bus-with the bus that was supposed to: and you were scared
</part>

<part number="4" agentexlvl="4">
since the car was going too fast the girl that was sitting in front she: jumped and she basically flipped over. a:nd it was really scary for you because you were on the bus- on the car
</part>

<part number="5" agentexlvl="5">
and at the end everybody was happy that nothing bad happened, just happy that you guys got to go to the concert and everybody was happy 
</part>

<part number="full" agentexlvl="5">
last summer u:m. I had tickets to go to a concert, so then, the bus was wa-full so we have to get someone to drive us so this guy who was driving us to the concert but he was going too fast and um I guess he thought we were going to be late to the concert but. we told him we're going too fast the car kinda flipped over and we all got off but this girl she: jumped and almost flipped over really-it was a really scary experience. bu:t in the end we got to the concert and everybody was happy that nothing bad happened to us, even though it was a scary experience everybody was alive at the end, so we all got to: to [( )] at the concert 
</part>
</story>

<story id="0" order="1" version="1">
<part number="1" agentexlvl="5">
okay when you were seventeen. on a sunday you went to your boyfriend's house, and you guys <gesture type="metaphoric" handedness="left" prep=".44" stroke=".48" se_onset_height="4" se_onset_width="1" se_onset_radial="1" se_offset_height="4" se_offset_width="2" se_offset_radial="3" hold=".68" agent_match_loc="false" agent_match_form="false"> got in a </gesture> <gesture type="metaphoric" handedness="both" stroke=".88" se_onset_height="4" se_onset_width="2" se_onset_radial="3" se_offset_height="4" se_offset_width="1" se_offset_radial="1" retract="1.01" agent_match_loc="false" agent_match_form="false"> really big fight </gesture> a really big argument 
</part>

<part number="2" agentexlvl="4">
um after that yo:u decided to drive back, and u:h. you didn't know why that had happened to you because you have always been a good driver 
</part>

<part number="3" agentexlvl="3">
um as you were driving, you didn't notice that, you thought that the light was green but it wasn't green so. then you realized there was this car coming towards you and he hit you by your door
</part>

<part number="4" agentexlvl="2">
when the car hit you um the car was. was all over in smoke and you thought you were gonna explode or something so you were trying to get the car but you couldn't because your door was stuck, so what you did was decided to get out through the passenger seat 
</part>

<part number="5" agentexlvl="1">
when you got to the hospita:l. um you had three broken ribs and. they told you that if you were-had gotten to a doctor earlier you could have died _ because the car. the car hit you going fast and you wouldn't have escaped in time 
</part>

<part number="full" agentexlvl="1">
okay u:m _ when I was seventeen it was sunday um so I go over to my boyfriend's house, and when we were there we had a big argument so I decided to go back, and as my way back I was driving fast because the only thing that was on my mind was the argument so I was driving fast and I don't usually drive fast because I'm a good <gesture type="beat" handedness="both" prep=".38" stroke="2.27" se_onset_height="4" se_onset_width="1" se_onset_radial="1" se_offset_height="1" se_offset_width="1" se_offset_radial="2" agent_match_loc="false" agent_match_form="false"> driver </gesture> so then uh, I didn't realize that there was this car coming and um, the light for me was red so I [( )] thinking it was a green light so the car hit me and he hit by my door and I'm trying to get out but I couldn't get out 'cause, the car was full of smoke so I got out from the passenger seat and from there I went to the hospital and they <gesture type="iconic" handedness="left" prep=".6" stroke=".93" se_onset_height="1" se_onset_width="1" se_onset_radial="3" se_offset_height="1" se_offset_width="1" se_offset_radial="3" retract=".59" agent_match_loc="false" agent_match_form="false"> told me that </gesture> I had broken three ribs. and if I wouldn't have gotten to the hospital earlier I could have died, because the car hit me straight to my body so I'm glad I'm here 
</part>
</story>
</participant>

