<?xml version="1.0" encoding="UTF-8"?>

<participant id="108">

<personality ex="6" op="6.5" ag="6" ems="3" co="5">
</personality>

<story id="1" order="0" version="1">
<part number="1" agentexlvl="5"> 
Ok s:o over the summer you went to EDC which is like a music festival - a:nd - instead of . driving I got . tickets - for a shuttle that were taking
</part> 

<part number="2" agentexlvl="4"> 
ok so . you were like the guy was like driving - a:nd it was on narrow roads like super narrow for these big buses - a:nd the guy was driving really fast which he shouldnt have been doing because the roads were super narrow and it was like a windy road and he shouldnt have been going that fast
</part> 

<part number="3" agentexlvl="3"> 
ok so then there was this like sharp right turn - a:nd . because the guy was going super fast when he turned . the bus went on two wheels like it could have flipped over - but he- or it didnt because he jerked the wheel at the last minute and it went back on two wheels like back to normal 
</part> 

<part
number="4" agentexlvl="2"> 
But like one of the girls that was sitting in front of you - um -- flew out of her seat . and it could have been like really dangerous if he wasn’t able to level out the bus . because could have like flipped over 
</part> 

<part number="5" agentexlvl="1"> But
afterwards everyone was like super happy that we didnt die and we were going to go . to a giant concert 
</part> 

<part number="full" agentexlvl="1">
okay so over the summer i was going to go to a music festival . EDC . and instead of driving we bought tickets to the shuttle um and so the shuttle we hired this guy to drive so we didn't have to drive ourselves and it was on this super narrow road like way too narrow for the buses um and the guy was driving super fast  like way faster than he should have because not only was it narrow it was a windy road and um he took a sharp right turn when he was going too fast and the bus went up on two wheels . and it was scary but he managed to jerk the wheel and level it out which was good because the girl sitting in front of me um . flew out of her seat and . um it was good he managed to leveled it out because otherwise it would have been really dangerous if the bus had flipped and afterwards everyone was super happy because we didn't die and we were going to a giant concert and yeah that's it
</part>
</story> 

<story id="0" order="1" version="0"> 
<part number="1"
agentexlvl="1"> 
Ok so I was seventeen and . it was over the summer and I went to my boyfriends house and we got in a fight like all out screaming match 
</part> 

<part number="2" agentexlvl="2"> 
Ok so well I drove there so I was like . I am just going to leave – um but I was like crying and all the stuff like that but I’m a really good driver so I don’t know why this would happen to me 
</part> 

<part number="3"
agentexlvl="3"> 
Ok so I was . on the street before my house - a:nd I was about to miss curfew too because it went to like 1055 and my dad is a stickler for curfew, and I was stopped at a light and when the light turned green I like didn’t even look both ways I just went, – and like as soon as I took off a car hit . the front of my door - like right where my legs would be 
</part> 

<part number="4" agentexlvl="4"> 
So then [(   )] spun out a:nd it was really smokey so I thought the car was going to blow up -- and . but I don’t know like adrenaline kicked in and I couldn’t open my door because it was all crumpled, so I crawled out the passenger side 
</part> 

<part number="5"
agentexlvl="5"> 
I got to the hospital and they told me I had 3 broken ribs and a bruised lung, they said that if I had not gotten out a moment sooner – I: would have been seriously injured because the impact of the car would have been. right on my body 
</part> 

<part
number="full" agentexlvl="5"> 
Ok so I was like seventeen and it was like summer and I went to my boyfriends house .  and – we got into a fight like an all out screaming match, and so I was- since I drove there I decided to just leave and I was crying and stuff - but . I’m a really good driver so I don’t even know why this happened to me, but I was on the street before my house and I was like about to break curfew it was like 1055 and my dad’s a stickler for curfew so when the light turned I just went and – when I took off . a: car . hit the front of my door right where my legs would be - and – so it spun out and there was a lot of . smoke so I thought the car was going to like blow up and then adrenaline kicked in or something – but I couldn’t get my door open because it was all crumpled so I crawled out of the passenger side, and when I got to the um hospital they said I had 3 broken ribs and a .  bruised lung - and they told me had I not got out a moment sooner um- the – er- the car impact would have been on my - body instead of . just - the door 
</part> 
</story> 
</participant>


