<?xml version="1.0" encoding="UTF-8"?>

<participant id="109">
<personality ex="3.5" op="7" ag="5.5" ems="6.5" co="4">
</personality>

<story id="1" order="0" version="1"> 
<part number="1" agentexlvl="5"> 
This one time . you went to EDC . and you got tickets . for a plane and then a tour bus took you there 
</part> 

<part number="2" agentexlvl="4"> 
This one time this guy was driving . on a really narrow road and you were in the car and this other driver <gesture type="metaphoric" handedness="both" prep=".44" stroke=".62" se_onset_height="4" se_onset_width="2" se_onset_radial="2" se_offset_height="3" se_offset_width="1" se_offset_radial="2" agent_match_loc="false" agent_match_form="false"> was also driving </gesture> . <gesture type="metaphoric" handedness="both" prep=".42" stroke=".30" se_onset_height="3" se_onset_width="1" se_onset_radial="2" se_offset_height="3" se_offset_width="1" se_offset_radial="2" agent_match_loc="false" agent_match_form="false"> a:nd </gesture> you almost got into a car wreck 
</part> 

<part number="3" agentexlvl="3"> 
You made a reallysharp turn and the bus was about to <gesture type="iconic" handedness="both" prep=".46" stroke=".81" se_onset_height="3" se_onset_width="3" se_onset_radial="3" se_offset_height="3" se_offset_width="1" se_offset_radial="2" retract="1.15" agent_match_loc="false" agent_match_form="false">hit you </gesture> - but then it didn’t and the wheels <gesture type="iconic" handedness="both" prep=".41" stroke=".64" se_onset_height="2" se_onset_width="2" se_onset_radial="2" se_offset_height="3" se_offset_width="2" se_offset_radial="2" agent_match_loc="false" agent_match_form="false"> kind of flipped </gesture> <gesture type="metaphoric" handedness="both" prep=".22" stroke=".93" se_onset_height="3" se_onset_width="2" se_onset_radial="3" se_offset_height="3" se_offset_width="2" se_offset_radial="3" retract=".39" agent_match_loc="false" agent_match_form="false"> and then </gesture> it just kind of <gesture type="metaphoric" handedness="both" prep=".31" stroke="1.72" se_onset_height="3" se_onset_width="3" se_onset_radial="2" se_offset_height="3" se_offset_width="3" se_offset_radial="2" retract=".74" agent_match_loc="false" agent_match_form="false"> bounced into place </gesture> - and you weren’t hit 
</part> 

<part number="4" agentexlvl="2"> 
One of the girls flew out of <gesture type="metaphoric" handedness="left" prep=".82" stroke="1.03" se_onset_height="2" se_onset_width="1" se_onset_radial="2" se_offset_height="3" se_offset_width="3" se_offset_radial="3" agent_match_loc="false" agent_match_form="false"> her seat </gesture> when <gesture type="iconic" handedness="both" prep=".29" stroke=".92" se_onset_height="3" se_onset_width="2" se_onset_radial="2" se_offset_height="3" se_offset_width="3" se_offset_radial="3" agent_match_loc="false" agent_match_form="false"> the bus </gesture> . <gesture type="iconic" handedness="both" prep=".31" stroke="1.04" se_onset_height="2" se_onset_width="2" se_onset_radial="3" se_offset_height="4" se_offset_width="3" se_offset_radial="2" retract=".62" agent_match_loc="false" agent_match_form="false"> turned really sharply</gesture> and so - the driver <gesture type="iconic" handedness="both" prep=".51" stroke=".58" se_onset_height="2" se_onset_width="3" se_onset_radial="3" se_offset_height="2" se_offset_width="3" se_offset_radial="3" agent_match_loc="false" agent_match_form="false"> couldnt level out </gesture> -- so <gesture type="iconic" handedness="both" prep=".45" stroke="1.70" se_onset_height="2" se_onset_width="3" se_onset_radial="3" se_offset_height="2" se_offset_width="3" se_offset_radial="2" retract="1.29" agent_match_loc="false" agent_match_form="false"> the bus </gesture>- well so then flipped over . and it could have been really dangerous <gesture type="metaphoric" handedness="both" prep=".28" stroke="1.02" s e_onset_height="2" se_onset_width="3" se_onset_radial="3" se_offset_height="2" se_offset_width="3" se_offset_radial="3" retract=".55" agent_match_loc="false" agent_match_form="false"> but that didn’t happen </gesture>
</part> 

<part number="5" agentexlvl="1"> 
In the end - nothing happened and <gesture type="metaphoric" handedness="both" prep=".47" stroke=".94" se_onset_height="2" se_onset_width="2" se_onset_radial="3" se_offset_height="3" se_offset_width="3" se_offset_radial="2" retract=".73" agent_match_loc="false" agent_match_form="false"> everybody was super happy </gesture> . tha:t - you all <gesture type="metaphoric" handedness="both" prep=".24" stroke=".31" se_onset_height="2" se_onset_width="1" se_onset_radial="2" se_offset_height="2" se_offset_width="1" se_offset_radial="2" retract=".31" agent_match_loc="false" agent_match_form="false"> didn’t die </gesture> because you guys were gonna go to a concert 
</part> 

<part number="full" agentexlvl="1"> 
U:m --this one time - I: went to EDC for a concert . and I bought a plane ticket and when I got there I thought a: bus was going to take us . to the concert- a tour bus and there was a <gesture type="metaphoric" handedness="both" prep=".47" stroke=".77" se_onset_height="3" se_onset_width="3" se_onset_radial="3" se_offset_height="3" se_offset_width="3" se_offset_radial="3" agent_match_loc="false" agent_match_form="false"> super . narrow </gesture> . <gesture type="iconic" handedness="both" prep=".28" stroke="1.27" se_onset_height="3" se_onset_width="3" se_onset_radial="3" se_offset_height="3" se_offset_width="3" se_offset_radial="3" agent_match_loc="true" agent_match_form="true"> road </gesture> -- <gesture type="metaphoric" handedness="both" prep=".46" stroke=".91" se_onset_height="3" se_onset_width="3" se_onset_radial="3" se_offset_height="3" se_offset_width="3" se_offset_radial="3" agent_match_loc="false" agent_match_form="false"> and </gesture> there <gesture type="metaphoric" handedness="both" prep=".68" stroke=".93" se_onset_height="3" se_onset_width="3" se_onset_radial="3" se_offset_height="3" se_offset_width="3 " se_offset_radial="3" agent_match_loc="false" agent_match_form="false"> was a . car </gesture> - <gesture type="metaphoric" handedness="both" prep=".55" stroke=".66" se_onset_height="3" se_onset_width="3" se_onset_radial="3" se_offset_height="3" se_offset_width="3" se_offset_radial="3" agent_match_loc="false" agent_match_form="false"> that was </gesture> almost <gesture type="metaphoric" handedness="both" prep=".36" stroke=".81" se_onset_height="4" se_onset_width="3" se_onset_radial="3" se_offset_height="3" se_offset_width="3" se_offset_radial="2" agent_match_loc="false" agent_match_form="false"> gonna </gesture> <gesture type="metaphoric" handedness="left" prep=".42" stroke=".58" se_onset_height="4" se_onset_width="2" se_onset_radial="3" se_offset_height="2" se_offset_width="2" se_offset_radial="2" retract=".52" agent_match_loc="false" agent_match_form="false"> hit </gesture> - hit - <gesture type="metaphoric" handedness="both" prep=".67" stroke=".50" se_onset_height="4" se_onset_width="3" se_onset_radial="2" se_offset_height="4" se_offset_width="3" se_offset_radial="2" agent_match_loc="false" agent_match_form="false"> the bus </gesture> and <gesture type="metaphoric" handedness="both" prep=".38" stroke="1.07" se_onset_height="3" se_onset_width="3" se_onset_radial="3" se_offset_height="3" se_offset_width="1" se_offset_radial="2" agent_match_loc="false" agent_match_form="false"> the car </gesture> was going to <gesture type="metaphoric" handedness="both" prep=".43" stroke=".79" se_onset_height="3" se_onset_width="2" se_onset_radial="2" se_offset_height="3" se_offset_width="3" se_offset_radial="3" agent_match_loc="false" agent_match_form="false"> collide and </gesture> there was this really sharp turn . and then the bus driver <gesture type="metaphoric" handedness="both" prep="1.20" stroke=".98" se_onset_height="3" se_onset_width="3" se_onset_radial="2" se_offset_height="3" se_offset_width="3" se_offset_radial="2" agent_match_loc="false" agent_match_form="false"> tried to </gesture> level out - <gesture type="metaphoric" handedness="both" prep=".82" stroke=".58" se_onset_height="3" se_onset_width="3" se_onset_radial="2" se_offset_height="3" se_offset_width="3" se_offset_radial="2" agent_match_loc="false" agent_match_form="false"> but then </gesture> a girl <gesture type="iconic" handedness="left" prep=".28" stroke="2.49" se_onset_height="3" se_onset_width="2" se_onset_radial="2" se_offset_height="4" se_offset_width="3" se_offset_radial="3" agent_match_loc="false" agent_match_form="false"> went out flying </gesture> from her seat - and then the bus driver <gesture type="metaphoric" handedness="both" prep=".76" stroke="1.20" se_onset_height="3" se_onset_width="3" se_onset_radial="3" se_offset_height="3" se_offset_width="3" se_offset_radial="3" agent_match_loc="false" agent_match_form="false"> wasn’t able to </gesture> levelout the bus . and so the <gesture type="metaphoric" handedness="both" prep=".52" stroke=".97" se_onset_height="3" se_onset_width="3" se_onset_radial="2" se_offset_height="2" se_offset_width="2" se_offset_radial="2" agent_match_loc="false" agent_match_form="false"> bus flipped </gesture> over . but <gesture type="metaphoric" handedness="left" prep=".73" stroke="1.09" se_onset_height="2" se_onset_width="3" se_onset_radial="2" se_offset_height="2" se_offset_width="3" se_offset_radial="2" agent_match_loc="false" agent_match_form="false"> in the end</gesture> no one was hurt and <gesture type="metaphoric" handedness="both" prep=".63" stroke=".70" se_onset_height="3" se_onset_width="2" se_onset_radial="2" se_offset_height="3" se_offset_width="2" se_offset_radial="2" retract=".63" agent_match_loc="false" agent_match_form="false"> nothing happened </gesture> - <gesture type="metaphoric" handedness="both" prep=".29" stroke=".79" se_onset_height="3" se_onset_width="2" se_onset_radial="2" se_offset_height="3" se_offset_width="2" se_offset_radial="2" agent_match_loc="false" agent_match_form="false"> and so </gesture> everyone was very relieved because we didn’t <gesture type="iconic" handedness="both" prep=".43" stroke=".52" se_onset_height="3" se_onset_width="3" se_onset_radial="3" se_offset_height="3" se_offset_width="4" se_offset_radial="3" retract=".74" agent_match_loc="false" agent_match_form="false"> all die </gesture> because we were gonna see this concert 
</part>
</story> 

<story id="0" order="1" version="0">
<part number="1" agentexlvl="1">
when you were seventee:n - on a Sunday . you went over to your boyfriend’s house and you guys got into a really big fight 
</part>

<part number="2" agentexlvl="2"> 
You had driven to <gesture type="diectic" handedness="left" prep=".66" stroke="1.23" se_onset_height="3" se_onset_width="2" se_onset_radial="3" se_offset_height="3" se_offset_width="3" se_offset_radial="3" agent_match_loc="false" agent_match_form="false"> your boyfriends place </gesture> - and your normally a really <gesture type="metaphoric" handedness="left" prep=".36" stroke="1.74" se_onset_height="3" se_onset_width="2" se_onset_radial="3" se_offset_height="3" se_offset_width="3" se_offset_radial="3" agent_match_loc="false" agent_match_form="false"> good driver </gesture> and you  were <gesture type="metaphoric" handedness="both" prep=".85" stroke="1.43" se_onset_height="1" se_onset_width="2" se_onset_radial="3" se_offset_height="1" se_offset_width="2" se_offset_radial="2" retract=".10" agent_match_loc="false" agent_match_form="false"> crying . and stuff </gesture>, and so because you were a really good driver you dont know why this happened to <gesture type="metaphoric" handedness="left" prep=".44" stroke=".36" se_onset_height="1" se_onset_width="2" se_onset_radial="2" se_offset_height="1" se_offset_width="2" se_offset_radial="2" retract=".48" agent_match_loc="false" agent_match_form="false"> you </gesture> 
</part> 

<part number="3" agentexlvl="3"> 
You were - near your house a few blocks away - and there was a green light . and you were about to go especially because it was 10:15 and <gesture type="metaphoric" handedness="left" prep=".17" stroke=".34" se_onset_height="1" se_onset_width="2" se_onset_radial="2" se_offset_height="1" se_offset_width="2" se_offset_radial="2" retract=".42" agent_match_loc="false" agent_match_form="false"> your dad </gesture> had a thing about curfew  - and so you went and out of <gesture type="iconic" handedness="both" prep=".70" stroke=".93" se_onset_height="3" se_onset_width="2" se_onset_radial="2" se_offset_height="1" se_offset_width="2" se_offset_radial="3" retract=".77" agent_match_loc="false" agent_match_form="false"> nowhere </gesture>. this driver just rammed your car . where <gesture type="metaphoric" handedness="left" prep=".41" stroke=".72" se_onset_height="3" se_onset_width="3" se_onset_radial="3" se_offset_height="3" se_offset_width="3" se_offset_radial="2" retract=".42" agent_match_loc="false" agent_match_form="false"> your</gesture> legs would <gesture type="metaphoric" handedness="left" prep=".41" stroke=".72" se_onset_height="3" se_onset_width="3" se_onset_radial="3" se_offset_height="3" se_offset_width="3" se_offset_radial="2" retract=".42" agent_match_loc="false" agent_match_form="false">be at</gesture> <gesture type="metaphoric" handedness="left" prep=".56" stroke=".83" se_onset_height="1" se_onset_width="2" se_onset_radial="3" se_offset_height="1" se_offset_width="2" se_offset_radial="3" retract=".42" agent_match_loc="false" agent_match_form="false"> at </gesture> and it just <gesture type="iconic" handedness="both" prep=".76" stroke="1.05" se_onset_height="3" se_onset_width="4" se_onset_radial="3" se_offset_height="3" se_offset_width="2" se_offset_radial="2" retract=".64" agent_match_loc="false" a gent_match_form="false"> ran through </gesture>
</part> 

<part number="4" agentexlvl="4"> 
S:o the car spun and then it started smoking <gesture type="metaphoric" handedness="both" prep=".39" stroke=".78" se_onset_height="3" se_onset_width="2" se_onset_radial="2" se_offset_height="1" se_offset_width="2" se_offset_radial="3" retract=".71" agent_match_loc="false" agent_match_form="false"> and you thought </gesture> the car was going to <gesture type="metaphoric" handedness="both" prep=".75" stroke="1.25" se_onset_height="1" se_onset_width="2" se_onset_radial="3" se_offset_height="1" se_offset_width="2" se_offset_radial="3" agent_match_loc="false" agent_match_form="false"> blow up </gesture> - and . you didnt- <gesture type="diectic" handedness="both" prep=".61" stroke=".78" se_onset_height="2" se_onset_width="3" se_onset_radial="2" se_offset_height="2" se_offset_width="2" se_offset_radial="3" agent_match_loc="false" agent_match_form="false"> could get out </gesture> because . the door was just .<gesture type="metaphoric" handedness="left" prep=".96" stroke=".98" se_onset_height="2" se_onset_width="2" se_onset_radial="3" se_offset_height="3" se_offset_width="3" se_offset_radial="3" agent_match_loc="false" agent_match_form="false"> jammed </gesture> <gesture type="metaphoric" handedness="left" prep=".60" stroke=".65" se_onset_height="3" se_onset_width="3" se_onset_radial="3" se_offset_height="3" se_offset_width="3" se_offset_radial="3" retract="1.30" agent_match_loc="false" a gent_match_form="false"> and </gesture> it was all messed up , - but then <gesture type="metaphoric" handedness="both" prep=".39" stroke=".92" s e_onset_height="2" se_onset_width="2" se_onset_radial="3" se_offset_height="3" se_offset_width="3" se_offset_radial="3" agent_match_loc="false" agent_match_form="false"> adrenaline </gesture> <gesture type="metaphoric" handedness="both" prep=".57" stroke=".49" se_onset_height="1" se_onset_width="2" se_onset_radial="3" se_offset_height="1" se_offset_width="2" se_offset_radial="3" agent_match_loc="false" agent_match_form="false"> kicked in </gesture> and you <gesture type="iconic" handedness="both" prep=".58" stroke=".98" se_onset_height="3" se_onset_width="2" se_onset_radial="2" se_offset_height="4" se_offset_width="3" se_offset_radial="3" retract="1.05" agent_match_loc="false" agent_match_form="false"> crawled out </gesture> . from the passenger seat 
</part> 

<part number="5" agentexlvl="5"> 
So when - you: - got to the hospital - they told you that you had . two broken ribs and a bruised lung . and had you not - gotten out of the car sooner . you would have been dead just the impact of the car would have been . <gesture type="metaphoric" handedness="left" prep=".35" stroke=".82" se_onset_height="3" se_onset_width="2" se_onset_radial="3" se_offset_height="3" se_offset_width="2" se_offset_radial="3" retract=".66" agent_match_loc="false" agent_match_form="false"> over your body </gesture>
</part> 

<part number="full" agentexlvl="5"> 
So it was a <gesture type="metaphoric" handedness="both" prep=".48" stroke=".70" se_onset_height="3" se_onset_width="2" se_onset_radial="3" se_offset_height="3" se_offset_width="2" se_offset_radial="3" retract=".66" agent_match_loc="false" agent_match_form="false"> Sunday </gesture> .<gesture type="metaphoric" handedness="left" prep=".72" stroke=".63" se_onset_height="2" se_onset_width="2" se_onset_radial="3" se_offset_height="2" se_offset_width="2" se_offset_radial="3" agent_match_loc="false" agent_match_form="false"> a:nd </gesture> - <gesture type="metaphoric" handedness="left" prep=".47" stroke="1.55" se_onset_height="2" se_onset_width="2" se_onset_radial="3" se_offset_height="3" se_offset_width="2" se_offset_radial="2" agent_match_loc="false" agent_match_form="false"> I went to my boyfriends </gesture> <gesture type="metaphoric" handedness="both" prep=".40" stroke=".61" se_onset_height="3" se_onset_width="2" se_onset_radial="2" se_offset_height="3" se_offset_width="2" se_offset_radial="2" retract=".49" agent_match_loc="false" agent_match_form="false"> place </gesture> - and so we had this huge . <gesture type="metaphoric" handedness="both" prep=".49" stroke=".81" se_onset_height="3" se_onset_width="2" se_onset_radial="3" se_offset_height="2" se_offset_width="2" se_offset_radial="3" retract=".32" agent_match_loc="false" agent_match_form="false"> fight and </gesture> I was crying <gesture type="metaphoric" handedness="both" prep=".39" stroke=".90" se_onset_height="3" se_onset_width="2" se_onset_radial="3" se_offset_height="3" se_offset_width="2" se_offset_radial="3" retract=".32" agent_match_loc="false" agent_match_form="false"> but I had </gesture> driven there <gesture type="metaphoric" handedness="both" prep=".48" stroke=".76" se_onset_height="3" se_onset_width="2" se_onset_radial="3" se_offset_height="3" se_offset_width="2" se_offset_radial="3" agent_match_loc="false" agent_match_form="false"> so </gesture> I was like . you know what Im just gonna drive back, <gesture type="metaphoric" handedness="both" prep=".54" stroke=".89" se_onset_height="3" se_onset_width="2" se_onset_radial="3" se_offset_height="3" se_offset_width="2" se_offset_radial="3" agent_match_loc="false" agent_match_form="false"> and so </gesture> . Im usually a really <gesture type="metaphoric" handedness="both" prep=".48" stroke=".56" se_onset_height="3" se_onset_width="2" se_onset_radial="3" se_offset_height="3" se_offset_width="2" se_offset_radial="3" agent_match_loc="false" agent_match_form="false"> good driver </gesture> . so I dont know why this happened -but then I was <gesture type="metaphoric" handedness="left" prep=".32" stroke=".83" se_onset_height="3" se_onset_width="2" se_onset_radial="3" se_offset_height="3" se_offset_width="2" se_offset_radial="3" agent_match_loc="false" agent_match_form="false"> driving back </gesture> <gesture type="metaphoric" handedness=" right" prep=".32" stroke=".68" se_onset_height="3" se_onset_width="3" se_onset_radial="2" se_offset_height="3" se_offset_width="2" se_offset_radial="2" agent_match_loc="false" agent_match_form="false"> and </gesture>  was only <gesture type="metaphoric" handedness="both" prep=".20" stroke=".69" se_onset_height="2" se_onset_width="2" se_onset_radial="3" se_offset_height="2" se_offset_width="2" se_offset_radial="3" agent_match_loc="false" agent_match_form="false"> two blocks away </gesture> from my place - and my dad has this thing about curfew and it <gesture type="metaphoric" handedness="both" prep=".44" stroke=".75" se_onset_height="3" se_onset_width="2" se_onset_radial="3" se_offset_height="3" se_offset_width="2" se_offset_radial="3" agent_match_loc="false" agent_match_form="false"> was ten fifteen </gesture> and the light <gesture type="metaphoric" handedness="both" prep=".67" stroke=".58" se_onset_height="3" se_onset_width="2" se_onset_radial="3" se_offset_height="3" se_offset_width="2" se_offset_radial="3" agent_match_loc="false" agent_match_form="false"> turned green </gesture> so I just .<gesture type="diectic" handedness=" right" prep=".72" stroke=".90" se_onset_height="3" se_onset_width="2" se_onset_radial="3" se_offset_height="4" se_offset_width="3" se_offset_radial="2" agent_match_loc="false" agent_match_form="false"> went </gesture> and  all of a sudden <gesture type="metaphoric" handedness="both" prep=".57" stroke="1.14" se_onset_height="3" se_onset_width="2" se_onset_radial="3" se_offset_height="4" se_offset_width="3" se_offset_radial="3" agent_match_loc="false" agent_match_form="false"> out of nowhere </gesture> this car comes <gesture type="metaphoric" handedness="left" prep=".78" stroke="1.04" se_onset_height="3" se_onset_width="2" se_onset_radial="3" se_offset_height="4" se_offset_width="4" se_offset_radial="3" agent_match_loc="false" agent_match_form="false"> and just </gesture> . <gesture type="metaphoric" handedness="left" prep=".76" stroke="1.30" se_onset_height="4" se_onset_width="5" se_onset_radial="3" se_offset_height="3" se_offset_width="2" se_offset_radial="2" agent_match_loc="false" agent_match_form="false"> slams into my car </gesture> <gesture type="metaphoric" handedness="left" prep=".48" stroke=".64" se_onset_height="4" se_onset_width="5" se_onset_radial="3" se_offset_height="4" se_offset_width="3" se_offset_radial="3" agent_match_loc="false" agent_match_form="false"> just slams </gesture> <gesture type="metaphoric" handedness="left" prep=".29" stroke=".88" se_onset_height="4" se_onset_width="5" se_onset_radial="3" se_offset_height="4" se_offset_width="3" se_offset_radial="3" retract=".78" agent_match_loc="false" agent_match_form="false"> into the door </gesture> where my legs should be at - and <gesture type="metaphoric" handedness="both" prep=".64" stroke="2.07" se_onset_height="3" se_onset_width="2" se_onset_radial="3" se_offset_height="3" se_offset_width="2" se_offset_radial="3" agent_match_loc="false" agent_match_form="false"> so it spun </gesture> <gesture type="metaphoric" handedness="both" prep=".30" stroke="1.03" se_onset_height="3" se_onset_width="2" se_onset_radial="3" se_offset_height="3" se_offset_width="2" se_offset_radial="3" agent_match_loc="false" agent_match_form="false"> and then </gesture> this car <gesture type="iconic" handedness="both" prep=".32" stroke=".72" se_onset_height="3" se_onset_width="3" se_onset_radial="3" se_offset_height="3" se_offset_width="3" se_offset_radial="3" agent_match_loc="false" agent_match_form="false"> started smoking </gesture> and I thought it was going to <gesture type="iconic" handedness="both" prep=".83" stroke=".54" se_onset_height="3" se_onset_width="3" se_onset_radial="3" se_offset_height="3" se_offset_width="3" se_offset_radial="3" agent_match_loc="false" agent_match_form="false"> blow up </gesture> .<gesture type="metaphoric" handedness="both" prep=".44" stroke=".79" se_onset_height="3" se_onset_width="3" se_onset_radial="3" se_offset_height="3" se_offset_width="3" se_offset_radial="3" agent_match_loc="false" agent_match_form="false"> so I </gesture> don’t know <gesture type="iconic" handedness="both" prep=".43" stroke=".88" se_onset_height="3" se_onset_width="3" se_onset_radial="3" se_offset_height="3" se_offset_width="3" se_offset_radial="3" agent_match_loc="false" agent_match_form="false"> what happened </gesture> but <gesture type="metaphoric" handedness="both" prep=".35" stroke=".69" se_onset_height="3" se_onset_width="3" se_onset_radial="2" se_offset_height="3" se_offset_width="3" se_offset_radial="2" agent_match_loc="false" agent_match_form="false"> adrenaline </gesture> kicked in . and I <gesture type="metaphoric" handedness="both" prep=".36" stroke=".78" se_onset_height="2" se_onset_width="3" se_onset_radial="2" se_offset_height="2" se_offset_width="2" se_offset_radial="2" agent_match_loc="false" agent_match_form="false"> crawled </gesture> out . <gesture type="metaphoric" handedness="both" prep=".32" stroke=".95" se_onset_height="3" se_onset_width="3" se_onset_radial="3" se_offset_height="3" se_offset_width="3" se_offset_radial="3" agent_match_loc="false" agent_match_form="false"> from the </gesture> . passenger seat, <gesture type="metaphoric" handedness="both" prep=".38" stroke=".82" se_onset_height="3" se_onset_width="3" se_onset_radial="3" se_offset_height="3" se_offset_width="3" se_offset_radial="3" retract=".60" agent_match_loc="false" agent_match_form="false"> and when </gesture> I got to the hospital they told me I <gesture type="metaphoric" handedness="both" prep=".80" stroke="1.70" se_onset_height="3" se_onset_width="3" se_onset_radial="3" se_offset_height="3" se_offset_width="3" se_offset_radial="3" agent_match_loc="false" agent_match_form="false"> had 3 broken ribs </gesture> . and a <gesture type="metaphoric" handedness="left" prep=".30" stroke=".87" se_onset_height="3" se_onset_width="3" se_onset_radial="3" se_offset_height="3" se_offset_width="3" se_offset_radial="3" agent_match_loc="false" agent_match_form="false"> bruised lung </gesture> but had <gesture type="metaphoric" handedness="both" prep=".52" stroke=".76" se_onset_height="3" se_onset_width="3" se_onset_radial="3" se_offset_height="2" se_offset_width="3" se_offset_radial="2" agent_match_loc="false" agent_match_form="false"> I not </gesture> -- <gesture type="metaphoric" handedness="both" prep=".74" stroke=".92" se_onset_height="3" se_onset_width="3" se_onset_radial="4" se_offset_height="3" se_offset_width="4" se_offset_radial="3" agent_match_loc="false" agent_match_form="false"> um- </gesture> had I not gotten out of the car . sooner I would have <gesture type="metaphoric" handedness="left" prep=".47" stroke=".82" se_onset_height="3" se_onset_width="3" se_onset_radial="4" se_offset_height="3" se_offset_width="4" se_offset_radial="3" agent_match_loc="false" agent_match_form="false"> been dead </gesture> because [(   )] weight and <gesture type="metaphoric" handedness="left" prep=".57" stroke="1.12" se_onset_height="3" se_onset_width="3" se_onset_radial="4" se_offset_height="3" se_offset_width="4" se_offset_radial="3" agent_match_loc="false" agent_match_form="false">impact of the car </gesture> would have been <gesture type="metaphoric" handedness="both" se_onset_height="3" se_onset_width="3" se_onset_radial="4" se_offset_height="3" se_offset_width="4" se_offset_radial="3" agent_match_loc="false" agent_match_form="false"> on my body </gesture> 
</part> 
</story> 
</participant>


