<participant id="11">
<personality ex="5" op="6.5" ag="6" ems="5" co="6.5">
</personality>

<story id="0" order="0" version="1">
<part number="1" agentexlvl="5">
umm when I was seventeen, it was like a sunday, and I got into a fight with my boyfriend. yeah 
</part>

<part number="2" agentexlvl="4">
and so. I was stuck, and then I left, and I was crying, and. I'm. not, a bad driver, so I don't know why this happened to me
</part>

<part number="3" agentexlvl="3">
so I was driving on, the street, and r-right before <gesture type="deictic" handedness="right" stroke="1.13" se_onset_height="1" se_onset_width="3" se_onset_radial="4" se_offset_height="4" se_offset_width="1" se_offset_radial="1" hold="1.64" agent_match_loc="false" agent_match_form="false"> my house, </gesture> and I didn't want to be late, cuz I was going to miss <gesture type="beat" handedness="right" stroke= "2.1" se_onset_height="3" se_onset_width="2" se_onset_radial="2" se_offset_height="3" se_offset_width="2" se_offset_radial="2" retract="1.705" agent_match_loc="false" agent_match_form="false"> my curfew, </gesture> it was ten fifty five, so, the light was green and I just <gesture type="iconic" handedness="right" stroke="1.78" se_onset_height="2" se_onset_width="2" se_onset_radial="3" se_offset_height="3" se_offset_width="2" se_offset_radial="3" hold="3.74" agent_match_loc="false" agent_match_form="false"> turned </gesture> and out of nowhere a car came and <gesture type="iconic" handedness="right" stroke="1.19" se_onset_height="3" se_onset_width="3" se_onset_radial="4" se_offset_height="3" se_offset_width="3" se_offset_radial="4" retract=".82" agent_match_loc="true" agent_match_form="false"> hit me, </gesture> like, in the front where <gesture type="iconic" handedness="left" prep=".33" stroke= "1.035" se_onset_height="1" se_onset_width="2" se_onset_radial="2" se_offset_height="1" se_offset_width="2" se_offset_radial="2" retract="1.5" agent_match_loc="true" agent_match_form="false"> my legs are, </gesture> and I don't even remember <gesture type="metaphoric" handedness="both" stroke="1.075" se_onset_height="1" se_onset_width="2" se_onset_radial="2" se_offset_height="1" se_offset_width="2" se_offset_radial="2" retract=".73" agent_match_loc="false" agent_match_form="false"> what happened </gesture>
</part>

<part number="4" agentexlvl="2">
so then my car like spun out of control, and it was smoking, and. I didn't know where to get out so I got out, of, the door on the <gesture type="deictic" handedness="right" prep=".16" stroke="1.11" se_onset_height="1" se_onset_width="3" se_onset_radial="4" se_offset_height="1" se_offset_width="3" se_offset_radial="4" retract=".21" agent_match_loc="false" agent_match_form="false"> passenger side </gesture>
</part>

<part number="5" agentexlvl="1">
but I, when I got to the hospital, I had broken ribs, but, they told me that, if I took off a moment sooner than I had I would have been dead, because of the impact  
</part>

<part number="full" agentexlvl="1">
so. I, went, to my boyfriend's house, it was like, a sunday, and I was crying really badly, and I was trying to tell him that, I couldn't understand why this happened to me cuz, like, I don't think I'm that bad of a driver, so what happened was, was I was like on the way home, and I didn't wanna be late, like it was almost curfew, and I just wasn't really paying attention, and I was about to turn onto my street and the light was green, and a car came out of nowhere, and hit me, right in the front, and I spun out of control, and it was smoking, and I didn't, there was nowhere to get out of so I climbed out of the passenger side, and I was rushed to the hospital, but they told me that, if I had taken off a moment sooner, I might, I wouldn't have made it, so good thing I. I guess cuz I mean I, good thing, I mean, I mean I was lucky I guess, I didn't. die and I only broke a few ribs
</part>
</story>

<story id="1" order="1" version="0">
<part number="1" agentexlvl="1">
so, I went. to this like musical festival called EDC, in the summer, and I bought shuttle tickets so that, I didn't have to drive, and there were big like, like a tour bus
</part>

<part number="2" agentexlvl="2">
so we were driving, on this narrow road, but, the driver was driving kind of fast, and I couldn't understand why, because they were pretty narrow and windy
</part>

<part number="3" agentexlvl="3">
so we were turning, but. it was like a sharp turn, so the bus kind of flipped over on one side, but he quickly, turned back the other way so it <gesture type="iconic" handedness="both" prep=".39" stroke="5.3" se_onset_height="4" se_onset_width="4" se_onset_radial="2" se_offset_height="4" se_offset_width="4" se_offset_radial="2" retract=".49" agent_match_loc="true" agent_match_form="false"> evened out, and it was okay </gesture>
</part>

<part number="4" agentexlvl="4">
but when we hit the curb then I saw this girl <gesture type="iconic" handedness="both" prep="2.27" stroke="3.975" se_onset_height="4" se_onset_width="3" se_onset_radial="2" se_offset_height="4" se_offset_width="3" se_offset_radial="2" hold="2.19" retract="" agent_match_loc="true" agent_match_form="true"> flying out of ther seat, </gesture> and it was kind of scary because something could have happened to her if he wasn't able to. to <gesture type="iconic" handedness="both" stroke="2.27" se_onset_height="4" se_onset_width="3" se_onset_radial="2" se_offset_height="4" se_offset_width="3" se_offset_radial="2" retract=".82" agent_match_loc="true" agent_match_form="false"> get the bus </gesture> back on the road
</part>

<part number="5" agentexlvl="5">
so. but even after that, everyone was really happy, because we were still going to be able to make it to. this really awesome concert, <gesture type="metaphoric" handedness="both" prep="1.040" stroke="2.1"se_onset_height="4"se_onset_width="3"se_onset_radial="2" se_offset_height="4" se_offset_width="3" se_offset_radial="2" retract=".74" agent_match_loc="false" agent_match_form="false"> and yeah, that's it </gesture>
</part>

<part number="full" agentexlvl="5">
so, over <gesture type="metaphoric" handedness="left" prep=".35" stroke=".85" se_onset_height="4" se_onset_width="3" se_onset_radial="2" se_offset_height="4" se_offset_width="3" se_offset_radial="2" hold="3.29" agent_match_loc="false" agent_match_form="false"> the summer, </gesture> umm, I went to this musical festival called EDC, and. I brought shuttle tickets so that I wouldn't have to <gesture type="iconic" handedness="left" stroke=".71" se_onset_height="4" se_onset_width="3" se_onset_radial="2" se_offset_height="4" se_offset_width="3" se_offset_radial="2" hold="2.12" agent_match_loc="false" agent_match_form="false"> drive </gesture> and like these, <gesture type="beat" handedness="both" stroke="1.21" se_onset_height="4" se_onset_width="3" se_onset_radial="2" se_offset_height="4" se_offset_width="3" se_offset_radial="2" hold="4.455" agent_match_loc="true" agent_match_form="false"> big shuttles </gesture> were like, big tour buses, and we were driving on this really <gesture type="iconic" handedness="right" prep=".6" stroke="2.675" se_onset_height="4" se_onset_width="4" se_onset_radial="3" se_offset_height="4" se_offset_width="4" se_offset_radial="2" hold="1.38" agent_match_loc="true" agent_match_form="false"> narrow, like windy road, </gesture> and the driver was driving kind of fast and I couldn't understand <gesture type="beat" handedness="right" stroke=".95" se_onset_height="4" se_onset_width="3" se_onset_radial="2" se_offset_height="4" se_offset_width="3" se_offset_radial="2" hold="2.36" agent_match_loc="false" agent_match_form="false"> why, </gesture> and we were about to make. a <gesture type="iconic" handedness="right" prep=".38" stroke="1.7" se_onset_height="4" se_onset_width="3" se_onset_radial="2" se_offset_height="3" se_offset_width="3" se_offset_radial="2" hold="1.58" agent_match_loc="false" agent_match_form="false"> sharp turn </gesture> when like it kinda, the bus kinda <gesture type="iconic" handedness="both" stroke="2.38" se_onset_height="4" se_onset_width="3" se_onset_radial="2" se_offset_height="4" se_offset_width="3" se_offset_radial="2" agent_match_loc="true" agent_match_form="false"> tipped over, </gesture> and but he was a-luckily he was able to, to <gesture  type="iconic" handedness="both" stroke="3.425" se_onset_height="4" se_onset_width="3" se_onset_radial="2" se_offset_height="3" se_offset_width="3" se_offset_radial="2" agent_match_loc="true" agent_match_form="false"> even it out </gesture> but, when <gesture type="iconic" handedness="both" stroke="3.43" se_onset_height="3" se_onset_width="3" se_onset_radial="2" se_offset_height="3" se_offset_width="3" se_offset_radial="2" agent_match_loc="false" agent_match_form="false"> it was like turning </gesture> I saw this girl. <gesture type="iconic" handedness="right" prep=".55" stroke=".41" se_onset_height="3" se_onset_width="3" se_onset_radial="2" se_offset_height="3" se_offset_width="3" se_offset_radial="2" hold="4.965" agent_match_loc="true" agent_match_form="true"> fly out </gesture> of her seat and something could've happened to her if he wasn't able to. get it under control, but luckily at like at the end <gesture type="beat" handedness="both" stroke="2.66" se_onset_height="3" se_onset_width="3" se_onset_radial="2" se_offset_height="3" se_offset_width="3" se_offset_radial="2" hold="1.26" agent_match_loc="true" agent_match_form="true"> everyone was okay, </gesture> and everyone was happy cuz we were still able to like make the concert <gesture type="beat" handedness="right" prep=".22" stroke=".65" se_onset_height="3" se_onset_width="3" se_onset_radial="2" se_offset_height="1" se_offset_width="3" se_offset_radial="4" hold="1.135" retract=".5" agent_match_loc="false" agent_match_form="false"> in time </gesture>
</part>
</story>
</participant>
