<participant id="110">
<personality ex="6.5" op="7" ag="4.5" ems="3.5" co="6.5">
</personality>

<story id="0" order="0" version="1">
<part number="1" agentexlvl="5">
When you were seventeen you we:nt to your boyfriends house and you got into a really really big fight
</part>

<part number="2" agentexlvl="4">
You: drove to your boyfriends house so you were going to drive back - a:nd si:nce you were crying something happened
</part>

<part number="3" agentexlvl="3">
S:o you had an accident becau:se you were rushing um- it was about to be your curfew you we:re rushing [indistinguishable words]
</part>

<part number="4" agentexlvl="2">
The car was really smokey . s:o you want to get out, um the door didn’t open so you: went out the window- I think yeah and then um – yeah it was your adrenaline that kept you going
</part>

<part number="5" agentexlvl="1">
When you went to the hospital you had 3 broken ribs a:nd the doctors told you that if it weren’t for you leaving the moment you did you’d probably be dead because it was such a great impact
</part>

<part number="full" agentexlvl="1">
S:o you went- I went to my boyfriends house a:nd . I:- we got in a fight . then I went in my car . I was going to drive home it was late my dad had a curfew on me, it was about to reach my curfew so I was speeding and I got in a car accident a:nd - there was a big impact the car was – <gesture type="metaphoric" handedness="both" prep="1.02" stroke=".72" se_onset_height="4" se_onset_width="3" se_onset_radial="2" se_offset_height="5" se_offset_width="2" se_offset_radial="2" retract=".59" agent_match_loc="false" agent_match_form="false"> bad and um </gesture> – th:e –<gesture type="beat" handedness="left" prep=".74" stroke=".82" se_onset_height="2" se_onset_width="2" se_onset_radial="2" se_offset_height="6" se_offset_width="2" se_offset_radial="2" agent_match_loc="true" agent_match_form="true"> u:m if </gesture>- the doctors- you went to the <gesture type="metaphoric" handedness="both" prep=".67" stroke=".58" se_onset_height="4" se_onset_width="1" se_onset_radial="2" se_offset_height="1" se_offset_width="1" se_offset_radial="2" retract=".44" agent_match_loc="false" agent_match_form="false"> hospital and </gesture>if- they told you that you didn’t have- if you wouldn’t have left . the second you did you would have been dead, yeah
</part>
</story>

<story id="1" order="1" version="0">
<part number="1" agentexlvl="1">
You went to EDC - like a concert and you bought shuttle tickets and s:o you would have to be in a bus . because they get back
</part>

<part number="2" agentexlvl="2">
The guy was driving a:nd th:e roads were <gesture type="iconic" handedness="both" prep=".54" stroke=".40" se_onset_height="2" se_onset_width="2" se_onset_radial="3" se_offset_height="4" se_offset_width="2" se_offset_radial="2" retract=".56" agent_match_loc="true" agent_match_form="true"> narrow </gesture> and they- and he was driving really fast
</part>

<part number="3" agentexlvl="3">
U:m - th:e driver did a <gesture type="iconic" handedness="left" prep=".51" stroke=".36" se_onset_height="4" se_onset_width="2" se_onset_radial="2" se_offset_height="5" se_offset_width="2" se_offset_radial="2" retract=".53" agent_match_loc="false" agent_match_form="false"> right . sharp turn </gesture> - and then u:m - the bus was on . it’s two side wheels but then he <gesture type="iconic" handedness="both" prep=".83" stroke="1.67" se_onset_height="4" se_onset_width="3" se_onset_radial="2" se_offset_height="4" se_offset_width="3" se_offset_radial="2" agent_match_loc="false" agent_match_form="false"> just turned th- th:e wheel </gesture> to the right and he <gesture type="metaphoric" handedness="both" prep="1.25" stroke=".70" se_onset_height="4" se_onset_width="3" se_onset_radial="2" se_offset_height="4" se_offset_width="3" se_offset_radial="2" retract=".43" agent_match_loc="false" agent_match_form="false"> evened out </gesture> the bus
</part>

<part number="4" agentexlvl="4">
One of the girls came out of <gesture type="metaphoric" handedness="both" prep=".36" stroke=".66" se_onset_height="4" se_onset_width="2" se_onset_radial="2" se_offset_height="4" se_offset_width="2" se_offset_radial="2" retract=".27" agent_match_loc="false" agent_match_form="false"> he:r seat </gesture> and then he couldnt control the bus because it <gesture type="iconic" handedness="both" prep=".40" stroke=".72" se_onset_height="4" se_onset_width="2" se_onset_radial="2" se_offset_height="4" se_offset_width="2" se_offset_radial="2" retract=".50" agent_match_loc="false" agent_match_form="false"> flipped over </gesture> 
</part>

<part number="5" agentexlvl="5">
But was everyone was happy becau:se - they didnt die . u:m and you guys were gonna go to a concert
</part>

<part number="full" agentexlvl="5">
I bought some tickets to this concert . um I bought . shuttle tickets also . because I don’t [indistinguishable words] because they get packed u:m - the:n when I was on the bus it- the bus driver did a right sharp turn and the:n .<gesture type="metaphoric" handedness="both" prep=".75" stroke=".85" se_onset_height="4" se_onset_width="2" se_onset_radial="2" se_offset_height="4" se_offset_width="2" se_offset_radial="2" agent_match_loc="false" agent_match_form="false"> w:e the bus </gesture> <gesture type="metaphoric" handedness="both" stroke=".47" se_onset_height="4" se_onset_width="2" se_onset_radial="2" se_offset_height="4" se_offset_width="2" se_offset_radial="2" gent_match_loc="false" agent_match_form="false"> went on </gesture> <gesture type="metaphoric" handedness="both" stroke=".53" se_onset_height="4" se_onset_width="2" se_onset_radial="2" se_offset_height="5" se_offset_width="2" se_offset_radial="2" agent_match_loc="false" agent_match_form="false"> it’s two side wheels </gesture> becau:se - he was driving so fast on these <gesture type="iconic" handedness="both" prep=".28" stroke="1.35" se_onset_height="3" se_onset_width="2" se_onset_radial="2" se_offset_height="4" se_offset_width="2" se_offset_radial="2" agent_match_loc="false" agent_match_form="false"> narrow roads </gesture> um he <gesture type="iconic" handedness="both" stroke=".88" se_onset_height="4" se_onset_width="2" se_onset_radial="2" se_offset_height="4" se_offset_width="2" se_offset_radial="2" retract=".43" agent_match_loc="true" agent_match_form="true">t hen turned </gesture> the <gesture type="iconic" handedness="both" prep=".70" stroke=".87" se_onset_height="4" se_onset_width="3" se_onset_radial="2" se_offset_height="4" se_offset_width="3" se_offset_radial="2" retract=".99" agent_match_loc="false" agent_match_form="false"> steering wheel to the right </gesture> which made the bus stay - like elevated and the:n one of the girls out of her seat and then <gesture type="metaphoric" handedness="left" prep=".84" stroke=".69" se_onset_height="5" se_onset_width="2" se_onset_radial="2" se_offset_height="4" se_offset_width="3" se_offset_radial="3" agent_match_loc="false" agent_match_form="false"> everyone was happy </gesture> because we didnt die- well yeah<gesture type="metaphoric" handedness="both" prep=".99" stroke=".61" se_onset_height="4" se_onset_width="3" se_onset_radial="2" se_offset_height="3" se_offset_width="2" se_offset_radial="2" retract=".67" agent_match_loc="false" agent_match_form="false"> we didn’t die </gesture> and because we were gonna go to a concert
</part>
</story>
</participant>


