<?xml version="1.0" encoding="UTF-8"?>

<participant id="111">
<personality ex="4" op="4.5" ag="4.5" ems="3.5" co="4.5">
</personality>

<story id="1" order="0" version="0">
<part number="1" agentexlvl="1">
you went to EDC _ you took transportation _ so you eventually didn’t have to drive there
</part>

<part number="2" agentexlvl="2">
the . bus driver . was driving in a narrow road . and he was driving really fast _ which made you question . his driving 
</part>

<part number="3" agentexlvl="3">
since he was driving really fast there was a upcoming . sharp right turn he needed to take _ and when he took it . the bus started tipping on its two wheels and . it almost flipped over but luckily . he . turned the . wheel . and got it back to all four wheels
</part>

<part number="4" agentexlvl="4">
because of the sharp right turn - um one of the girls on the bus . actually ended up being thrown - um . and just made me think of how dangerous it . was and how much more dangerous it woulda have been if he didn’t . have control of the steering wheel . it would have caused a lot of . other things and it was scary
</part>

<part number="5" agentexlvl="5">
afterwards all the people on the bus were completely in shock of what happened - because we didn’t . die and [(  )] um . consequences and we were all _ happy because we were gonna go to . a giant thing
</part>

<part number="full" agentexlvl="5">
u:m _ I was going to . EDC and in order to get there I took public transportation so that I wouldn’t have to drive _ um as I was taking this transportation . the bus driver for some reason was driving really fast in narrow roads - um at one point he was driving so fast he needed to take a sharp right turn - but when he took that sharp right turn the bus _ was - tilting and it was on two wheels at some point, because of this one of the girls in the bus was kind of thrown against the glass . um - but luckily the bus driver was capable to - control the bus . and get it . so that all the wheels were on four _ even though afterwards everyone was _ very  scared . and wondered what the consequences could have been if he hadn’t, everyone was happy . because nothing bad had happened to them and you guys were going to a giant concert
</part>
</story>

<story id="0" order="1" version="1">
<part number="1" agentexlvl="5">
you went, when you were seventeen you went to your boyfriend's house and when you were there you had a really bad. fight
</part>

<part number="2" agentexlvl="4">
on your way there you were. driving, and you thought you had it. because you're a really good driver and you didn't want [(   )]  but you don't know why it happened
</part> 

<part number="3" agentexlvl="3">
as you were driving back. home, um your dad is really strict about curfew, so you. ran a light and you didn't think twice or looked at the light,  you. just went, and as you were going. another car came. towards you. and, it ran into the [(  )] on. the. driver's side, it could have. or it [(  )] 
</part>

<part number="4" agentexlvl="2">
when the car hit. the driver's side, the car spun out [(   )] , and you couldn't get out from your side, so. [(   )] you had to get out of the passenger side
</part>

<part number="5" agentexlvl="1">
when you went to the hospital, the doctor's told you that. um,  it was a good thing that it was. delayed or you went at the time that you did [(  )] that. much um damage towards you, [(  )] before, it would have [(  )] because of the impact
</part>

<part number="full" agentexlvl="1">
when I. was seventeen, I mean. you went to your boyfriend's house, we got into this kind of. fight, and. as you left, you came back home driving or on your way, because your dad is really strict about. um curfew, and then when you were at the light you didn't think once to. go and then. you looked up and it was green, and you just went, because of the car that came, the impact-and hit. the passenger-the driver's side of the door, but it got to where your legs were, and because of that, the car spun in circles, and you weren't able to get out. from your side, so you had to crawl to the passenger side, once you went to the hospital. um the doctors told you that you were very lucky, that if it were-had it been any earlier, um. later, you could have gotten some serious damage [(  )]
</part>
</story>
</participant>


