<participant id="112">
<personality ex="2.5" op="4" ag="5" ems="4.5" co="7">
</personality>

<story id="1" order="1" version="1">
<part number="1" agentexlvl="5">
I went to a: u:m- I went to EDC over the summer a:nd I bought . shuttle tickets t:o- so I didn’t have to drive to the venue [(   )]
</part>

<part number="2" agentexlvl="4">
The driver was driving really fast on narrow windy roads and I don’t know why he was driving that fast, -- it was dangerous 
</part>

<part number="3" agentexlvl="3">
There was a sharp right turn a:nd – the driver took it quickly so much so that the two side wheels were the only ones on the ground - but he turned the steering wheel to the right to level out the bus
</part>

<part number="4" agentexlvl="2">
It could have been really dangerous because one girl . kind of . fell out of her seat if he wouldn’t have uh . leveled out the truck- I mean the bus - and it kind of flipped over
</part>

<part number="5" agentexlvl="1">
So afterwards you were like super happy that we didn’t die – because we were gonna go to a concert
</part>

<part number="full" agentexlvl="1">
U:m – in the summer I was going to an EDC festival and I took the . shuttle bus . um  where I was going so I didn’t have to drive, the driver was driving really fast in this big bus . on narrow streets – a:nd took a quick right turn - um . and the bus almost flipped over it was on its two side wheels but he was able to steer it – a:nd . level it out u:m – a:nd we were really happy that we didn’t die because we were going to a festival 
</part>
</story>

<story id="0" order="0" version="0">
<part number="1" agentexlvl="1">
I was seventeen . on a Sunday - and I got into a huge fight with my boyfriend like we were screaming and everything
</part>

<part number="2" agentexlvl="2">
I was driving over there and I was crying . and I’m a really good driver so I don’t know why this happened to me
</part>

<part number="3" agentexlvl="3">
I was right in front of my house and I was late for er- it was 10:55 and I didn’t want to miss curfew because my dads a stickler for curfew – uh so I just took off when the green light showed . a:nd I got rear ended or I got - hit on the right side of my car 
</part>

<part number="4" agentexlvl="4">
The car was all smokey and spinning - a:nd I couldn’t get out of my car . so I climbed out the passenger door u:h through an adrenaline rush
</part>
<part number="5" agentexlvl="5">
Yeah I went to the ER and I had 3 broken – uh ribs a:nd something else um – uh and the doctors said if I hadn’t gotten out sooner then I would have died from the -collision of the car or something - uh - I don’t know 
</part>

<part number="full" agentexlvl="5">
Uh it was a Sunday – a:nd I drove over to my boyfriends house . we got in a huge fight – u:m . then I left I was crying - and I was about to miss curfew right in front of my fathers- uh right in front of my house – u:m s:o right when the green light went I took off without looking I got hit on the right side of my car, the car started spinning - a:nd u:m I had three broken ribs . a:nd - something else wrong with me like my liver or lungs or something, u:m but thankfully I got out or I would have died
</part>
</story>
</participant>


