<participant id="113">
<personality ex="4" op="4" ag="5" ems="4" co="6">
</personality>

<story id="1" order="0" version="1">
<part number="1" agentexlvl="5">
So over the summe:r you went to EDC which is a festival – and the:n you --- like -- oh you you like . thrown something at somebody
</part>

<part number="2" agentexlvl="4">
Ok so you say the road was really narrow and then the guy was driving - really fast but you think that the guy shouldnt be driving so fast because . the roads really narrow
</part>

<part number="3" agentexlvl="3">
So there is gonna be a really sharp right turn and then the bus is coming to him at the same time um- um- the - um- so then - he managed not to hit the bus because he just - like . react very quickly and made another right turn
</part>

<part number="4" agentexlvl="2">
ok s:o - the . girl sitting in front . she almost flew over and then it was really scary 
</part>

<part number="5" agentexlvl="1">
s:o everyone with you was stoked on that you didnt die because you were going to a giant concert which would be very exciting
</part>

<part number="full" agentexlvl="1">
Ok so over the summer we were planning to go to a . EDC festival and every one of us was so excited and then we drive there and on the um - way the driver- I mean a guy he- he drove so quickly and so fast that when the road . was so narrow that he was not supposed to drive that fast and like - um - I was so scared and then . in there- in front of the bus there was a third sharp right turn and a bus was gonna keep on this but then . um the driver managed to - make a- make a right turn to the left so that um finally the bus didn't keep on this . and at the same time a girl in the front sitting almost flew out it was so scary but - it was a -- very lucky experience that all of us didn't die and then we were so excited because we were headed to a . giant concert 
</part>
</story>

<story id="0" order="1" version="0">
<part number="1" agentexlvl="1">
S:o when you were seventeen - it was a Sunda:y when you went to your boyfriend's house and I guess you were in a very . big fight
</part>

<part number="2" agentexlvl="2">
S:o - you drove over - and then - you were very upset and you were crying - and then you were gonna go - so then you said you were a good driver
</part>

<part number="3" agentexlvl="3">
S:o you were- when you were driving- and then --- you almost - hit on something - I'm sorry
</part>

<part number="4" agentexlvl="4">
So you sp- spinned out - and there were a lot of smoke and then - um you couldn't you wanted to get out of the car but you couldn't and then you don't know what to do 
</part>

<part number="5" agentexlvl="5">
So you went to the hospital and you had 3 broken - ribs -- and the:n the- you said it's kind of lucky you did - um if not the car would have just ran over [indistinguishable words]
</part>

<part number="full" agentexlvl="5">
So when I was seventeen on a Sunday I went to my boyfriends house, but then we had a big fight -- over each other and - I: wanted to leave and then I drive back- I wanted to drive back um- so on the way I had a car accident that  I hit a er- bus - in a crossroad and then . so I was - trying to get out of the car because there was a lot of smoke after the hit, - um and i was sent to the - hospital that I had three broken ribs - but it's lucky I didn't die
</part>
</story>
</participant>


