<?xml version="1.0" encoding="UTF-8"?>

<participant id="114">
<personality ex="3" op="6" ag="5" ems="3.5" co="4.5">
</personality>

<story id="1" order="1" version="0">
<part number="1" agentexlvl="1">
last summer I went to EDC, it was like a music festival, I bought shuttle. tickets - u:m - because driving - you couldn’t drive, um, a:nd, the festival
</part>

<part number="2" agentexlvl="2">
so the driver was driving, and then. the bus was like really narrow, I don’t know why they were so narrow,  and he, the dr-driver shouldn’t drive so fast 
</part>

<part number="3" agentexlvl="3">
and then. uh, there was a sharp turn and then the bus came even, and then - uh - - the bus. like, uh - -like everyone would be 
</part>

<part number="4" agentexlvl="4">
the-the girl that she. flew. flipp-flipped over, and then - - he [untranscribable] the bus flip over - and he should have levered the bus like - uh
</part>

<part number="5" agentexlvl="5">
but then everyone was like. really happy, because like. they get to go to the music concert, a:nd - we were super happy that we didn’t die 
</part>

<part number="full" agentexlvl="5">
um last summer, u:h I went to EDC, it was a music festival, um. I bought a shuttle ticket. because I didn’t want to drive, a:nd. the bus was. really narrow, I don’t know why it was so narrow, um. and then, there was a sharp right turn, and everyone. and the bus was uneven, uh everyone was. not uneven, um. and then a girl flew out of her seat, flipped out of her seat, um, like, but then. everyone has to be lever-like the driver shouldn’t be driving so fast, um. but then everyone was happy because they didn’t die, um. and they get to go to music concert after all
</part>
</story>

<story id="0" order="0" version="1">
<part number="1" agentexlvl="5">
when I was seventeen, on a sunday. me and my boyfriend got in a really big fight
</part>

<part number="2" agentexlvl="4">
yeah I was crying, and. I was a really good driver
</part>

<part number="3" agentexlvl="3">
now I was at a street before my house, and. a car. ran in the the li-the red light, and my dad has-is a real stickler for curfew, a:nd the car just. rammed and. it rammed 
</part>

<part number="4" agentexlvl="2">
so then the - um. car was - - and I couldn't get out, and I was across from the passenger seat
</part>

<part number="5" agentexlvl="1">
and when I was in the hospital, and I had bro-bruised lung, and then. they said if it was - closer. I would have. been dead, and I wouldn't have survived, and that's my story
</part>

<part number="full" agentexlvl="1">
</part>
</story>
</participant>
