<?xml version="1.0" encoding="UTF-8"?>

<participant id="115">
<personality ex="7" op="6" ag="4.5" ems="4" co="3.5">
</personality>

<story id="1" order="0" version="0"> 
<part number="1" agentexlvl="1"> 
yeah s:o o:ver the summer you went to EDC _ a:nd y:ou bought shuttle tickets so that you didn’t have to drive . a:nd the shuttles were like . <gesture type="metaphoric" handedness="both" prep=".545" stroke=".037" se_onset_height="3" se_onset_width="3" se_onset_radial="5" se_offset_height="3" se_offset_width="3" se_offset_radial="5" retract=".034" agent_match_loc="false" agent_match_form="false"> giant </gesture> tour buses
</part>

<part number="2" agentexlvl="2"> 
Yeah u:m you were driving – on a really narrow windy road, and the bus driver was driving super fast s:o he shouldn’t have been doing that because they were these big giant tour buses a:nd um it was really narrow
</part>

<part number="3" agentexlvl="3"> 
s:o the bus got flipped onto it’s <gesture type= "metaphoric" handedness="both" prep="1.10" stroke="1.52" se_onset_height="4" se_onset_width="2" se_onset_radial="1" se_offset_height="4" se_offset_width="2" se_offset_radial="1" hold="1.22" agent_match_loc="false" agent_match_form="false"> side </gesture> onto two different wheels but luckily he <gesture type="iconic" handedness="both" stroke="3.66" se_onset_height="4" se_onset_width="2" se_onset_radial="1" se_offset_height="4" se_offset_width="2" se_offset_radial="1" hold="1.87" agent_match_loc="true" agent_match_form="false"> turned </gesture> his wheel just in time, a:nd um _ th:e bus driver [(   )] <gesture type="metaphoric" handedness="both" stroke="1.95" se_onset_height="4" se_onset_width="2" se_onset_radial="1" se_offset_height="4" se_offset_width="2" se_offset_radial="1" hold="2.145" retract=".056" agent_match_loc="true" agent_match_form="false"> even </gesture> out . a:nd um yeah he did it just in time
</part> 

<part number="4" agentexlvl="4"> 
So one of the girls flew out of the seat , a:nd um . it would have been really scary if sh:e _ um [(   )] <gesture type="iconic" handedness="both" prep=".41" stroke=".92" se_onset_height="3" se_onset_width="2" se_onset_radial="1" se_offset_height="4" se_offset_width="2" se_offset_radial="1" hold="1.36" agent_match_loc="true" agent_match_form="true"> flipped </gesture> out if he hadn’t . <gesture type="metaphoric" handedness="both" stroke="2.55" se_onset_height="4" se_onset_width="2" se_onset_radial="2" se_offset_height="3" se_offset_width="2" se_offset_radial="2" retract=".64" agent_match_loc="false" agent_match_form="false"> done it </gesture> in time
</part> 

<part number="5" agentexlvl="5"> 
But afterwards everyone wa:s super happy _ u:m because _ y:ou were going- everyone was okay we didn’t die _ you didn’t die a:nd um you were going to this <gesture type="metaphoric" handedness="both" prep=".28" stroke=".63" se_onset_height="1" se_onset_width="2" se_onset_radial="3" se_offset_height="1" se_offset_width="3" se_offset_radial="4" retract=".31" agent_match_loc="true" agent_match_form="true"> giant </gesture> concert a:nd yeah that’s it
</part> 

<part number="full" agentexlvl="5"> 
Okay, u:m s:o over the summer I was going to <gesture type="beat" handedness="left" prep=".51" stroke=".45" se_onset_height="3" se_onset_width="2" se_onset_radial="3" se_offset_height="3" se_offset_width="3" se_offset_radial="3" retract=".53" agent_match_loc="false" agent_match_form="false"> EDC </gesture> which is like this <gesture type="metaphoric" handedness="both" prep=".35" stroke=".39" se_onset_height="3" se_onset_width="3" se_onset_radial="4" se_offset_height="4" se_offset_width="3" se_offset_radial="4" retract=".48" agent_match_loc="true" agent_match_form="true"> hu:ge </gesture> music festival , a:nd um I got <gesture type="beat" handedness="both" stroke="1.09" se_onset_height="4" se_onset_width="1" se_onset_radial="1" se_offset_height="4" se_offset_width="1" se_offset_radial="1" hold="1.18" agent_match_loc="false" agent_match_form="false"> shuttle passes </gesture> for a shuttle <gesture type="beat" handedness="both" stroke=".91" se_onset_height="4" se_onset_width="1" se_onset_radial="1" se_offset_height="4" se_offset_width="1" se_offset_radial="1" agent_match_loc="no" agent_match_form="false"> bus </gesture> [(   )] these <gesture type="metaphoric" handedness="both" stroke="2.54" se_onset_height="4" se_onset_width="1" se_onset_radial="1" se_offset_height="4" se_offset_width="1" se_offset_radial="1" hold=".49" agent_match_loc="false" agent_match_form="false"> huge </gesture> giant tour buses um so I didn’t have to <gesture type="iconic" handedness="both" stroke="1.04" se_onset_height="4" se_onset_width="1" se_onset_radial="1" se_offset_height="4" se_offset_width="1" se_offset_radial="2" hold="1.66" agent_match_loc="false" agent_match_form="false"> drive </gesture>, a:nd um - the bus <gesture type="beat" handedness="both" stroke="1.31" se_onset_height="4" se_onset_width="1" se_onset_radial="1" se_offset_height="4" se_offset_width="1" se_offset_radial="1" hold=".54" agent_match_loc="false" agent_match_form="false"> driver </gesture> was driving down these tiny <gesture type="metaphoric" handedness="both" prep=".51" stroke="1.49" se_onset_height="5" se_onset_width="2" se_onset_radial="2" se_offset_height="4" se_offset_width="2" se_offset_radial="1" hold="2.28" agent_match_loc="false" agent_match_form="false"> narrow </gesture> roads _ a:nd um he was driving way too fast especially <gesture type="beat" handedness="both" stroke=".59" se_onset_height="4" se_onset_width="1" se_onset_radial="1" se_offset_height="4" se_offset_width="1" se_offset_radial="2" hold=".47" agent_match_loc="false" agent_match_form="false"> considering </gesture> the roads were too . <gesture type="metaphoric" handedness="both" prep=".39" stroke="1.96" se_onset_height="5" se_onset_width="2" se_onset_radial="2" se_offset_height="4" se_offset_width="2" se_offset_radial="1" retract=".4" agent_match_loc="false" agent_match_form="false"> narrow </gesture> and this big giant <gesture type="iconic" handedness="left" prep=".44" stroke="1.32" se_onset_height="5" se_onset_width="2" se_onset_radial="2" se_offset_height="4" se_offset_width="2" se_offset_radial="1" hold=".39" agent_match_loc="false" agent_match_form="false"> tour bus </gesture> a:nd we ended up <gesture type="iconic" handedness="both" stroke="1.69" se_onset_height="4" se_onset_width="1" se_onset_radial="1" se_offset_height="4" se_offset_width="3" se_offset_radial="3" agent_match_loc="true" agent_match_form="true"> flipping </gesture> over uh kinda almost flipping over <gesture type="metaphoric" handedness="both" stroke="1.06" se_onset_height="4" se_onset_width="3" se_onset_radial="3" se_offset_height="4" se_onset_width="3" se_offset_radial="3" agent_match_loc="false" agent_match_form="false"> we were </gesture> on two different <gesture type="iconic" handedness="both" prep=".86" stroke="1.21" se_onset_height="6" se_onset_width="3" se_onset_radial="2" se_offset_height="5" se_offset_width="3" se_offset_radial="1" hold="3.17" agent_match_loc="false" agent_match_form="false"> wheels </gesture> – a:nd um – luckily the bus driver <gesture type="iconic" handedness="both" stroke="1.73" se_onset_height="4" se_onset_width="2" se_onset_radial="2" se_offset_height="4" se_offset_width="2" se_offset_radial="1" agent_match_loc="false" agent_match_form="false"> turned </gesture> the wheel [indistinguishable word] to- at the right time and we were able to <gesture type="metaphoric" handedness="both" stroke="4.22" se_onset_height="4" se_onset_width="2" se_onset_radial="1" se_offset_height="4" se_offset_width="1" se_offset_radial="1" agent_match_loc="false" agent_match_form="false"> get back </gesture> on all four . bu:t when w:e <gesture type="iconic" handedness="both" prep="1.10" stroke="1.04" se_onset_height="4" se_onset_width="2" se_onset_radial="1" se_offset_height="3" se_offset_width="2" se_offset_radial="2" agent_match_loc="false" agent_match_form="false"> went on </gesture> to the side one of the girls had <gesture type="iconic" handedness="both" prep=".53" stroke=".605" se_onset_height="5" se_onset_width="2" se_onset_radial="2" se_offset_height="3" se_offset_width="2" se_offset_radial="2" hold=".51" agent_match_loc="true" agent_match_form="true"> flown </gesture> - out of her seat so it potentially could have been really dangerous but um she ended up being completely fine, __ a:nd um <gesture type="metaphoric" handedness="right" stroke=".44" se_onset_height="4" se_onset_width="1" se_onset_radial="1" se_offset_height="4" se_offset_width="2" se_offset_radial="2" agent_match_loc="false" agent_match_form="false"> afterwards </gesture> like . <gesture type="metaphoric" handedness="both" stroke="1.01" se_onset_height="4" se_onset_width="2" se_onset_radial="2" se_offset_height="4" se_offset_width="2" se_offset_radial="4" agent_match_loc="false" agent_match_form="false"> even though </gesture> we had just saw that happen . um <gesture type="metaphoric" handedness="both" prep=".53" stroke=".94" se_onset_height="4" se_onset_width="2" se_onset_radial="4" se_offset_height="5" se_offset_width="2" se_offset_radial="5" agent_match_loc="false" agent_match_form="false"> the:re_ </gesture> <gesture type="metaphoric" handedness="both" stroke="2.73" se_onset_height="5" se_onset_width="2" se_onset_radial="4" se_offset_height="3" se_offset_width="2" se_offset_radial="4" retract=".83" agent_match_loc="true" agent_match_form="true"> everyone </gesture> was super happy because we were going to this  big giant festival and yeah that’s it
</part>
</story>

<story id="0" order="1" version="1">
<part number="1" agentexlvl="5">
when I was seventeen, I:, well it was a sunday, and I: was at my boyfriend's house, and we got into this really really <gesture  type="metaphoric" handedness="both" prep=".55" stroke=".6" se_onset_height="4" se_onset_width="3" se_onset_radial="5" se_offset_height="4" se_offset_width="2" se_offset_radial="5" retract=".6" agent_match_loc="true" agent_match_form="true"> huge </gesture> fight
</part>

<part number="2" agentexlvl="4">
um. we:ll I had driven over there, a:nd I: um, so I like decided to leave, and I was crying, but I'm like a really good driver so I don't know why this happened to me
</part>

<part number="3" agentexlvl="3">
 yeah, u:m I was going to miss curfew, and s:o um when the light turned green I just went for it, I didn't even look twice, a:nd. um suddenl:y another car hit on me, and like. rammed right into where like right into my hip
</part>

<part number="4" agentexlvl="2">
so the car span and it was really really <gesture  type="metaphoric" handedness="both" prep=".69" stroke="1.57" se_onset_height="3" se_onset_width="5" se_onset_radial="3" se_offset_height="3" se_offset_width="5" se_offset_radial="3" retract="1.34" agent_match_loc="false" agent_match_form="false"> smokey, </gesture> and um, I couldn't get out of <gesture  type="deictic" handedness="left" prep=".84" stroke=".5" se_onset_height="5" se_onset_width="1" se_onset_radial="2" se_offset_height="5" se_offset_width="1" se_offset_radial="2" hold="1.34" agent_match_loc="true" agent_match_form="false"> my door </gesture> because the <gesture type="iconic" handedness="left" stroke="1.12" se_onset_height="4" se_onset_width="1" se_onset_radial="2" se_offset_height="4" se_offset_width="1" se_offset_radial="1" hold=".51" agent_match_loc="true" agent_match_form="false"> passenger, </gesture> or through the door that they kicked <gesture type="metaphoric" handedness="left" stroke=".705" se_onset_height="4" se_onset_width="1" se_onset_radial="2" se_offset_height="4" se_offset_width="1" se_offset_radial="3" retract=".92" agent_match_loc="false" agent_match_form="false"> in, </gesture> so I like <gesture type="iconic" handedness= "right" prep=".29" stroke="1.97" se_onset_height="4" se_onset_width="2" se_onset_radial="2" se_offset_height="4" se_offset_width="3" se_offset_radial="4" hold=".8" retract=".51" agent_match_loc="false" agent_match_form="false"> crawled out </gesture> of the. passenger door or whatever, and got out
</part>

<part number="5" agentexlvl="1">
s:o when I got to the hospital, um I found out I had <gesture type="iconic" handedness="right" prep=".71" stroke="1.805" se_onset_height="4" se_onset_width="1" se_onset_radial="2" se_offset_height="4" se_offset_width="1" se_offset_radial="2" hold="1.02" retract=".8" agent_match_loc="false" agent_match_form="false"> three broken ribs </gesture> and a bruised lung, a:nd um. they told me that if I had. gone a: second sooner, then. I. would have been hit because the impact would be so bad [untranscribable]
</part>

<part number="full" agentexlvl="1">
s:o it was a sunday, no. I was seventeen, a:nd uh well, it was a sunday, a:nd I went over to my boyfriend's house and we got into this like really really <gesture  type="metaphoric" handedness="both" prep=".57" stroke=".85" se_onset_height="3" se_onset_width="3" se_onset_radial="4" se_offset_height="3" se_offset_width="3" se_offset_radial="4" retract=".55" agent_match_loc="true" agent_match_form="true"> huge </gesture> fight, a:nd um - so I had driven there a:nd I was crying, and so like I decided to leave, and then. um - I decided to leave - a:nd I was driving home, oh. and I-I. I'm driving home, and my dad is like a real stickler for curfew, and I was about to miss it, it was ten fifteen, a:nd um, when the light turned green, I swerved, I didn't even look once, and um then a car hit <gesture  type="deictic" handedness="left" prep=".34" stroke=".76" se_onset_height="5" se_onset_width="3" se_onset_radial="3" se_offset_height="5" se_offset_width="2" se_offset_radial="3" retract=".71" agent_match_loc="false" agent_match_form="false"> me, </gesture> a:nd um hit my <gesture  type="iconic" handedness="left" prep=".33" stroke=".55" se_onset_height="1" se_onset_width="2" se_onset_radial="3" se_offset_height="1" se_offset_width="1" se_offset_radial="3" agent_match_loc="false" agent_match_form="false"> left leg, </gesture> a:nd um, whe:n it hit me, I spun out of control, and the re- uh, the <gesture  type="iconic" handedness="both" prep=".48" stroke=".53" se_onset_height="3" se_onset_width="2" se_onset_radial="3" se_offset_height="4" se_offset_width="1" se_offset_radial="2" hold="2.25" agent_match_loc="true" agent_match_form="false"> side door </gesture> was completely caved in, so I couldn't get out of <gesture type="metahporic" handedness="both" stroke=".66" se_onset_height="4" se_onset_width="1" se_onset_radial="2" se_offset_height="4" se_offset_width="2" se_offset_radial="3" agent_match_loc="false" agent_match_form="false"> there, </gesture> so I had to <gesture  type="iconic" handedness="both" stroke=".94" se_onset_height="4" se_onset_width="2" se_onset_radial="3" se_offset_height="4" se_offset_width="2" se_offset_radial="4" hold="1.405" agent_match_loc="false" agent_match_form="false"> climb </gesture> out of the passenger side, when I was at the hospital, they told me that I had three broken ribs, a bruised lung, a:nd if I had been, um apparently if I had <gesture type="metaphoric" handedness="both" stroke=".9" se_onset_height="4" se_onset_width="2" se_onset_radial="2" se_offset_height="4" se_offset_width="3" se_offset_radial="4" hold="2.54" agent_match_loc="true" agent_match_form="false"> gone </gesture> any second sooner, the:n I. probably would have <gesture type="metaphoric" handedness="both" stroke=".76" se_onset_height="4" se_onset_width="2" se_onset_radial="1" se_offset_height="4" se_offset_width="2" se_offset_radial="2" agent_match_loc="false" agent_match_form="false"> died, </gesture> because the <gesture  type="metaphoric" handedness="both" stroke="1.7" se_onset_height="4" se_onset_width="2" se_onset_radial="2" se_offset_height="4" se_offset_width="2" se_offset_radial="2" hold="18.67" retract=".55" agent_match_loc="false" agent_match_form="false"> impact </gesture> would have been so strong, u:m a:nd, yeah, that's the story 
</part>
</story>
</participant>
