<?xml version="1.0" encoding="UTF-8"?>

<participant id="116">
<personality ex="4" op="6.5" ag="3" ems="6.5" co="5">
</personality>

<story id="1" order="1" version="1">
<part number="1" agentexlvl="5">
uh, over the summer you went to EDC which is a music festival and you got shuttle tickets, so that you didn't have to drive there, and they. took you there
</part>

<part number="2" agentexlvl="4">
the road was really narrow, and. it was probably too narrow for buses, u:m. the road was windy and the bus driver was driving really fast - for such a winding. road
</part>

<part number="3" agentexlvl="3">
u:h the driver took a really sharp right turn, and the bus went on its two <gesture type="iconic" handedness="both" prep=".25" stroke=".38" se_onset_height="2" se_onset_width="3" se_onset_radial="4" se_offset_height="2" se_offset_width="2" se_offset_radial="2" retract=".53" agent_match_loc="false" agent_match_form="false"> side wheels, </gesture> but then he quickly <gesture type="iconic" handedness="right" prep="1.05" stroke="1.9" se_onset_height="2" se_onset_width="3" se_onset_radial="3" se_offset_height="2" se_offset_width="2" se_offset_radial="1" agent_match_loc="true" agent_match_form="false"> turned </gesture> his wheel to the other. direction, and. it went back to <gesture type="metaphoric" handedness="left" prep="1.11" stroke=".71" se_onset_height="2" se_onset_width="2" se_onset_radial="1" se_offset_height="2" se_offset_width="2" se_offset_radial="1" retract=".39" agent_match_loc="false" agent_match_form="false"> normal </gesture>
</part>

<part number="4" agentexlvl="2">
on of the girls in front of you. flew out of her seat, so that would have been dangerous if he didn't roll over the bus, if the bus driver hadn't rolled over the bus. in time, or. at all
</part>

<part number="5" agentexlvl="1">
in the end everyone was pretty happy. that no one died, so that they're going to a. giant concert, that's it
</part>

<part number="full" agentexlvl="1">
over the summer I went to EDC, which is a. music festival, and uh. I got shuttle tickets, so that I didn't have to drive, um while driving. the bus driver went on a. really narrow road, probably too narrow for. such a big bus, uh he took a sharp right turn, and the bus went on its two side wheels, uh the bus got flipped over but then he quickly leveled it by. turning to the other direction, uh the girl in front me flew up out of her seat, it could have been dangerous if he didn't. uh pull that maneuver he tried, uh in the end everyone was pretty happy that no one died, because we were going to a giant concert 
</part>
</story>

<story id="0" order="0" version="0">
<part number="1" agentexlvl="1">
when you were seventeen, well it was sunday, and you went to your boyfriend's house, and. then you got into a fight, and there was screaming
</part>

<part number="2" agentexlvl="2">
you drove over there, so. you. said okay, you're going to leave, and. something happened to you. that shouldn't have happened, because you're a good driver
</part>

<part number="3" agentexlvl="3">
another car rammed. your door
</part>

<part number="4" agentexlvl="4">
you spun out, and it got really smokey, and you didn't know if the car was going to explode or not, and you couldn't get out because the door was. bent
</part>

<part number="5" agentexlvl="5">
 you went to the hospital and had three broken ribs, a bruised lung, and if you left. at. different, a slightly different time, you wouldn't have made it, because it would have impacted your body differently
</part>

<part number="full" agentexlvl="5">
so I was seventeen, and it was a sunday, and I went to my. boyfriend's house, and. I got in a fight and we started screaming at each other, and I had my car, so. I said okay I'm leaving, and then I got to. an intersection, and. the car rammed into me - - and. I spun out, and the. car got smokey, and I didn't know if it was going to explode or not, but I couldn't get out. because. the door was bent, then I got to the hospital a:nd I had three broken ribs, a bruised lung, and the doctor said I would not have made it if I had left - a little sooner, because. of the way. the car. hit me 
</part>
</story>
</participant>