<?xml version="1.0" encoding="UTF-8"?>

<participant id="117">
<personality ex="4" op="4.5" ag="4.5" ems="4.5" co="5.5">
</personality>

<story id="1" order="0" version="1">
<part number="1" agentexlvl="5">
u:h you went to EDC, which is like a music festival, and you bought. shuttle tickets, so you wouldn't have to drive there, so you went in a big bus
</part>

<part number="2" agentexlvl="4">
the guy who was driving was driving a narrow road, and he was going really fast, and it was windy road, so he shouldn't have been driving fast
</part>

<part number="3" agentexlvl="3">
uh the driver took a sharp right <gesture type="iconic" handedness="right" prep=".72" stroke=".73" se_onset_height="2" se_onset_width="3" se_onset_radial="3" se_offset_height="2" se_offset_width="3" se_offset_radial="3" retract=".6" agent_match_loc="true" agent_match_form="false"> turn, </gesture> a:nd the bus was on two wheels, but then the driver. turned the bus, and. it landed back on its wheels
</part>

<part number="4" agentexlvl="2">
uh a girl in the front seat. flew out of her seat when the bus. uh tilted over, so it could have been very dangerous if the bus had flipped over
</part>

<part number="5" agentexlvl="1">
everybody was. just super excited for the concert, they were happy that they didn't get hurt
</part>

<part number="full" agentexlvl="1">
uh over the summer. we bought tickets to go to EDC, which is like a giant music festival, a:nd we bought shuttle tickets so we wouldn't have to drive ourselves there, um. the driver. who was driving us was on a very narrow and windy road, but he was going pretty fast, a:nd. he took a sharp right turn and the bus went over onto two wheels, a:nd we almost tilted over, but he fixed it by turning the other way and <gesture type="iconic" handedness="right" prep=".54" stroke=".75" se_onset_height="2" se_onset_width="3" se_onset_radial="3" se_offset_height="2" se_offset_width="3" se_offset_radial="3" retract=".71" agent_match_loc="true" agent_match_form="false"> leveling </gesture> the bus, it was pretty scary because the girl in the front um. flew out of her seat when the bus was on two wheels, so she could have got hurt, but um. nobody got hurt and we were all just really excited to go to the music festival 
</part>
</story>

<story id="0" order="1" version="0">
<part number="1" agentexlvl="1">
it was a sunday, and you went to your boyfriend's house, and you guys got in an argument and it was an all out screaming match
</part>

<part number="2" agentexlvl="2">
 you drove yourself to his house, so you decided you were goin-going to leave, but you were. crying and stuff, but you're a really good driver 
</part>

<part number="3" agentexlvl="3">
you were almost at your house, like right in front of it, a:nd you're rushing to get home because your dad is a real stickler about curfew and you didn't want to miss curfew, a:nd so you went through the light without regard. just trying to get there, and a car rammed into the front of you car
</part>

<part number="4" agentexlvl="4">
the car was really smokey, and you thought it was going to blow up, s:o. the adrenaline started kicking in, and you couldn't find a way out. of your door, so. you ended up crawling out the passenger door
</part>

<part number="5" agentexlvl="5">
you went to the hospital, they said you had three broken ribs and a bruised lung, and they told you that if you went any sooner than you did at the light, then you could have died. in the car crash
</part>

<part number="full" agentexlvl="5">
it was sunday and I went to my boyfriend's house, and. we got in an argument. a:nd we started. screaming at each other, it was like a screaming match, a:nd I drove myself there so I decided to just leave, even though I was crying. I knew I was a good driver, so I started driving home. a:nd when I got close to my house, like really close to my house, um. I was trying to rush to get home because my dad is really strict about curfew, and I wanted to make curfew, when I. went through the light. I-a car hit my front end, a:nd. it was really bad, it was star-the car started smoking, and I thought it was going to explode, s:o the adrenaline started kicking in as I tried to find a way out, and I eventually got out through the passenger door, um when I went to the hospital they told me I had three broken ribs and a bruised lung, and they said if I had gone through the light any sooner then I could have been seriously injured, I could have died because the car crash would have been more direct  
</part>
</story>
</participant>