<?xml version="1.0" encoding="UTF-8"?>

<participant id="118">
<personality ex="7" op="6" ag="4" ems="4" co="5">
</personality>

<story id="1" order="1" version="0">
<part number="1" agentexlvl="1">
over the summer you went to EDC and you bought shuttle tickets, that way you wouldn't have to drive to the event, and the tour buses would take you
</part>

<part number="2" agentexlvl="2">
the guy was driving really fast and he shouldn't have been driving that fast. because the windy road
</part>

<part number="3" agentexlvl="3">
so. the guy was driving and he pulled to the right, and the bus tipped over, and it said it evened out and it was fine
</part>

<part number="4" agentexlvl="4">
so the girl that was sitting in the front. flew out of her seat, and it could have been really dangerous if. he wasn't able to level the bus out again, but then it flipped over
</part>

<part number="5" agentexlvl="5">
so then. in the end everyone was happy that you didn't die because. you were going to go to a giant concert
</part>

<part number="full" agentexlvl="5">
so I was going to go to EDC which is this really big concert, and. I bought. shuttle tickets so I wouldn't have to drive to the event, and we got there on a big bus, a:nd the bus was going, and he was going to make a <gesture type="deictic" handedness="left" prep=".48" stroke=".8" se_onset_height="2" se_onset_width="5" se_onset_radial="5" se_offset_height="3" se_offset_width="2" se_offset_radial="1" agent_match_loc="true" agent_match_form="true"> right </gesture> hand turn, and then someone <gesture type="iconic" handedness="left" prep=".59" stroke=".6" se_onset_height="3" se_onset_width="4" se_onset_radial="2" se_offset_height="3" se_offset_width="2" se_offset_radial="2" agent_match_loc="false" agent_match_form="false"> came at </gesture> him and then the bus started to <gesture type="iconic" handedness="left" stroke="2.29" se_onset_height="3" se_onset_width="2" se_onset_radial="2" se_offset_height="3" se_offset_width="5" se_offset_radial="5" retract=".53" agent_match_loc="true" agent_match_form="false"> flip </gesture> over, a:nd then it was okay, but then someone in the front seat <gesture type="iconic" handedness="left" prep=".54" stroke="1.72" se_onset_height="4" se_onset_width="3" se_onset_radial="2" se_offset_height="4" se_offset_width="3" se_offset_radial="1" retract=".57" agent_match_loc="true" agent_match_form="false"> flew out </gesture> of her seat, a:nd luckily the bus driver was able to <gesture type="iconic" handedness="left" prep=".92" stroke=".58" se_onset_height="1" se_onset_width="3" se_onset_radial="5" se_offset_height="2" se_offset_width="3" se_offset_radial="1" retract=".73" agent_match_loc="true" agent_match_form="false"> level </gesture>  the bus, or else it could have been really dangerous but then the bus ended up tipping over anyway, a:nd then in the end everyone was really happy that we didn't die because we were going to go to a big concert
</part>
</story>

<story id="0" order="0" version="1">
<part number="1" agentexlvl="5">
when you were seventeen you went to your boyfriend’s house, and got in a really really huge fight
</part>

<part number="2" agentexlvl="4">
um. you were crying, a:nd you’re a really good driver so you don’t know why that. happened to you
</part>

<part number="3" agentexlvl="3">
um. you were going to miss curfew, and your dad is a stickler, and the light turned green, and you didn’t look. where you were going, a:nd another car ran into you where your legs would be in the car
</part>

<part number="4" agentexlvl="2">
it was really smokey, and your adrenaline. built up, and you couldn’t get out of your door because it was crumpled, so you crawled out of the passenger seat
</part>

<part number="5" agentexlvl="1">
um. you got to the hospital and you had three broken ribs. and a bruised. liver, uh and they said like you had not taken off when you did, then you would have been dead because the impact would have been right on your body
</part>

<part number="full" agentexlvl="1">
so when I was seventeen, I got in a fight with my boyfriend, a:nd I was crying, a:nd I don’t even know why this happened to me, because. I’m normally a very good driver, uh and I was coming home from. his house, a:nd I was going to miss my curfew and my dad’s a stickler about curfew, a:nd I got in an accident, I. went at a green light and a car rammed right into my side, my door, a:nd it crumpled my door, and I couldn’t get out of the car, and I had to crawl out of the passenger side of the car, a:nd I: made my way to the hospital and I had three broken ribs, a:nd - a.  bruised liver, a:nd I was very lucky because the doctors say if I hadn’t taken off when I did I would have been dead, because. the impact of the other car would have been on my body
</part>
</story>
</participant>