<?xml version="1.0" encoding="UTF-8"?>

<participant id="119">
<personality ex="4.5" op="5" ag="5.5" ems="5.5" co="4">
</personality>

<story id="1" order="0" version="0">
<part number="1" agentexlvl="1">
over the summer you went to. EDC, and you bought shuttle tickets so they would take you straight to it
</part>

<part number="2" agentexlvl="2">
the guy was driving. really fast on a narrow road. that was very windy, and he shouldn't really be driving that fast
</part>

<part number="3" agentexlvl="3">
the bus hit a sharp turn, and. went on its. side, just on its two wheels, but luckily. the bus driver turned the wheel to the right, and was able to. flip the ca-flip the bus over, and stop it from flipping over
</part>

<part number="4" agentexlvl="4">
it was kind of dangerous because one of the girls fell out of her. chair, while the busses flipped over, so like if the bus did flip over, it could have been really bad, but luckily it didn't
</part>

<part number="5" agentexlvl="5">
but afterwards everyone was super happy because. we were going to a giant concert - and that's it
</part>

<part number="full" agentexlvl="5">
so like. last summer, I was going to a CDC concert, a:nd it's like a giant music concert, a:nd I decided to take the shuttle because they drive me straight there, and it's easier, b:ut. while we were going there, the bus driver was driving really fast on these really narrow windy roads, a:nd we hit a turn, and we actually flipped onto two of our wheels, a:nd luckily the bus driver was able to. turn the wheels to the right, and. narrow it out again so we didn't flip over, but it was really close, and actually. uh one of the girls in the front row, uh she fell out of her seat when we were flipped over, so. it could have been really bad if we flipped over all the way, but. after that was over we were all really excited because we were going to this huge. music concert, and that's really it
</part>
</story>

<story id="0" order="1" version="1">
<part number="1" agentexlvl="5">
when I was seventeen, on a sunday, me and my boyfriend got into this really big fight
</part>

<part number="2" agentexlvl="4">
I drove over to his house, so I was like. you know what I'm just going to leave, a:nd. but I was. like really crying, you know, a:nd I'm a really. good driver, so I don't know how this happened to me
</part>

<part number="3" agentexlvl="3">
I was like a block wa-away from my house, but. I was about to break curfew, because it was ten fifty five, my dad's a stickler for curfew, a:nd I saw the light turn green, so I just went for it, and I didn't even look around you know, and. I just went for it, and. a car rammed my front door, like right where my legs would be, just. like rammed it
</part>

<part number="4" agentexlvl="2">
so I spun out, and the car was really smokey, and. I just thought that the car was going to explode, s:o I was trying to get out and I guess like adrenaline kicked in or something, a:nd I couldn't get through my door. because it was. all banged up, so I crawled over to the passenger. door and got out that way
</part>

<part number="5" agentexlvl="1">
it turns out I had three broken ribs, a:nd a bruised lung, b:ut the doctors were saying I was super lucky, because if I had gone off a little bit. sooner, I would have. the car would have hit my body, a:nd I would have died
</part>

<part number="full" agentexlvl="1">
so when I was seventeen, uh it was on a sunday, I: drove to. my boyfriend's house, a:nd we were having a huge fight, and I was like you know what I'm just going to leave, s:o I left, but like you know I was crying a lot, a:nd I'm usually a really good driver. so I don't really know how this happened to me, bu:t I was a block away from. my dad's house, a:nd you know I was about to break curfew, it was ten fifty five, and he's. really strict about curfew, but. I saw the light turn green, a:nd I just went for it, a:nd. I didn't really look around, because I assumed I was fine, but u:h. as I was going for it, a car hit my front door, like right where my legs were, a:nd. yeah I spun out, and it was all really smokey and stuff so like I figured that. like the car was going to explode, so I was like okay I've got to get out of here, s:o. I tried to get through my door. but it was all banged up, so I couldn't do it, and at this point like adrenaline was going, so I just crawled through. the passenger door, and got out that way, a:nd later at the hospital, they told me I was. really lucky because I had. three broken ribs and a bruised lung, but if I had. left any. later. then I would have probably died because of how it would have hit my body
</part>
</story>
</participant>