<participant id="19">
<personality ex="6.25" op="6.5" ag="3.5" ems="2.5" co="3.5">
</personality>

<story id="1" order="0" version="0"> 
<part number="1" agentexlvl="1"> 
This summer I bought tickets for EDC and I bought tickets for a shuttle so I wouldn't have 
to drive and uh, the shuttle was meant to take us there.  
</part> 

<part number="2" agentexlvl="2">
We were driving on the shuttle and the shuttle was going down a very narrow road and the 
driver was going really fast and he should not have been going fast because the roads were 
really narrow and winding. 
</part> 

<part number="3" agentexlvl="3"> 
The bus driver took a sharp turn and the bus almost flipped over, but the driver took a 
quick right turn so that it evened out - the bus did. 
</part> 

<part number="4" agentexlvl="4">
Uh the bus driver was driving and a girl almost flew out of her seat because he took a very 
sharp turn and it could have been very dangerous if he had not been able to level the bus out
again. 
</part>

<part number="5" agentexlvl="5"> 
So the bus didn’t flip and everyone was super excited because they were going to a giant 
concert after. 
</part> 

<part number="full" agentexlvl="5"> 
Uh I went to EDC this summer and the bus - I bought shuttle tickets so that I wouldn’t 
have to drive there and the driver was going down very narrow roads that were very windy. 
And he almost flipped the bus over because he took a very sharp right turn but he turned - 
he leveled the bus out by turning very sharply again. Uh there was a girl on the bus who 
flew out of her seat so it could have been very dangerous if he hadn’t been able to level 
the bus out again but after um nothing happened uh and he leveled the bus out again, 
everyone was very excited because we were going to a huge concert.
</part> 
</story>

<story id="0" order="1" version="1"> 
<part number="1" agentexlvl="5"> 
Well when I was seventeen I went to my boyfriend’s house and we got in a huge fight. </part> 

<part number="2" agentexlvl="4"> 
I was on the street right before my house and I was almost late for curfew and my dad’s a 
real stickler for curfew. And the light turned green so I went without looking and a car 
rammed into the front of my car, like where my legs would be. 
</part> 

<part number="3" agentexlvl="3"> 
So I spun off and the car was smoking so I thought it was going to explode and  I tried to 
get out of the car but the door was crumpled so I got out of the side with the passenger 
side. Passenger side. 
</part> 

<part number="4" agentexlvl="2"> 
So I went to the hospital and I had three broken ribs and a bruised lung and they said I 
was very lucky because if I had not taken off a moment sooner then the car would’ve hit me 
harder and the impact would’ve been much worse.
</part> 

<part number="5" agentexlvl="1"> 
Um before you knew it you were at the hospital and you
had your broken ribs, bones and wrist and they told you that if they
did not treat you fast enough then you could have been damaged very
severely um, and-yeah. 
</part> 

<part number="full" agentexlvl="1"> 
So I went to my boyfriend’s house and we got into a huge fight and I decided to leave 
because I had driven there and I was crying but I’m a good driver so I don’t know why this 
happened to me. I was driving and I was gonna be late for curfew and my dad’s a real stickler 
for curfew and I started driving when the light turned green and I didn’t even look both ways 
and the- a car hit the side of my car, the front side of my car like where my legs would be. 
And um the- I like swerved away and the car started smoking and I thought it was going to 
explode so I tried to get out but the door was crumpled so I got out of the passenger side. 
And I went to the hospital and I had three broken ribs and a bruised lung and they said I was 
lucky because if I had left a moment sooner the car would have hit me harder and would have 
been much worse of an impact.
</part> 
</story>