<?xml version="1.0" encoding="UTF-8"?>

<participant id="120">
<personality ex="3.5" op="4" ag="5.5" ne="6" co="3.5">
</personality>

<story id="1" order="0" version="0">
<part number="1" agentexlvl="1">
huh. you went to EDC, a:nd you took some tour busses, a:nd I couldn't make out. what else you said
</part>

<part number="2" agentexlvl="2">
so you're in the-you're in the bus, and the guy was. driving super fast. in a windy road, and you didn't think he should be driving that fast on a windy road
</part>

<part number="3" agentexlvl="3">
so. the bus almost turned, or almost flipped, and then he. just <gesture type="iconic" handedness="both" prep=".42" stroke=".62" se_onset_height="3" se_onset_width="3" se_onset_radial="4" se_offset_height="5" se_offset_width="3" se_offset_radial="2" retract=".61" agent_match_loc="false" agent_match_form="false"> swung </gesture> to the right, and then um. saved you from flipping over
</part>

<part number="4" agentexlvl="4">
so. a girl. almost got. flipped out of her seat, and uh. the bus driver corrected it, or didn't correct it, she was flipped out of her seat, so it's pretty dangerous 
</part>

<part number="full" agentexlvl="5">
so. I'm going to EDC, a:nd uh. I hop on this bus, and the bus driver uh. is driving pretty fast, a:nd uh it's a windy road, and he's making all these. sharp <gesture type="iconic" handedness="both" prep=".41" stroke=".44" se_onset_height="4" se_onset_width="3" se_onset_radial="3" se_offset_height="4" se_offset_width="3" se_offset_radial="1" retract=".54" agent_match_loc="true" agent_match_form="false"> turns </gesture> and stuff, and then one chick. almost just <gesture type="iconic" handedness="right" prep=".38" stroke=".63" se_onset_height="3" se_onset_width="3" se_onset_radial="4" se_offset_height="4" se_offset_width="3" se_offset_radial="4" retract=".31" agent_match_loc="true" agent_match_form="false"> flipped </gesture> out of her seat, a:nd uh. he turns the steering wheel to <gesture type="iconic" handedness="both" prep=".57" stroke=".83" se_onset_height="3" se_onset_width="3" se_onset_radial="4" se_offset_height="4" se_offset_width="2" se_offset_radial="1" retract=".28" agent_match_loc="false" agent_match_form="false"> the right, </gesture> and uh. saves her from being <gesture type="beat" handedness="left" prep=".35" stroke=".38" se_onset_height="1" se_onset_width="2" se_onset_radial="1" se_offset_height="1" se_offset_width="2" se_offset_radial="3" retract=".36" agent_match_loc="true" agent_match_form="false"> flipped </gesture> out of the seat, which would be bad, a:nd uh. we were lucky we didn't die because - overall glad we didn't die, thankful we didn't die because uh. we were going to go see the <gesture type="metaphoric" handedness="right" prep=".15" stroke=".19" se_onset_height="3" se_onset_width="3" se_onset_radial="3" se_offset_height="4" se_offset_width="3" se_offset_radial="3" retract=".36" agent_match_loc="true" agent_match_form="false"> giant </gesture> concert
</part>
</story>

<story id="0" order="1" version="1">
<part number="1" agentexlvl="5">
when I was seventeen I went to my boyfriend's house, and we got into this huge fight
</part>

<part number="2" agentexlvl="4">
I drove over there, and I was crying and stuff, and. so uh - actually I was getting out of there, and I was crying, 
</part>

<part number="3" agentexlvl="3">
so I'm stopped at a. red light, a:nd uh. I-I'm going to turn, to go to my house, have to be home before curfew, so the ligh-the light turns green, and someone tbone's me
</part>

<part number="4" agentexlvl="2">
the car span, it was uh. super smokey, um. and uh, I couldn't climb out of the passenger seat 
</part>

<part number="5" agentexlvl="1">
um. so uh, the doctor said if you were to - to leave just a bit <gesture type="metaphoric" handedness="right" prep=".39" stroke=".47" se_onset_height="4" se_onset_width="3" se_onset_radial="3" se_offset_height="5" se_offset_width="3" se_offset_radial="3" retract=".28" agent_match_loc="true" agent_match_form="true"> early, </gesture> that you would have uh. you would have probably been killed, because it would have been a direct impact on the <gesture type="iconic" handedness="right" prep=".32" stroke=".44" se_onset_height="3" se_onset_width="2" se_onset_radial="4" se_offset_height="3" se_offset_width="2" se_offset_radial="5" retract=".52" agent_match_loc="false" agent_match_form= "false"> side. </gesture> of your car. where your body was, instead of the leg 
</part>

<part number="full" agentexlvl="1">
so. I'm driving to my uh boyfriend's house, at the time I'm seventeen, and we get into this big fight, and uh. some I'm just like I've got to get out of here, and I. <gesture type="iconic" handedness="right" prep=".58" stroke=".31" se_onset_height="4" se_onset_width="2" se_onset_radial="1" se_offset_height="3" se_offset_width="2" se_offset_radial="3" retract=".32" agent_match_loc="true" agent_match_form="false"> tearing up </gesture> a little bit, and uh. I <gesture type="beat" handedness="right" prep=".28" stroke=".55" se_onset_height="3" se_onset_width="2" se_onset_radial="4" se_offset_height="5" se_offset_width="3" se_offset_radial="4" retract=".33" agent_match_loc="false" agent_match_form="false"> come </gesture> and I'm about to get home, and <gesture type="metaphoric" handedness="right" prep=".425" stroke=".45" se_onset_height="3" se_onset_width="1" se_onset_radial="1" se_offset_height="4" se_offset_width="3" se_offset_radial="3" retract=".4" agent_match_loc="false" agent_match_form="false"> stop </gesture> at a red light, a:nd uh. I know I have to <gesture type="metaphoric" handedness="right" prep=".63" stroke=".27" se_onset_height="4" se_onset_width="4" se_onset_radial="4" se_offset_height="3" se_offset_width="3" se_offset_radial="3" retract=".33" agent_match_loc="false" agent_match_form="false"> be home </gesture> before curfew, so I'm <gesture type="metaphoric" handedness="right" prep=".295" stroke=".32" se_onset_height="4" se_onset_width="2" se_onset_radial="2" se_offset_height="2" se_offset_width="3" se_offset_radial="4" retract=".29" agent_match_loc="false" agent_match_form="false"> kind of </gesture> in a rush, a:nd uh the light turns green, and I go and then. all of a sudden. a car hits me, um. tbone's me, practically, and uh. and the car spins out, and it's super smokey and I can't get out of the um seat, um. I go to the hospital, and I have three broken ribs, and uh. yeah, pretty much sucked
</part>
</story>
</participant>