<participant id="13">
<personality ex="4.5" op="6" ag="4.5" ems="5.5" co="5.5">
</personality>

<story id="0" order="0" version="0">
<part number="1" agentexlvl="1">
when you were <gesture type="metaphoric" handedness="left" prep=".42" stroke=".45" se_onset_height="1" se_onset_width="1" se_onset_radial="3" se_offset_height="1" se_offset_width="1" se_offset_radial="3" hold="1" retract=".68" agent_match_loc="false" agent_match_form="false"> seventeen </gesture> you went to your boyfriend’s house, and you got into a fight with him, argument
</part>

<part number="2" agentexlvl="2">
so you drove over there <gesture type="metaphoric" handedness="both" prep=".45" stroke=".52" se_onset_height="1" se_onset_width="1" se_onset_radial="3" se_offset_height="2" se_offset_width="2" se_offset_radial="3" hold=".66" agent_match_loc="false" agent_match_form="false"> and then, </gesture> then <gesture type="metaphoric" handedness="both" prep=".6" stroke=".79" se_onset_height="2" se_onset_width="2" se_onset_radial="3" se_offset_height="3" se_offset_width="2" se_offset_radial="4" agent_match_loc="false" agent_match_form="false"> you just decided </gesture> <gesture type="metaphoric" handedness="both" stroke="1" se_onset_height="3" se_onset_width="2" se_onset_radial="4" se_offset_height="3" se_offset_width="2" se_offset_radial="3" hold="1.74"  agent_match_loc="true" agent_match_form="false"> to leave </gesture> and you were crying. <gesture type="metaphoric" handedness="left" stroke=".76" se_onset_height="3" se_onset_width="2" se_onset_radial="3" se_offset_height="3" se_offset_width="2" se_offset_radial="1" agent_match_loc="false" agent_match_form="false"> and you, </gesture> yo-, <gesture type="metaphoric" handedness="both" stroke="1.28" se_onset_height="3" se_onset_width="2" se_onset_radial="1" se_offset_height="3" se_offset_width="3" se_offset_radial="4" hold=".52" agent_match_loc="false" agent_match_form="false"> you’re a good driver </gesture> so you don’t know <gesture type="metaphoric" handedness="both" stroke="1.01" se_onset_height="3" se_onset_width="3" se_onset_radial="4" se_offset_height="1" se_offset_width="1" se_offset_radial="3" hold="1.35" retract=".7" agent_match_loc="false" agent_match_form="false"> why that happened </gesture> to you
</part>

<part number="3" agentexlvl="3">
so your curfew was at <gesture type="metaphoric" handedness="both" prep=".5" stroke=".63" se_onset_height="1" se_onset_width="1" se_onset_radial="3" se_offset_height="1" se_offset_width="1" se_offset_radial="3" hold="1.67" retract=".62" agent_match_loc="false" agent_match_form="false"> ten thirty </gesture> and your dad is very. uptight about your <gesture type="metaphoric" handedness="left" prep=".37" stroke="1.41" se_onset_height="1" se_onset_width="1" se_onset_radial="3" se_offset_height="1" se_offset_width="1" se_offset_radial="3" retract=".58" agent_match_loc="false" agent_match_form="false"> curfew, </gesture> so the light turned green and you <gesture type="metaphoric" handedness="left" prep="1.13" stroke="2.97" se_onset_height="1" se_onset_width="2" se_onset_radial="3" se_offset_height="3" se_offset_width="2" se_offset_radial="1" agent_match_loc="false" agent_match_form="false"> didn’t look either way, </gesture> and <gesture type="metaphoric" handedness="both" stroke="2.22" se_onset_height="3" se_onset_width="2" se_onset_radial="1" se_offset_height="3" se_offset_width="1" se_offset_radial="1" retract=".67" agent_match_loc="true" agent_match_form="false">you went and a car hit </gesture> you in the front of your door where your legs should be
</part>

<part number="4" agentexlvl="4">
so it was really <gesture type="metaphoric" handedness="both" prep=".55" stroke=".33" se_onset_height="1" se_onset_width="1" se_onset_radial="1" se_offset_height="1" se_offset_width="1" se_offset_radial="3" retract=".51" agent_match_loc="true" agent_match_form="false"> smoking, </gesture> and you started to freak out and think that 
<gesture type="metaphoric" handedness="both" prep=".95" stroke=".6" se_onset_height="1"
se_onset_width="1" se_onset_radial="3" se_offset_height="4" se_offset_width="3" se_offset_radial="4" agent_match_loc="true" agent_match_form="true"> adrenaline 
kicked in, </gesture> so you  <gesture type="metaphoric" handedness="both" stroke="1.57" se_onset_height="4" se_onset_width="3" se_onset_radial="4" se_offset_height="1" se_offset_width="1" se_offset_radial="3" retract="1.06" agent_match_loc="false" agent_match_form="false"> got out of the car </gesture> - right
</part>

<part number="5" agentexlvl="5">
uh so you had three broken ribs and a bruised lung, and the doctors told you that 
if you hadn’t gotten out in time you could’ve been dead because of the impact. 
could’ve killed you
</part>

<part number="full" agentexlvl="5">
Ok so - I was seventeen and I went to my 
<gesture type="beat" handedness="both" stroke=".78" se_onset_height="1"
se_onset_width="1" se_onset_radial="3" se_offset_height="3" se_offset_width="1" se_offset_radial="1" retract=".38" agent_match_loc="true" agent_match_form="false"> boyfriend’s house, </gesture> and we got into an  <gesture type="metaphoric" handedness="both" prep=".34" stroke=".37" se_onset_height="3" se_onset_width="1" se_onset_radial="1" se_offset_height="3" se_offset_width="1" se_offset_radial="1"
hold=".91" agent_match_loc="false" agent_match_form="false"> argument, </gesture>
and I <gesture type="beat" handedness="both" stroke=".53" se_onset_height="3"
se_onset_width="1" se_onset_radial="1" se_offset_height="3" se_offset_width="2" se_offset_radial="2" hold=".9" agent_match_loc="true" agent_match_form="false">drove there,</gesture> so I <gesture type="metaphoric" handedness="both" stroke=".99" se_onset_height="3" se_onset_width="2" se_onset_radial="2" se_offset_height="3" se_offset_width="1" se_offset_radial="1" retract=".58" agent_match_loc="false" agent_match_form="false"> left crying, </gesture> and then I was <gesture type="metaphoric" handedness="left" stroke=".43" se_onset_height="3" se_onset_width="1" se_onset_radial="1" se_offset_height="3" se_offset_width="1" se_offset_radial="1" retract=".51" agent_match_loc="false" agent_match_form="false"> worried </gesture> because my curfew is ten thirty and my dad is really uptight about that, so a light, the <gesture type="metaphoric" handedness="both" prep=".8" stroke="1.35" se_onset_height="3" se_onset_width="1" se_onset_radial="1" se_offset_height="3" se_offset_width="3" se_offset_radial="4" agent_match_loc="false" agent_match_form="false"> light was red </gesture> and then it turned green and <gesture type="metaphoric" handedness="both" stroke="1.79" se_onset_height="3" se_onset_width="3" se_onset_radial="4" se_offset_height="3" se_offset_width="1" se_offset_radial="1" hold=".73" agent_match_loc="true" agent_match_form="false"> I went </gesture> without looking either way <gesture type="metaphoric" handedness="left" stroke=".98" se_onset_height="3"
se_onset_width="1" se_onset_radial="1" se_offset_height="4" se_offset_width="4" se_offset_radial="4" hold=".77" agent_match_loc="false" agent_match_form="false"> and the </gesture> car hit <gesture type="metaphoric" handedness="left" stroke="1.3" se_onset_height="4" se_onset_width="4" se_onset_radial="4" se_offset_height="4" se_offset_width="4" se_offset_radial="5" hold=".58" agent_match_loc="false" agent_match_form="false"> the other car, </gesture> another car <gesture type="metaphoric" handedness="left" stroke="2.84" se_onset_height="4" se_onset_width="4" se_onset_radial="5" se_offset_height="4" se_offset_width="4" se_offset_radial="4" agent_match_loc="false" agent_match_form="false"> hit my car on </gesture> <gesture type="metaphoric" handedness="both" stroke="1.66" se_onset_height="4" se_onset_width="4" se_onset_radial="4" se_offset_height="1" se_offset_width="2" se_offset_radial="3" hold=".39" retract=".57" agent_match_loc="false" agent_match_form="false"> the front door </gesture> where my legs should be, <gesture type="beat" handedness="both" prep=".51" stroke=".87" se_onset_height="1" se_onset_width="2" se_onset_radial="3" se_offset_height="2" se_offset_width="2" se_offset_radial="3" hold="2.34" agent_match_loc="false" agent_match_form="false" >and, </gesture> and then adrenaline <gesture type="metaphoric" handedness="both" stroke=".94" se_onset_height="2" se_onset_width="2" se_onset_radial="3" se_offset_height="1" se_offset_width="2" se_offset_radial="4" agent_match_loc="true" agent_match_form="false"> kicked in </gesture> so I got out of <gesture type="metaphoric" handedness="right" prep=".57" stroke=".65" se_onset_height="1" se_onset_width="2" se_onset_radial="4" se_offset_height="1" se_offset_width="2" se_offset_radial="3"
agent_match_loc="false" agent_match_form="false"> the car, </gesture> because it was <gesture type="beat" handedness="both" stroke=".68" se_onset_height="1" se_onset_width="2" se_onset_radial="4" se_offset_height="1" se_offset_width="2" se_offset_radial="3"
hold="1.27" retract=".64" agent_match_loc="true" agent_match_form="false"> really smokey, </gesture> and the doctors told me. that if I  hadn’t gotten out <gesture type="beat" handedness="left" stroke=".54" se_onset_height="1" se_onset_width="1" se_onset_radial="3" se_offset_height="1" se_offset_width="1" se_offset_radial="3" retract=".4" agent_match_loc="false" agent_match_form="false"> in time </gesture> I could’ve <gesture type="metaphoric" handedness="left" stroke=".55" se_onset_height="1" se_onset_width="1" se_onset_radial="3" se_offset_height="2" se_offset_width="2" se_offset_radial="3"
agent_match_loc="false" agent_match_form="false"> died </gesture> because  <gesture type="iconic" handedness="right" stroke=".59" se_onset_height="1" se_onset_width="1" se_onset_radial="3" se_offset_height="4" se_offset_width="1" se_offset_radial="1"
hold=".53" agent_match_loc="false" agent_match_form="false"> my ribs </gesture> 
<gesture type="iconic" handedness="right" stroke=".57" se_onset_height="4"
se_onset_width="1" se_onset_radial="1" se_offset_height="4" se_offset_width="1" se_offset_radial="2" hold=".54" agent_match_loc="false" agent_match_form="false"> broke </gesture> - <gesture type="iconic" handedness="right" stroke=".57" se_onset_height="4"
se_onset_width="1" se_onset_radial="1" se_offset_height="4" se_offset_width="1" se_offset_radial="2" hold=".54" agent_match_loc="true" agent_match_form="false">three of my ribs <gesture type="iconic" handedness="right" stroke=".8" se_onset_height="4"
se_onset_width="1" se_onset_radial="2" se_offset_height="4" se_offset_width="1" se_offset_radial="3" agent_match_loc="false" agent_match_form="false"> broke 
and <gesture type="iconic" handedness="right" stroke=".81" se_onset_height="4"
se_onset_width="1" se_onset_radial="3" se_offset_height="1" se_offset_width="1" se_offset_radial="3" hold="3.43" retract=".64" agent_match_loc="false" agent_match_form="false"> one of my lungs </gesture> was bruised.
</part>
</story>

<story id="1" order="1" version="1">
<part number="1" agentexlvl="5">
uh, you went to EDC. which is a <gesture type="metaphoric" handedness="right" prep=".45" stroke=".77" se_onset_height="2" se_onset_width="1" se_onset_radial="1" se_offset_height="1" se_offset_width="2" se_offset_radial="2" hold=".68" retract=".51" agent_match_loc="false" agent_match_form="false"> music festival </gesture>, and you bought a shuttle <gesture type="beat" handedness="right" prep=".5" stroke=".44" se_onset_height="1" se_onset_width="2" se_onset_radial="2" se_offset_height="1" se_offset_width="2" se_offset_radial="2" retract=".38" agent_match_loc="false"
agent_match_form="false"> pass </gesture> so you wouldn’t have to. <gesture type="metaphoric" handedness="right" prep=".61" hold=".83" stroke="1.09"  se_onset_height="1" se_onset_width="2" se_onset_radial="2" se_offset_height="2" se_offset_width="1" se_offset_radial="1" hold="2.41" retract=".48" agent_match_loc="false" agent_match_form="false"> drive </gesture> - - right
</part>

<part number="2" agentexlvl="4">
uh the guy, the driver was driving really fast on really narrow <gesture type="beat" handedness="right" prep=".49" stroke=".26" se_onset_height="2" se_onset_width="1" se_onset_radial="1" se_offset_height="2" se_offset_width="1" se_offset_radial="1"
 retract=".47" agent_match_loc="false" agent_match_form="false"> streets </gesture> and you don’t know why he was driving that fast. and then there was a <gesture type="metaphoric" handedness="right" prep=".38" stroke=".76" se_onset_height="4"
se_onset_width="1" se_onset_radial="1" se_offset_height="2" se_offset_width="1" se_offset_radial="1" retract=".5" agent_match_loc="false" agent_match_form="false"> winding road </gesture> and, you don’t know why he was driving so fast, he shouldn’t have been driving that fast
</part>

<part number="3" agentexlvl="3">
yeah there was a turn and he was going really <gesture type="metaphoric" handedness="both" 
prep=".23" stroke=".45" se_onset_height="2" se_onset_width="1" se_onset_radial="1" se_offset_height="3" se_offset_width="2" se_offset_radial="2"
hold=".96"  agent_match_loc="false" agent_match_form="false"> fast </gesture>, and it felt like the bus went on <gesture type="metaphoric" handedness="both" prep=".56" stroke=".72" se_onset_height="3" se_onset_width="2" se_onset_radial="2" se_offset_height="4" se_offset_width="2" se_offset_radial="3" hold="1.76" agent_match_loc="false"
agent_match_form="false"> two wheels </gesture> . but then, he <gesture type="metaphoric" 
handedness="both" stroke=".52" se_onset_height="4" se_onset_width="3" se_onset_radial="2" se_offset_height="1" se_offset_width="2" se_offset_radial="3" retract=".75" agent_match_loc="true" agent_match_form="false"> turned right </gesture> quickly 
and <gesture type="metaphoric" handedness="both" prep=".82" stroke="1.33" se_onset_height="1" se_onset_width="2" se_onset_radial="2" se_offset_height="2" se_offset_width="3" se_offset_radial="4" agent_match_loc="true" agent_match_form="false"> it leveled out </gesture> <gesture type="metaphoric" handedness="both" stroke=".98" se_onset_height="2" se_onset_width="3" se_onset_radial="4" se_offset_height="1" se_offset_width="2" se_offset_radial="3" retract=".47" agent_match_loc="false"
agent_match_form="false"> the bus </gesture>. yeah
</part>

<part number="4" agentexlvl="2">
yeah so one of the girls flew out of <gesture type="beat" handedness="left" prep=".35" stroke=".86" se_onset_height="6" se_onset_width="1" se_onset_radial="1" se_offset_height="1" se_offset_width="1" se_offset_radial="2" retract=".47" agent_match_loc="false" agent_match_form="false"> the seat </gesture>, and that could’ve been really <gesture type="beat" handedness="left" prep=".15" stroke=".31" se_onset_height="1" se_onset_width="1" se_onset_radial="2" se_offset_height="1" se_offset_width="1" se_offset_radial="2" retract=".37" agent_match_loc="false"
agent_match_form="false"> dangerous </gesture> if he hadn’t leveled out <gesture type="metaphoric" handedness="both" prep=".61" stroke=".8" se_onset_height="2"
se_onset_width="1" se_onset_radial="1" se_offset_height="1" se_offset_width="2" se_offset_radial="2" retract=".56" agent_match_loc="false" agent_match_form="false"> the bus </gesture>
</part>

<part number="5" agentexlvl="1">
everyone was really happy that, everyone was ok because they were going to go to the 
<gesture type="metaphoric" handedness="both" prep=".39" stroke=".62" se_onset_height="2"
se_onset_width="1" se_onset_radial="2" se_offset_height="4" se_offset_width="4" se_offset_radial="5" agent_match_loc="true" agent_match_form="true"> huge </gesture> 
<gesture type="beat" handedness="both" stroke=".8" se_onset_height="4" se_onset_width="4" se_onset_radial="5" se_offset_height="1" se_offset_width="2" se_offset_radial="4" agent_match_loc="false" agent_match_form="false"> event </gesture>. a <gesture type="metaphoric" handedness="both" prep=".49" stroke=".33" se_onset_height="1"
se_onset_width="2" se_onset_radial="4" se_offset_height="1" se_offset_width="1" se_offset_radial="2" retract=".37" agent_match_loc="false"
agent_match_form="false"> concert </gesture>
</part>

<part number=full agentexlvl="1">
So I went to, EDC which is a <gesture type="beat" handedness="both" prep=".51" stroke=".49" se_onset_height="4" se_onset_width="1" se_onset_radial="1" se_offset_height="1" se_offset_width="1" se_offset_radial="2" retract=".21" agent_match_loc="false"agent_match_form="false"> big music </gesture> festival and I bought a shuttle pass so I wouldn’t have to drive, and <gesture type="metaphoric" handedness="right" prep=".49" stroke=".89" se_onset_height="1" se_onset_width="1" se_onset_radial="2" se_offset_height="2" se_offset_width="2" se_offset_radial="4"
agent_match_loc="false" agent_match_form="false"> the bus, the driver </gesture> was 
<gesture type="beat" handedness="right" stroke=".97" se_onset_height="2" se_onset_width="2" se_onset_radial="4" se_offset_height="3" se_offset_width="3" se_offset_radial="4" hold="1.04" agent_match_loc="true" agent_match_form="false"> driving really fast </gesture> and I was <gesture type="beat" handedness="right" stroke=".45" se_onset_height="3" se_onset_width="3" se_onset_radial="4" se_offset_height="3" se_offset_width="3" se_offset_radial="4" agent_match_loc="false" agent_match_form="false"> worried </gesture> <gesture type="beat" handedness="right" stroke=".75"  se_onset_height="3" se_onset_width="3" se_onset_radial="4" se_offset_height="2" se_offset_width="2" se_offset_radial="1" agent_match_loc="false" agent_match_form="false"> because </gesture> the <gesture type="metaphoric" handedness="both" prep=".74" stroke=".75" se_onset_height="2" se_onset_width="2" se_onset_radial="1" se_offset_height="4" se_offset_width="3" se_offset_radial="4" agent_match_loc="false" agent_match_form="false"> streets </gesture> were very <gesture type="metaphoric" handedness="both" stroke=".43" se_onset_height="4" se_onset_width="3" se_onset_radial="4" se_offset_height="3" se_offset_width="2" se_offset_radial="2" agent_match_loc="false" agent_match_form="false"> narrow </gesture> <gesture type="beat" handedness="both" 
stroke=".63" se_onset_height="3" se_onset_width="2" se_onset_radial="2" se_offset_height="3" se_offset_width="2" se_offset_radial="1" agent_match_loc="false"
agent_match_form="false"> and </gesture> there was a <gesture type="metaphoric" handedness="both" stroke="1.01" se_onset_height="3" se_onset_width="2" se_onset_radial="1" se_offset_height="3" se_offset_width="3" se_offset_radial="4" hold="1.06" agent_match_loc="false" agent_match_form="false"> winding road </gesture> and he shouldn’t be driving that fast. <gesture type="beat" handedness="both" stroke="1.09" se_onset_height="3" se_onset_width="3" se_onset_radial="4" se_offset_height="1" se_offset_width="1" se_offset_radial="2" retract=".53" agent_match_loc="false" agent_match_form="false"> and then </gesture> he turned and, I <gesture type="beat" handedness="left" prep=".23" stroke=".34" se_onset_height="1" se_onset_width="2" se_onset_radial="3" se_offset_height="1" se_offset_width="2" se_offset_radial="2"
retract=".35" agent_match_loc="false" agent_match_form="false"> felt </gesture> like the 
bus went on <gesture type="metaphoric" handedness="both" prep=".71" stroke=".43" se_onset_height="1" se_onset_width="2" se_onset_radial="2" se_offset_height="4" se_offset_width="3" se_offset_radial="4" hold=".72" agent_match_loc="false" agent_match_form="false"> two wheels </gesture> but then <gesture type="metaphoric" handedness="both" stroke=".68" se_onset_height="4" se_onset_width="3" se_onset_radial="4" se_offset_height="4" se_offset_width="3" se_offset_radial="4" hold=".55" agent_match_loc="true" agent_match_form="true"> turned back </gesture> <gesture type="metaphoric" handedness="right" stroke=".77" se_onset_height="4" se_onset_width="3" se_onset_radial="4" se_offset_height="4" se_offset_width="3" se_offset_radial="4"
agent_match_loc="false" agent_match_form="false"> to the right </gesture> <gesture type="metaphoric" handedness="both" stroke=".64" se_onset_height="4" se_onset_width="3" se_onset_radial="4" se_offset_height="4" se_offset_width="2" se_offset_radial="1"
retract=".69" agent_match_loc="true" agent_match_form="true"> and it leveled out </gesture> the bus, I was freaking <gesture type="metaphoric" handedness="both"stroke=".35" se_onset_height="4" se_onset_width="2" se_onset_radial="1" se_offset_height="4" se_offset_width="2" se_offset_radial="3" agent_match_loc="false" agent_match_form="false"> out. </gesture> <gesture type="metaphoric" handedness="both" stroke=".1.23" se_onset_height="4" se_onset_width="2" se_onset_radial="3" se_offset_height="4" se_offset_width="3" se_offset_radial="4" agent_match_loc="false" agent_match_form="false"> and then </gesture> <gesture type="metaphoric" handedness="both" 
stroke="1.18" se_onset_height="4" se_onset_width="3" se_onset_radial="4"  se_offset_height="3" se_offset_width="2" se_offset_radial="1" agent_match_loc="false" agent_match_form="false"> the girl flipped </gesture>, <gesture type="metaphoric" handedness="both" stroke="1.18" se_onset_height="3" se_onset_width="2" se_onset_radial="1" se_offset_height="4" se_offset_width="2" se_offset_radial="1" agent_match_loc="true" agent_match_form="true"> the girl flew out </gesture> of <gesture type="metaphoric" 
handedness="both" stroke="1.2" se_onset_height="4" se_onset_width="2" se_onset_radial="1" se_offset_height="1" se_offset_width="1" se_offset_radial="3" retract="1.24" agent_match_loc="false" agent_match_form="false"> her seat </gesture>, the seat and, because it was going <gesture type="beat" handedness="left" prep=".38" stroke=".28" se_onset_height="1" se_onset_width="1" se_onset_radial="3" se_offset_height="1" se_offset_width="1" se_offset_radial="3" retract=".34" agent_match_loc="false" agent_match_form="false"> really fast </gesture> <gesture type="beat" handedness="left" stroke=".39" se_onset_height="1" se_onset_width="1" se_onset_radial="3" se_offset_height="1" se_offset_width="1" se_offset_radial="3" retract=".22" agent_match_loc="false" agent_match_form="false"> and </gesture> she could’ve been, 
it could’ve been, it was <gesture type="metaphoric" handedness="left" prep=".27" stroke=".74" se_onset_height="1" se_onset_width="1" se_onset_radial="3" se_offset_height="1" se_offset_width="1" se_offset_radial="3" hold=".35" retract=".5" agent_match_loc="false" agent_match_form="false"> very dangerous </gesture> if it hadn’t leveled out, leveled out <gesture type="beat" handedness="right" stroke=".51" se_onset_height="1" se_onset_width="1" se_onset_radial="3" se_offset_height="1" se_offset_width="1" se_offset_radial="3" agent_match_loc="false" agent_match_form="false"> the bus. </gesture> and everyone was freaking <gesture type="beat" handedness="left" stroke=".94" se_onset_height="1" se_onset_width="1" se_onset_radial="3" se_offset_height="1" se_offset_width="1" se_offset_radial="3" agent_match_loc="false" agent_match_form="false"> out </gesture> because, and happy  <gesture type="beat" handedness="left"stroke=".45" se_onset_height="1" se_onset_width="1" se_onset_radial="3" se_offset_height="1" se_offset_width="1" se_offset_radial="3" agent_match_loc="false" agent_match_form="false"> that </gesture> the, nothing bad happened because they were going to a big concert
</part>
</story>
</participant>
