<participant id="14">
<personality ex="6.5" op="5" ag="3.5" ems="2" co="6.5">
</personality>

<story id="1" order="0" version="1">
<part number="1" agentexlvl="5">
you went to EDC over the summer, and you had to buy shuttle passes so you didn’t  have to drive there, and there were <gesture type="iconic" handedness="both" prep=".31" stroke=".59" se_onset_height="4" se_onset_width="2" se_onset_radial="2" se_offset_height="2" se_offset_width="1" se_offset_radial="1" retract=".26" agent_match_loc="false" agent_match_form="false"> big busses </gesture> that would take you
</part>

<part number="2" agentexlvl="4">
you we:re taking the shuttle, and like the guy was driving really fast, and there were <gesture type="metaphoric" handedness="both" prep=".59" stroke=".28" se_onset_height="3" se_onset_width="4" se_onset_radial="3" se_offset_height="3" se_offset_width="4" se_offset_radial="3" hold=".21" agent_match_loc="true" agent_match_form="true"> narrow streets and he was still driving <gesture type="iconic" handedness="right" prep=".58" stroke=".3" se_onset_height="5" se_onset_width="4" se_onset_radial="3" se_offset_height="5" se_offset_width="4" se_offset_radial="3" retract=".41" agent_match_loc="false" agent_match_form="false"> really fast </gesture> and, you don't think he should have been driving really fast 
</part>

<part number="3" agentexlvl="3">
u:m there was a sharp <gesture type="iconic" handedness="right" prep=".39" stroke=".39" se_onset_height="4" se_onset_width="4" se_onset_radial="2" se_offset_height="4" se_offset_width="4" se_offset_radial="3" retract=".56" agent_match_loc="false" agent_match_form="false"> right turn, </gesture> and the bus <gesture type="iconic" handedness="right" hold=".34" stroke="2.97" se_onset_height="4" se_onset_width="4" se_onset_radial="3" se_offset_height="4" se_offset_width="4" se_offset_radial="2" agent_match_loc="false" agent_match_form="false"> almost. tilted over </gesture> because it was <gesture type="metaphoric" handedness="both" prep=".43" stroke="1.08" se_onset_height="4" se_onset_width="4" se_onset_radial="3" se_offset_height="4" se_offset_width="5" se_offset_radial="2" retract=".74" agent_match_loc="false" agent_match_form="false"> turning on its two </gesture> wheels, or tires, a:nd he <gesture type="metaphoric" handedness="right" prep=".59" stroke=".25" se_onset_height="4" se_onset_width="4" se_onset_radial="2" se_offset_height="4" se_offset_width="4" se_offset_radial="2" agent_match_loc="false" agent_match_form="false"> avoided </gesture> that <gesture type="deictic" handedness="right" stroke="1.09" se_onset_height="3" se_onset_width="2" se_onset_radial="2" se_offset_height="3" se_offset_width="2" se_offset_radial="3" agent_match_loc="false" agent_match_form="false"> like by turning the </gesture> tires to <gesture type="metaphoric" handedness="right" stroke=".52" se_onset_height="3" se_onset_width="2" se_onset_radial="3" se_offset_height="3" se_offset_width="2" se_offset_radial="3" retract=".32" agent_match_loc="false" agent_match_form="false"> the other side </gesture> - and you were okay
</part>

<part number="4" agentexlvl="2">
the girl on your shuttle. almost - the girl <gesture type="iconic" handedness="both" prep=".54" stroke=".23" se_onset_height="2" se_onset_width="5" se_onset_radial="4" se_offset_height="3" se_offset_width="5" se_offset_radial="3" retract=".39" agent_match_loc="false" agent_match_form="false"> on the </gesture> shuttle like <gesture type="iconic" handedness="right" stroke=".96" se_onset_height="4" se_onset_width="4" se_onset_radial="3" se_offset_height="5" se_offset_width="4" se_offset_radial="3" retract=".42" agent_match_loc="true" agent_match_form="false"> flew out </gesture> of her seat, so it was going to be pretty dangerous, but a good thing it wasn’t
</part>

<part number="5" agentexlvl="1">
you knew, at the end everybody was really happy that you didn’t die, because you were able to go to the concert
</part>

<part number="full" agentexlvl="1">
over the summer i went to EDC. a:nd u:m we bought shuttle passes to get to the event <gesture type="metaphoric" handedness="right" prep=".59" stroke="1.4" se_onset_height="3" se_onset_width="2" se_onset_radial="2" se_offset_height="3" se_offset_width="2" se_offset_radial="2" hold =".42" agent_match_loc="false" agent_match_form="false"> from our hotel </gesture> because. <gesture type="deictic" handedness="right" stroke=".8" se_onset_height="3" se_onset_width="2" se_onset_radial="2" se_offset_height="3" se_offset_width="2" se_offset_radial="2" agent_match_loc="false" agent_match_form="false"> because </gesture> we didn’t want to <gesture type="deictic" handedness="right" stroke=".5" se_onset_height="4" se_onset_width="2" se_onset_radial="2" se_offset_height="4" se_offset_width="2" se_offset_radial="2" retract=".58" agent_match_loc="false" agent_match_form="false"> drive </gesture> there, and shuttles are these <gesture type="iconic" handedness="both" prep=".73" stroke=".88" se_onset_height="3" se_onset_width="4" se_onset_radial="2" se_offset_height="3" se_offset_width="4" se_offset_radial="1" retract=".45" agent_match_loc="false" agent_match_form="false"> big </gesture> buses that take you to the event, u:m. on the way to the event. the bus driver, the <gesture type="beat" handedness="both" prep=".28" stroke=".28" se_onset_height="2" se_onset_width="1" se_onset_radial="2" se_offset_height="4" se_offset_width="4" se_offset_radial="5" hold=".24" retract=".45" agent_match_loc="false" agent_match_form="false"> shuttle </gesture> driver was driving really fast, and the streets were <gesture type="iconic" handedness="both" prep=".33" stroke=".57" se_onset_height="4" se_onset_width="2" se_onset_radial="2" se_offset_height="4" se_offset_width="2" se_offset_radial="2" retract=".45" agent_match_loc="true" agent_match_form="true"> narrow </gesture> and I don’t think he should have been driving too fast, a:nd there was a part where there was a <gesture type="iconic" handedness="right" prep=".97" stroke="1.58" se_onset_height="3" se_onset_width="3" se_onset_radial="2" se_offset_height="3" se_offset_width="4" se_offset_radial="3" retract=".99" agent_match_loc="false" agent_match_form="false"> sharp right turn, </gesture> and. um. <gesture type="iconic" handedness="right" prep=".52" stroke=".79" se_onset_height="4" se_onset_width="2" se_onset_radial="2" se_offset_height="4" se_offset_width="3" se_offset_radial="2" hold=".33" agent_match_loc="false" agent_match_form="false"> when the <gesture type="iconic" handedness="right" stroke="1.88" se_onset_height="4" se_onset_width="5" se_onset_radial="3" se_offset_height="4" se_offset_width="2" se_offset_radial="2" hold=".25" agent_match_loc="false" agent_match_form="false"> shuttle did the right turn </gesture> it <gesture type="iconic" handedness="both" stroke="2.66" se_onset_height="4" se_onset_width="3" se_onset_radial="3" se_offset_height="4" se_offset_width="2" se_offset_radial="2" hold=".16" agent_match_loc="false" agent_match_form="false"> flipped on its two. </gesture> on its <gesture type="iconic" handedness="right" stroke="1.15" se_onset_height="4" se_onset_width="3" se_onset_radial="2" se_offset_height="4" se_offset_width="3" se_offset_radial="2" agent_match_loc="false" agent_match_form="false"> two. tires, </gesture> it didn’t flip but like it was on its two <gesture type="iconic" handedness="right" stroke=".65" se_onset_height="4" se_onset_width="4" se_onset_radial="2" se_offset_height="4" se_offset_width="4" se_offset_radial="2" agent_match_loc="false" agent_match_form="false"> tires, </gesture> <gesture type="beat" handedness="both" stroke=".5" se_onset_height="4" se_onset_width="4" se_onset_radial="2" se_offset_height="4" se_offset_width="4" se_offset_radial="3" hold=".45" agent_match_loc="false" agent_match_form="false"> and </gesture> we thought it was <gesture type="iconic" handedness="both" stroke=".41" se_onset_height="4" se_onset_width="2" se_onset_radial="3" se_offset_height="4" se_offset_width="2" se_offset_radial="2" hold=".36" agent_match_loc="false" agent_match_form="false"> going </gesture> to flip but good thing <gesture type="beat" handedness="both" prep=".53" stroke=".2" se_onset_height="3" se_onset_width="2" se_onset_radial="3" se_offset_height="3" se_offset_width="2" se_offset_radial="2" hold=".24" agent_match_loc="false" agent_match_form="false"> it </gesture> didn’t, <gesture type="beat" handedness="both" prep=".57" stroke=".44" se_onset_height="3" se_onset_width="2" se_onset_radial="2" se_offset_height="3" se_offset_width="2" se_offset_radial="3" retract=".81" agent_match_loc="false" agent_match_form="false"> um </gesture> it would have been really dangerous because there was this girl, <gesture type="iconic" handedness="right" stroke="2.46" se_onset_height="4" se_onset_width="4" se_onset_radial="3" se_offset_height="6" se_offset_width="5" se_offset_radial="4" retract=".8" agent_match_loc="true" agent_match_form="false"> on the shuttle that </gesture> flew out of her seat, and it could have been really bad, <gesture type="beat" handedness="both" prep=".21" stroke=".38" se_onset_height="1" se_onset_width="2" se_onset_radial="3" se_offset_height="1" se_offset_width="2" se_offset_radial="4" retract=".37" agent_match_loc="false" agent_match_form="false"> but at </gesture> the end we were all happy that we didn’t die and, we went to the big <gesture type="beat" handedness="both" prep=".11" stroke=".5" se_onset_height="1" se_onset_width="2" se_onset_radial="3" se_offset_height="1" se_offset_width="2" se_offset_radial="3" retract=".32" agent_match_loc="true" agent_match_form="false"> concert </gesture>
</part>
</story>

<story id="0" order="1" version="0">
<part number="1" agentexlvl="1">
when you were seventeen on a sunday, you went over to your boyfriends house and you guys got in a really big fight
</part>

<part number="2" agentexlvl="2">
you told him like okay, i’m just going to leave, and then you had driven there so you were going to drive back to where you were from, and you. don’t know why it happened
</part>

<part number="3" agentexlvl="3">
u:m you were a street away from your house and it was ten fifty four, a:nd your dad’s really strict on curfew so you had to get there before your curfew, a:nd the light almost turned green, or did turn green, and you just zoomed past it and this guy- this car [untranscribable] where your feet would have been - - just rammed it
</part>

<part number="4" agentexlvl="4">
u:m, the car was smoking, and. you didn’t know what to do because adrenaline. adrenaline had kicked in or something, a:nd the car was <gesture type="metaphoric" handedness="both" prep=".44" stroke=".42" se_onset_height="4" se_onset_width="1" se_onset_radial="1" se_offset_height="1" se_offset_width="1" se_offset_radial="3" agent_match_loc="false" agent_match_form="false"> bent </gesture> or something and, you had to crawl out through the passenger door
</part>

<part number="5" agentexlvl="5">
u:m you went into the doctor you had three broken ribs and a. bruised lung, but the doctor  said you were okay, and if you wouldn’t have taken off, if you would have taken off,  like if you would have taken off one second before that, u:m you would have been dead because, the car would have slammed where your body was at
</part>

<part number="full" agentexlvl="5">
okay one day when I was seventeen, u:m I went to my boyfriends house on a sunday, a:nd when I got there we got into a really huge fight a:nd I was just like okay I’m  <gesture type="metaphoric" handedness="both" prep=".38" stroke=".32" se_onset_height="1" se_onset_width="1" se_onset_radial="3" se_offset_height="1" se_offset_width="1" se_offset_radial="3" retract=".29" agent_match_loc="false" agent_match_form="false"> going to </gesture> leave, and I had driven there so I had to drive back, and. when I was driving back it was  eleven fifty four, and my dad was really strict on curfew and, it was ten fifty four I’m  sorry, and my dad was really strict on curfew so I had to get there before curfew, and u:m - I just saw the <gesture type="metaphoric" handedness="both" prep=".54" stroke=".83" se_onset_height="1" se_onset_width="1" se_onset_radial="3" se_offset_height="1" se_offset_width="1" se_offset_radial="3" agent_match_loc="false" agent_match_form="false"> green light go, </gesture> so I <gesture type="metaphoric" handedness="both" prep=".58" stroke=".69" se_onset_height="1" se_onset_width="1" se_onset_radial="3" se_offset_height="1" se_offset_width="1" se_offset_radial="3" retract=".55" agent_match_loc="false" agent_match_form="false"> zoomed </gesture> passed it and when I was at the stop light,  and I zoomed passed the green light, and then I just got rammed by a <gesture type="metaphoric" handedness="both" prep=".84" stroke=".69" se_onset_height="2" se_onset_width="2" se_onset_radial="3" se_offset_height="1" se_offset_width="1" se_offset_radial="3" retract=".4" agent_match_loc="false" agent_match_form="false"> car </gesture> that hit my car right where <gesture type="metaphoric" handedness="right" prep=".4" stroke=".53" se_onset_height="1" se_onset_width="1" se_onset_radial="3" se_offset_height="4" se_offset_width="3" se_offset_radial="2" hold=".52" agent_match_loc="false" agent_match_form="false"> my u:m </gesture> <gesture type="metaphoric" handedness="right" stroke="1.24" se_onset_height="4" se_onset_width="3" se_onset_radial="2" se_offset_height="1" se_offset_width="1" se_offset_radial="3" retract=".56" agent_match_loc="false" agent_match_form="false"> feet </gesture> would have been, and then I see this. this <gesture type="metaphoric" handedness="right" prep=".89" stroke=".52" se_onset_height="1" se_onset_width="1" se_onset_radial="3" se_offset_height="1" se_offset_width="1" se_offset_radial="3" retract=".44" agent_match_loc="true" agent_match_form="true"> smoke </gesture> coming out of my car and I can’t get out because it’s <gesture type="metaphoric" handedness="both" prep=".6" stroke=".58" se_onset_height="1" se_onset_width="1" se_onset_radial="3" se_offset_height="1" se_offset_width="1" se_offset_radial="3" retract=".53" agent_match_loc="false" agent_match_form="false"> bent, </gesture> and i guess <gesture type="beat" handedness="both" stroke=".67" se_onset_height="1" se_onset_width="1" se_onset_radial="3" se_offset_height="1" se_offset_width="1" se_offset_radial="3" agent_match_loc="false" agent_match_form="false"> adrenaline </gesture> had kicked in i didn't know <gesture type="beat" handedness="both"stroke=".61" se_onset_height="1" se_onset_width="1" se_onset_radial="3" se_offset_height="1" se_offset_width="1" se_offset_radial="3" agent_match_loc="false" agent_match_form="false"> what i was </gesture> like what do to so I uh got out of the <gesture type="metaphoric" handedness="right" prep=".61" stroke=".71" se_onset_height="1" se_onset_width="1" se_onset_radial="3" se_offset_height="1" se_offset_width="1" se_offset_radial="3" retract=".43" agent_match_loc="false" agent_match_form="false"> passenger's </gesture> seat, and when I got to the hospital I had three broken rib and a bruised lung, a:nd the doctors had said that if I would taken off, if I would taken off a minute. or a second earlier that I did, u:m I would have been dead because the car would have slammed like right at  my feet or would have <gesture type="metaphoric" handedness="both" prep="1.24" stroke="2.34" se_onset_height="1" se_onset_width="1" se_onset_radial="3" se_offset_height="1" se_offset_width="1" se_offset_radial="3" retract=".56" agent_match_loc="false" agent_match_form="false"> slammed my body, </gesture> and that’s my story
</part>
</story>
</participant>