<?xml version="1.0" encoding="UTF-8"?>

<participant id="15">
<personality ex="4" op="6" ag="4.5" ems="5" co="5.5">
</personality>

<story id="0" order="0" version="1">
<part number="1" agentexlvl="5">
one day when you were 17, you went to your boyfriend’s house, and you got in a. really huge fight
</part>

<part number="2" agentexlvl="4"> 
so. afterwards you u:m, you decided to leave because you drove there, a:nd you were crying really <gesture type="beat" handedness="right"  prep=".35" stroke=".7" se_onset_height="6" se_onset_width="2" se_onset_radial="3" se_offset_height="4" se_offset_width="4" se_offset_radial="4" hold=".225" retract="1.37" agent_match_loc= "false" agent_match_form= "false"> bad, </gesture> and you’re a pretty good driver so you don’t know why this actually happened to you, but _ yeah
</part>

<part number="3" agentexlvl="3">
s:o <gesture type="beat" handedness="right" prep=".45" stroke= ".49" se_onset_height="6" se_onset_width="2" se_onset_radial="3" se_offset_height="4" se_offset_width="2" se_offset_radial="3" agent_match_loc= "false" agent_match_form= "false"> so when </gesture> you were getting to your <gesture type="metaphoric" handedness="both" prep=".54" stroke="1.535" se_onset_height="5" se_onset_width="2" se_onset_radial="3" se_offset_height="4" se_offset_width="2" se_offset_radial="3" agent_match_loc= "false" agent_match_form= "false"> house, you were trying to </gesture> hurry. <gesture type="metaphoric" handedness="both" prep=".525" stroke="1.49" se_onset_height="3" se_onset_width="2" se_onset_radial="3" se_offset_height="4" se_offset_width="2" se_offset_radial="3" hold=".35" agent_match_loc= "true"  agent_match_form= "false"> because you had curfew, </gesture> and <gesture type="iconic" handedness="both" prep=".73" stroke="1.13" se_onset_height="3" se_onset_width="3" se_onset_radial="4" se_offset_height="4" se_offset_width="2" se_offset_radial="1" agent_match_loc= "false" agent_match_form= "false"> another car came </gesture> and apparently he hit you, he was, <gesture type="metaphoric" handedness="both" prep="1.425" stroke="1.95" se_onset_height="4" se_onset_width="2" se_onset_radial="4" se_offset_height="4"  se_offset_width="3" se_offset_radial="2" agent_match_loc= "false" agent_match_form= "false"> he almost hit you </gesture> where your legs <gesture type="metaphoric" handedness="both" prep=".71" stroke="1.23" se_onset_height="2" se_onset_width="3" se_onset_radial="2" se_offset_height="3" se_offset_width="3" se_offset_radial="2" agent_match_loc= "false" agent_match_form= "false"> were, but </gesture> <gesture type="beat"  handedness="both" prep=".28" stroke="1.67" se_onset_height="2" se_onset_width="2" se_onset_radial="3" se_offset_height="4" se_offset_width="2" se_offset_radial="3" agent_match_loc= "false" agent_match_form= "false"> apparently he didn’t </gesture> and I didn’t really understand but I'll <gesture type="beat" handedness="both" prep=".785" stroke=".925" se_onset_height="4" se_onset_width="3" se_onset_radial="2" se_offset_height="2" se_offset_width="3" se_offset_radial="2" retract=".31" agent_match_loc= "false" agent_match_form= "false"> explain in a second </gesture>
</part>

<part number="4" agentexlvl="2">
okay so the car hit <gesture type="deictic" handedness="right" prep=".79" stroke=".68" se_onset_height="4" se_onset_width="3" se_onset_radial="2" se_offset_height="4"  se_offset_width="2" se_offset_radial="1" agent_match_loc= "false" agent_match_form= "false"> you, and </gesture> you <gesture type="iconic"  handedness="right" prep=".22" stroke="1.06" se_onset_height="6" se_onset_width="2" se_onset_radial="3" se_offset_height="5" se_offset_width="2" se_offset_radial="3" agent_match_loc= "false" agent_match_form= "false"> spun, and you </gesture> thought that you were going to <gesture type="beat" handedness="right" prep=".225" stroke=".525" se_onset_height="5" se_onset_width="2" se_onset_radial="3" se_offset_height="4" se_offset_width="2" se_offset_radial="3" agent_match_loc= "true" agent_match_form= "false"> explode because </gesture> the car <gesture type="beat" handedness="both" prep=".465" stroke=".83" se_onset_height="4" se_onset_width="3" se_onset_radial="2" se_offset_height="4" se_offset_width="3" se_offset_radial="2" agent_match_loc= "false" agent_match_form= "false"> was. u:m, </gesture> <gesture type="metaphoric" handedness="both" prep=".265" stroke="1.85" se_onset_height="4" se_onset_width="3" se_onset_radial="1" se_offset_height="4" se_offset_width="3" se_offset_radial="2" retract=".49" agent_match_loc= "true" agent_match_form= "false"> it was smokey, </gesture> and so you crawled out of the <gesture type="iconic" handedness="right" prep=".48" stroke="1.445" se_onset_height="4" se_onset_width="3" se_onset_radial="3" se_offset_height="4" se_offset_width="2" se_offset_radial="3" agent_match_loc= "false" agent_match_form= "true"> passenger seat. </gesture> because, yeah, because <gesture type="beat" handedness="right" prep=".95" stroke=".84" se_onset_height="4" se_onset_width="4" se_onset_radial="2" se_offset_height="4" se_offset_width="4" se_offset_radial="2" agent_match_loc= "false" agent_match_form= "false"> you </gesture> <gesture type="metaphoric" handedness="left" prep=".37" stroke=".44" se_onset_height="5" se_onset_width="3" se_onset_radial="3" se_offset_height="3" se_offset_width="3" se_offset_radial="4" hold=".295" agent_match_loc= "false"  agent_match_form= "false"> couldn’t </gesture> get out, <gesture type="beat" handedness="right" prep=".51" stroke=".69" se_onset_height="4" se_onset_width="2" se_onset_radial="2" se_offset_height="4" se_offset_width="3" se_offset_radial="4" retract=".27" agent_match_loc= "false" agent_match_form= "false"> a:nd </gesture> eventually I assume you got out
</part>

<part number="5" agentexlvl="1">
so you were taken to the hospital, and you had three broken rib - ribs. <gesture type="deictic" handedness="right" prep=".39" stroke=".42" se_onset_height="5" se_onset_width="2" se_onset_radial="2" se_offset_height="5" se_offset_width="2" se_offset_radial="2" agent_match_loc= "true" agent_match_form= "false"> and a </gesture> <gesture type="deictic" handedness="right" prep=".178" stroke="1.96" se_onset_height="5" se_onset_width="2" se_onset_radial="2" se_offset_height="5" se_offset_width="2" se_offset_radial="2" hold=".505" agent_match_loc= "false" agent_match_form= "false"> fractured lung, </gesture> a:nd <gesture type="beat" handedness="right" prep=".85" stroke=".54" se_onset_height="4" se_onset_width="2" se_onset_radial="2" se_offset_height="4" se_offset_width="2" se_offset_radial="2" agent_match_loc= "false" agent_match_form= "false"> if </gesture> you wouldn’t have <gesture type="metaphoric" handedness="both" prep=".67" stroke="2.04" se_onset_height="4" se_onset_width="2" se_onset_radial="2" se_offset_height="4" se_offset_width="2" se_offset_radial="2" agent_match_loc= "false" agent_match_form= "false"> avoided the situation the way you did, </gesture> you <gesture type="beat" handedness="both" prep=".675" stroke="1.42" se_onset_height="3" se_onset_width="3" se_onset_radial="2" se_offset_height="3" se_offset_width="2" se_offset_radial="2" agent_match_loc= "false" agent_match_form= "false"> could possibly have been dead, </gesture> <gesture type="beat" handedness="right" prep=".33" stroke=".285" se_onset_height="4" se_onset_width="3" se_onset_radial="3" se_offset_height="4" se_offset_width="3" se_offset_radial="2" agent_match_loc= "false" agent_match_form= "false"> a:nd </gesture> because the <gesture type="metaphoric" handedness="right" prep=".365" stroke="2.765" se_onset_height="4" se_onset_width="2" se_onset_radial="2" se_offset_height="3" se_offset_width="3" se_offset_radial="4" agent_match_loc= "false" agent_match_form= "false"> actions that you took and really after the effect, </gesture> <gesture type="beat" handedness="right" prep=".57" stroke=".39" se_onset_height="5" se_onset_width="2" se_onset_radial="3" se_offset_height="3" se_offset_width="2" se_offset_radial="2" agent_match_loc= "false" agent_match_form= "false"> you. </gesture> <gesture type="metaphoric" handedness="both" prep=".805" stroke=".36" se_onset_height="4" se_onset_width="2" se_onset_radial="2" se_offset_height="3" se_offset_width="5" se_offset_radial="5" retract=".55" agent_match_loc= "false" agent_match_form= "false"> saved </gesture> yourself, so you were pretty lucky
</part>

<part number="full" agentexlvl="1">
okay, s:o I went to my boyfriend’s house, and we, we got in a huge argument so I left, I was crying really badly, so _ I, <gesture type="beat" handedness="right" prep=".75" stroke="1.07" se_onset_height="3" se_onset_width="2" se_onset_radial="3" se_offset_height="3" se_offset_width="3" se_offset_radial="4" agent_match_loc= "false" agent_match_form= "false"> as I was driving, </gesture> back <gesture type="beat" handedness="right" prep=".63" stroke=".75" se_onset_height="3" se_onset_width="2" se_onset_radial="4" se_offset_height="3" se_offset_width="3" se_offset_radial="4" agent_match_loc= "false" agent_match_form= "false"> home, </gesture> I really <gesture type="iconic" handedness="both" prep=".56" stroke="2.56" se_onset_height="4" se_onset_width="2" se_onset_radial="2" se_offset_height="3" se_offset_width="2" se_offset_radial="3" agent_match_loc= "false" agent_match_form= "false"> couldn’t see, and so a car came, and </gesture> car struck me, <gesture type="iconic" handedness="right" prep=".43" stroke="1.08" se_onset_height="4" se_onset_width="2" se_onset_radial="3" se_offset_height="4" se_offset_width="2" se_offset_radial="3" hold="1.51" agent_match_loc= "false" agent_match_form= "false"> and I spun around, </gesture> and he hit me where my <gesture type="deictic" handedness="both" prep=".66" stroke=".74" se_onset_height="2" se_onset_width="2" se_onset_radial="3" se_offset_height="2" se_offset_width="2" se_offset_radial="3" agent_match_loc= "true" agent_match_form= "false"> legs were, </gesture> s:o I crawled <gesture type="deictic" handedness="right" prep="1.2" stroke="1.26" se_onset_height="3" se_onset_width="2" se_onset_radial="2" se_offset_height="3" se_offset_width="3" se_offset_radial="4" agent_match_loc= "false" agent_match_form= "true"> over to the passenger seat, </gesture> a:nd <gesture type="beat" handedness="right" prep=".965" stroke="2.13" se_onset_height="5" se_onset_width="2" se_onset_radial="3" se_offset_height="5" se_offset_width="2" se_offset_radial="3" agent_match_loc= "false" agent_match_form= "false"> u:m, I - </gesture> I was taken to <gesture type="beat" handedness="right" prep=".695" stroke=".82" se_onset_height="5" se_onset_width="2" se_onset_radial="3" se_offset_height="2" se_offset_width="4" se_offset_radial="4" agent_match_loc= "true" agent_match_form= "false"> the hospital </gesture> and when I woke up <gesture type="beat" handedness="right" prep=".68" stroke=".455" se_onset_height="2" se_onset_width="2" se_onset_radial="2" se_offset_height="2" se_offset_width="3" se_offset_radial="3" retract=".94" agent_match_loc= "false" agent_match_form= "false"> they told </gesture> me I had three broken ribs, and. a fractured lung, and they told me that if I wouldn’t have done <gesture type="beat" handedness="both" prep=".445" stroke=".945" se_onset_height="3" se_onset_width="2" se_onset_radial="2" se_offset_height="4" se_offset_width="2" se_offset_radial="3" agent_match_loc= "true" agent_match_form= "false"> the </gesture> actions that I <gesture type="beat" handedness="both" prep=".5" stroke=".75" se_onset_height="4" se_onset_width="3" se_onset_radial="2" se_offset_height="3" se_offset_width="4" se_offset_radial="4" agent_match_loc= "false" agent_match_form= "false"> took immediately </gesture> <gesture type="metaphoric" handedness="right" prep=".725" stroke=".44" se_onset_height="2" se_onset_width="3" se_onset_radial="2" se_offset_height="2" se_offset_width="3" se_offset_radial="3" agent_match_loc= "false" agent_match_form= "false"> after </gesture> the <gesture type="beat" handedness="right" prep=".32" stroke=".55" se_onset_height="4" se_onset_width="3" se_onset_radial="2" se_offset_height="2" se_offset_width="4" se_offset_radial="4" agent_match_loc= "false" agent_match_form= "false"> effect, </gesture> I could have <gesture type="beat" handedness="both" prep=".68" stroke=".58" se_onset_height="4" se_onset_width="3" se_onset_radial="3" se_offset_height="1" se_offset_width="1" se_offset_radial="3" retract=".4" agent_match_loc= "false" agent_match_form= "false"> possibly died </gesture>
</part>
</story>

<story id="1" order="1" version="0">
<part number="1" agentexlvl="1"> 
s:o you went to a concert, and you bought shuttle tickets, a:nd its <gesture type="beat" handedness="left" stroke=".815" se_onset_height="5" se_onset_width="3" se_onset_radial="3" se_offset_height="5" se_offset_width="3" se_offset_radial="3" hold=".61" agent_match_loc="false" agent_match_form="false"> some </gesture> so it’s basically like <gesture type="iconic" handedness="left" prep=".52" stroke=".73" se_onset_height="6" se_onset_width="2" se_onset_radial="3" se_offset_height="5" se_offset_width="2" se_offset_radial="3" hold=".86" agent_match_loc="false" agent_match_form="false"> a bus </gesture> , or something, <gesture type="iconic" handedness="left" prep=".44" stroke="1.15" se_onset_height="5" se_onset_width="2" se_onset_radial="3" se_offset_height="4" se_offset_width="2" se_offset_radial="4" retract=".43" agent_match_loc="false" agent_match_form="false"> that took you there so </gesture> you wouldn't have to drive
</part> 

<part number="2" agentexlvl= "2"> 
u:m so the man driving the car, well. the bus, u:m was driving <gesture type="iconic" handedness="both" prep=".99" stroke="1.78" se_onset_height="4" se_onset_width="2" se_onset_radial="3" se_offset_height="4" se_offset_width="2" se_offset_radial="3" hold=".41" retract="1.02" agent_match_loc="false" agent_match_form="false"> really fast, and in a really narrow street, s:o </gesture> you. panic because <gesture type= "beat" handedness="both" prep=".705" stroke=".57" se_onset_height="4" se_onset_width="2" se_onset_radial="3" se_offset_height="4" se_offset_width="2" se_offset_radial="3" agent_match_loc="false" agent_match_form="false"> you didn’t </gesture> think <gesture type="beat" handedness="both" prep="1.165" stroke=".760" se_onset_height="4" se_onset_width="2" se_onset_radial="2" se_offset_height="4" se_offset_width="2" se_offset_radial="2" agent_match_loc="false" agent_match_form="false"> it was </gesture> approp- appropriate for him to be <gesture type="iconic" handedness="both" prep=".96" stroke="2.245" se_onset_height="4" se_onset_width="2" se_onset_radial="2" se_offset_height="4" se_offset_width="2" se_offset_radial="2" hold=".72" retract="1.05" agent_match_loc="true" agent_match_form="true"> driving that fast in street that narrow, </gesture> since. it potentially could be dangerous
</part>

<part number="3" agentexlvl= "3">
s:o <gesture type="beat" handedness="left" prep=".44" stroke=".665" se_onset_height="3" se_onset_width="3" se_offset_height="3" se_offset_width="3" se_offset_radial="3" hold=".66" agent_match_loc="false" agent_match_form="false"> after </gesture> a - shh- a <gesture type="dictic" handedness="left" prep=".930" stroke=".510" se_onset_height="4" se_onset_width="3" se_onset_radial="3" se_offset_height="5" se_offset_width="3" se_offset_radial="3" hold="2.44" agent_match_loc="true" agent_match_form="false"> right turn </gesture>, a really sharp right turn, u:m <gesture type="iconic" handedness="both" prep=".66" stroke=".82" se_onset_height="3" se_onset_width="3" se_onset_radial="2" se_offset_height="3" se_offset_width="2" se_offset_radial="2" agent_match_loc="true" agent_match_form="false"> the bus </gesture> driver turned the bus, a:nd the <gesture type="iconic" handedness="both" prep=".965" stroke="2.10" se_onset_height="4" se_onset_width="2" se_onset_radial="" se_offset_height="4" se_offset_width="2" se_offset_radial="2" agent_match_loc="false" agent_match_form="2"> bus went on its two wheels </gesture>, and you thought it was going to flip <gesture type="iconic" handedness="both" prep=".68" stroke="1.145" se_onset_height="4" se_onset_width="2" se_onset_radial="2" se_offset_height="4" se_offset_width="2" se_offset_radial="2" hold="1.41" agent_match_loc="false" agent_match_form="false"> over, it could have </gesture> flipped over I assume, but it didn’t because <gesture type="iconic" handedness="both" prep=".91" stroke="1.79" se_onset_height="3" se_onset_width="2" se_onset_radial="4" se_offset_height="3" se_offset_width="2" se_offset_radial="3" hold=".395" agent_match_loc="true" agent_match_form="false"> he quickly turned </gesture>, the. the <gesture type="iconic" handedness="both" prep=".385" stroke=".32" se_onset_height="4" se_onset_width="2" se_onset_radial="2" se_offset_height="4" se_offset_width="2" se_offset_radial="2" hold=".740" agent_match_loc="false" agent_match_form="false"> driving, </gesture> the steering wheel to <gesture type="iconic" handedness="both" prep=".345" stroke=".50" se_onset_height="4" se_onset_width="3" se_onset_radial="2" se_offset_height="3" se_offset_width="2" se_offset_radial="2" hold=".57" agent_match_loc="false" agent_match_form="false"> the left, </gesture> <gesture type="beat" handedness="both" prep=".55" stroke=".405" se_onset_height="4" se_onset_width="2" se_onset_radial="2" se_offset_height="4" se_offset_width="2" se_offset_radial="2" retract=".820" agent_match_loc="false" agent_match_form="false"> and so </gesture> everything. went <gesture type="beat" handedness="both" prep=".845" stroke=".79" se_onset_height="3" se_onset_width="4" se_onset_radial="4" se_offset_height="2" se_offset_width="3" se_offset_radial="3" retract="1.48" agent_match_loc="false" agent_match_form="false"> well, but it </gesture> was very scary
</part>

<part number="4" agentexlvl="4">
so the girl in the bus, she <gesture type="metaphoric" handedness="right" prep=".90" stroke=".358" se_onset_height="4" se_onset_width="2" se_onset_radial="2" se_offset_height="5" se_offset_width="4" se_offset_radial="3" hold=".57" agent_match_loc="false" agent_match_form="false"> almost </gesture> flew out the <gesture type="iconic" handedness="right" prep=".685" stroke="1.22" se_onset_height="5" se_onset_width="2" se_onset_radial="3" se_offset_height="3" se_offset_width="2" se_offset_radial="2" agent_match_loc="false" agent_match_form="false"> window, </gesture> and <gesture type="iconic" handedness="right" prep="1.58" stroke="3.38" se_onset_height="4" se_onset_width="2" se_onset_radial="3" se_offset_height="4" se_offset_width="2" se_offset_radial="1" agent_match_loc="false" agent_match_form="false"> if the bus driver wouldn’t have flipped </gesture> the, um turned <gesture type="beat" handedness="right" prep=".75" stroke=".405" se_onset_height="4" se_onset_width="2" se_onset_radial="3" se_offset_height="3" se_offset_width="3" se_offset_radial="3" agent_match_loc="false" agent_match_form="false"> the </gesture> steering <gesture type="iconic" handedness="both" prep=".32" stroke=".705" se_onset_height="3" se_onset_width="3" se_onset_radial="2" se_offset_height="3" se_offset_width="3" se_offset_radial="3" agent_match_loc="false" agent_match_form="false"> wheel </gesture>, when he had, she could have <gesture type="iconic" handedness="right" prep=".49" stroke=".65" se_onset_height="3" se_onset_width="3" se_onset_radial="3" se_offset_height="2" se_offset_width="3" se_offset_radial="3" agent_match_loc="true" agent_match_form="false"> fallen over </gesture> and the <gesture type="iconic" handedness="both" prep=".764" stroke=".98" se_onset_height="3" se_onset_width="2" se_onset_radial="2" se_offset_height="3" se_offset_width="2" se_offset_radial="2" agent_match_loc="true" agent_match_form="false"> bus could have. like </gesture> <gesture type="iconic" handedness="both" prep=".43" stroke=".62" se_onset_height="4" se_onset_width="3" se_onset_radial="3" se_offset_height="4" se_offset_width="3" se_offset_radial="3" retract=".65" agent_match_loc="false" agent_match_form="false"> tipped over, </gesture> so it was very dangerous. and scary
</part>

<part number="5" agentexlvl= "5">
but, despite the fact that all of that happened and that it could have been very dangerous, um you were really. happy that that you didn’t, <gesture type="metaphoric" handedness="both" prep=".48" stroke=".65" se_onset_height="3" se_onset_width="4" se_onset_radial="3" se_offset_height="3" se_offset_width="4" se_offset_radial="3" retract=".42" agent_match_loc="false" agent_match_form="false"> quote on quote </gesture> die, a:nd you were excited to go to the concert, which, yeah. you didn’t <gesture type="beat" handedness="both" prep=".31" stroke=".57" se_onset_height="2" se_onset_width="2" se_onset_radial="3" se_offset_height="2" se_offset_width="5" se_offset_radial="3" hold="5" retract=".42" agent_match_loc="true" agent_match_form="true"> die </gesture>
</part>

<part number= "full" agentexlvl="5">
s:o one day, u:m I bought, I was going to go <gesture type="beat" handedness="right" prep=".32" stroke=".71" se_onset_height="4" se_onset_width="3" se_onset_radial="3" se_offset_height="4" se_offset_width="3" se_offset_radial="3" hold=".605" agent_match_loc="false" agent_match_form="false"> to a concert </gesture> <gesture type="dictic" handedness="right" stroke=".68" se_onset_height="4" se_onset_width="3" se_onset_radial="3" se_offset_height="4" se_offset_width="2" se_offset_radial="2" agent_match_loc="false" agent_match_form="false"> and. so driving there </gesture> <gesture type="metaphoric" handedness="right" prep=".535" stroke=".85" se_onset_height="2" se_onset_width="2" se_onset_radial="3" se_offset_height="3" se_offset_width="3" se_offset_radial="2" agent_match_loc="false" agent_match_form="false"> I decided to buy </gesture> shuttle tickets which is a really <gesture type="iconic" handedness="both" prep=".67" stroke=".65" se_onset_height="4" se_onset_width="4" se_onset_radial="4" se_offset_height="3" se_offset_width="4" se_offset_radial="4" agent_match_loc="false" agent_match_form="false"> big bus, </gesture> with <gesture type="metaphoric" handedness="both" prep=".38" stroke="1.44" se_onset_height="3" se_onset_width="3" se_onset_radial="2" se_offset_height="2" se_offset_width="3" se_offset_radial="3" agent_match_loc="false" agent_match_form="false"> almost all my friends, </gesture> so as we were driving down in the shuttle in this really. narrow <gesture type="iconic" handedness="both" prep=".64" stroke=".825" se_onset_height="3" se_onset_width="3" se_onset_radial="3" se_offset_height="3" se_offset_width="3" se_offset_radial="3" hold=".265" agent_match_loc="false" agent_match_form="false"> street, </gesture> the bus <gesture type="beat" handedness="both" prep=".50" stroke=".405" se_onset_height="3" se_onset_width="1" se_onset_radial="2" se_offset_height="3" se_offset_width="1" se_offset_radial="3" hold="3.72" agent_match_loc="true" agent_match_form="false"> driver </gesture> was driving really fast, which was very dangerous, because <gesture type="beat" handedness="right" prep=".485" stroke=".465" se_onset_height="4" se_onset_width="2" se_onset_radial="2" se_offset_height="4" se_offset_width="2" se_offset_radial="2" hold=".77" agent_match_loc="false" agent_match_form="false"> u:m what happened </gesture> <gesture type="beat" handedness="both" stroke=".435" se_onset_height="4" se_onset_width="2" se_onset_radial="2" se_offset_height="2" se_offset_width="2" se_offset_radial="2" hold=".63" agent_match_loc="false" agent_match_form="false"> actually </gesture> was that <gesture type="iconic" handedness="right" stroke="1.55" se_onset_height="3" se_onset_width="3" se_onset_radial="2" se_offset_height="3" se_offset_width="3" se_offset_radial="2" agent_match_loc="true" agent_match_form="false"> after a quick right turn, </gesture> <gesture type="beat" handedness="right" prep=".78" stroke=".46" se_onset_height="3" se_onset_width="2" se_onset_radial="3" se_offset_height="3" se_offset_width="2" se_offset_radial="3" agent_match_loc="false" agent_match_form="false"> um </gesture> <gesture type="beat" handedness="right" prep=".53" stroke=".65" se_onset_height="6" se_onset_width="2" se_onset_radial="3" se_offset_height="4" se_offset_width="2" se_offset_radial="3" hold=".410" agent_match_loc="false" agent_match_form="false"> the </gesture> car <gesture type="iconic" handedness="both" prep=".46" stroke=".42" se_onset_height="3" se_onset_width="3" se_onset_radial="3" se_offset_height="3" se_offset_width="3" se_offset_radial="2" hold=".86" agent_match_loc="true" agent_match_form="false"> flipped </gesture> over on its <gesture type="iconic" handedness="both" prep=".52" stroke=".365" se_onset_height="4" se_onset_width="2" se_onset_radial="2" se_offset_height="4" se_offset_width="2" se_offset_radial="2" agent_match_loc="true" agent_match_form="false"> two wheels, </gesture> <gesture type="beat" handedness="right" prep=".52" stroke=".63" se_onset_height="5" se_onset_width="2" se_onset_radial="3" se_offset_height="5" se_offset_width="2" se_offset_radial="3" agent_match_loc="false" agent_match_form="false"> a:nd </gesture> <gesture type="dictic" handedness="right" prep=".765" stroke="1.42" se_onset_height="5" se_onset_width="2" se_onset_radial="3" se_offset_height="5" se_offset_width="2" se_offset_radial="3" hold=".76" agent_match_loc="false" agent_match_form="false"> a girl in the passenger seat, </gesture> she could have fallen, she could have flew <gesture type="iconic" handedness="right" prep=".88" stroke=".625" se_onset_height="5" se_onset_width="2" se_onset_radial="3" se_offset_height="3" se_offset_width="4" se_offset_radial="5" hold=".72" agent_match_loc="false" agent_match_form="false"> out the window </gesture> or the <gesture type="beat" handedness="right" stroke=".80" se_onset_height="3" se_onset_width="3" se_onset_radial="3" se_offset_height="3" se_offset_width="3" se_offset_radial="3" hold=".37" agent_match_loc="true" agent_match_form="false"> bus driver </gesture> could, the bus like <gesture type="iconic" handedness="both" prep=".305" stroke=".27" se_onset_height="4" se_onset_width="2" se_onset_radial="3" se_offset_height="4" se_offset_width="2" se_offset_radial="3" hold=".825" retract=".87" agent_match_loc="true" agent_match_form="true"> flipped over, </gesture> but the <gesture type="iconic" handedness="right" prep=".60" stroke="1.08" se_onset_height="6" se_onset_width="2" se_onset_radial="3" se_offset_height="5" se_offset_width="2" se_offset_radial="2" agent_match_loc="true" agent_match_form="false"> bus driver </gesture> quickly <gesture type="iconic" handedness="left" prep=".34" stroke=".285" se_onset_height="5" se_onset_width="3" se_onset_radial="3" se_offset_height="2" se_offset_width="2" se_offset_radial="3" hold=".65" agent_match_loc="false" agent_match_form="false"> turned </gesture> to the left again, <gesture type="beat" handedness="both" prep=".48" stroke=".73" se_onset_height="4" se_onset_width="4" se_onset_radial="3" se_offset_height="4" se_offset_width="4" se_offset_radial="3" agent_match_loc="false" agent_match_form="false"> and it went </gesture> down <gesture type="metaphoric" handedness="both" prep=".63" stroke=".48" se_onset_height="4" se_onset_width="3" se_onset_radial="3" se_offset_height="2" se_offset_width="2" se_offset_radial="3" hold=".76" retract="" agent_match_loc="false" agent_match_form="false"> to normal </gesture> on four wheels, and we were all really scared but thankfully survived <gesture type="beat" handedness="right" prep="1.06" stroke=".50" se_onset_height="3" se_onset_width="2" se_onset_radial="2" se_offset_height="3" se_offset_width="2" se_offset_radial="3" retract=".62" agent_match_loc="false" agent_match_form="false"> and we got </gesture> to that awesome concert afterwards
</part>
</story>
</participant>