<participant id="16">
<personality ex="6" op="7" ag="6" ems="4" co="5">
</personality>

<story id="1" order="0" version="0"> 

<part number="1" agentexlvl="1"> over the
summer, I went to EDC, which is like a music festival, and I bought shuttle tickets so I wouldn’t like have to drive to the event 
</part>

<part number="2" agentexlvl="2"> 
so I was driving, well we were driving, the guy was driving one of these giant buses and the streets were like narrow, like really narrow, and he was driving really fast on a windy road, and and he should've not been driving fast because they were windy
</part> 

<part number="3" agentexlvl="3"> 
and he took a sharp right too fast, and the bus like went on to its two side wheels, and it could have flipped over but he turned the wheel to the right really fast and it like evened out 
</part> 

<part number="4" agentexlvl="4"> 
there was this girl who like flew out of her seat, and it could have been really dangerous but. the bus leveled out
</part> 

<part number="5" agentexlvl="5"> 
and after everyone was like. super happy that we didnt die, because we were all going to a giant concert, oh yeah that’s it
</part> 

<part number="full" agentexlvl="5"> 
so. we. I got shuttle tickets so I went. or I am going to this, I was going to this music festival called EDC last summer, and I bought. I bought shuttle tickets so I wouldnt have to drive to the event, and the bus driver was driving really fast on these little narrow streets and the streets were like really narrow, and there was this giant bus and we. were, he was driving really fast around these. turns, and he got to a sharp right turn, and the bus like went on to its two side wheels, but then he was able to turn the. wheel to the right really fast, but this. and the bus like went back to normal, but um, there was this girl who like flew out of her seat and it could have been really dangerous but we were all. but the bus was able to get leveled out and we were all really happy that we didnt die because we were going to this giant concert
</part>
</story> 


<story id="0" order="1" version="1"> 
<part number="1" agentexlvl="5"> when
I was seventeen, well. it was a sunday and I went to my boyfriends but we got into a really really big fight 
</part> 

<part number="2" agentexlvl="4">
I had driven there, so I was like okay I'm fine, and I was crying and stuff, so I don’t know, and  I'm a really good driver so I dont know why this happened to me 
</part> 

<part number="3" agentexlvl="3"> 
I was on the street before my house, and I was about to miss curfew and my dad is a stickler for curfew, and the light turned green and I don’t. I didn’t look and a car rammed my car, and like were my legs would be 
</part> 

<part number="4" agentexlvl="2"> and I spun
out, and it was really smokey, and I thought my car was going to blow up, and like. adrenaline hit I guess, and I tried to get out of my car but I couldn't because it was so bent up so I crawled out of the passenger seat 
</part> 

<part number="5" agentexlvl="1"> 
as I went to the hospital I had three broken ribs and a bruised lung, and they told me if I hadn't taken off like a second earlier than I did, then. I would have been dead because of the impact of the car would have been like right on me okay that’s my story 
</part> 

<part number="full" agentexlvl="1"> 
I was going- it was. I was seventeen, and I went to my boyfriend’s house, and it was a sunday, and we got in this like really big fight, and I. u:m, had my car there and I was crying and stuff, and I didn’t. I don’t know why this happened to me, but I was because I’m a really good driver, but I. was driving it was the street right before my house and I was about to miss curfew, and my dad is a stickler for curfew and the light turn green and I didnt look and I just went. forward, and a car. and I went forward and a car rammed into me, like. my door where my legs were, and then. I spun out and it was really smokey, and I thought the car was going to blow up, and it was I guess the adrenaline hit so I crawled out of the passenger side, and I went to the hospital and I had three broken ribs and a bruised lung, and they told me I would have died if I hadn’t. gone when I did because of the impact of the other car, okay that’s my story 
</part> 
</story>
</participant>


