<participant id="17">
<personality ex="6" op="6.5" ag="4.5" ems="3.5" co="4.5">
</personality>

<story id="1" order="1" version="1">
<part number="1" agentexlvl="5">
so this summer I went to EDC and I bough shuttle tickets so I wouldnt have to drive there and the shuttles were really big like tour buses ready
</part>

<part number="2" agentexlvl="4">
so we were driving the guy was driving and these streets were really narrow and he was like driving really fast and I dont why because one the buses really to big for the narrow streets and he was driving really fast and I do not know why
</part>

<part number="3" agentexlvl="3">
so the bus was driving really fast and it hit u:m sharp right turn to quickly and the bus went on itis <gesture type="metaphoric" handedness="right" prep=".11" stroke=".38" se_onset_height="2" se_onset_width="2" se_onset_radial="3" se_offset_height="2" se_offset_width="2" se_offset_radial="3" retract=".98" agent_match_loc="false" agent_match_form="fasle"> two side wheel s</gesture> <gesture type="metaphoric" handedness="right" prep=".21" stroke=".31" se_onset_height="3" se_onset_width="3" se_onset_radial="3" se_offset_height="3" se_offset_width="3" se_offset_radial="3" retract=".41" agent_match_loc="false" agent_match_form="false"> but the bus driver "5" agentexlvl="1">
but everybody on the bus was super happy because we did not die and we were going to the super big concert
</part>

<part number="full" agentexlvl="1">
so this past summer I went to EDC and so there buying oh I bought shuttle tickets so I would not have to drive to EDC, and the bus was super big and driving on this narrow roads and the roads were to narrow for the bus and yet the bus driver was driving super fast, and he hit a right sharper turn to quickly and the bus went on two sides on two side wheels and but he um turn quickly so it would go back to normal and then a but the girl in the front seat almost flew out of her seat. but if the bus driver wouldn't have fixed this turn it would have end up badly and everybody was happy because on the bus because they did not die and they were going to a big music festival
</part>
</story>

