<participant id="18">
<personality ex="3" op="4" ag="6.5" ems="6" co="6">
</personality>

<story id="1" order="0" version="1">
<part number="1" agentexlvl="5">
so over the summer <gesture type="beat" handedness="right" prep=".35" stroke= ".8" se_onset_height="1" se_onset_width="2" se_onset_radial="3" se_offset_height="2" se_offset_width="1" se_offset_radial="2" retract=".53" agent_match_loc="false" agent_match_form="false"> I got </gesture> <gesture type="metaphoric" handedness="left" prep= ".36" stroke="2.23" se_onset_height="2" se_onset_width="1" se_onset_radial="2" se_offset_height="1" se_offset_width="2" se_offset_radial="3" retract=".53" agent_match_loc="false" agent_match_form="false"> EDC tickets </gesture> which is a, um,  concert tickets and instead of taking a big <gesture type="methaphoric" handedness="both" prep= ".98" stroke= ".62" se_onset_height="1" se_onset_width="1" se_onset_radial=" 3"se_offset_height="5" se_offset_width="3" se_offset_radial="4" agent_match_loc="true" agent_match_form="false"> bus </gesture> I took a <gesture type="metaphoric" handedness="both" stroke=".70" se_onset_height="5" se_onset_width="3" se_onset_radial="4" se_offset_height="1" se_offset_width="2" se_offset_radial="3" retract="1.13" agent_match_loc="false" agent_match_form="false"> shuttle </gesture>
</part>

<part number="2" agentexlvl="4">
so the guy was driving, um, really really fast on really narrow <gesture type=" metaphoric" handedness="both" stroke=".95" se_onset_height="4" se_onset_width=" 2" se_onset_radial="2" se_offset_height="1" se_offset_width="2" se_offset_radial="3" retract=".66" agent_match_loc="false" agent_match_form="false"> roads </gesture>, um and the road was really <gesture type="metaphoric" handedness="right" prep=".56" stroke=".81" se_onset_height="1" se_onset_width="2" se_onset_radial="3"se_offset_height="2" se_offset_width="2" se_offset_radial="1" agent_match_loc="false" agent_match_form=" false"> winding </gesture> and so he should not have been driving that fast and I do not know <gesture type="metaphoric" handedness="both" stroke=".81" se_onset_height="2" se_onset_width="2" se_onset_radial="1" se_offset_height="2" se_offset_width="1" se_offset_radial="1" retract=".61" agent_match_loc="false" agent_match_form="false"> why he was </gesture>
</part>

<part number="3" agentexlvl="3">
so then there was a <gesture type="metaphoric" handedness="right" prep=".44" stroke="1.29" se_onset_height="1" se_onset_width="2" se_onset_radial="3" se_offset_height="1" se_offset_width="2" se_offset_radial="3" retract=".44" agent_match_loc="false" agent_match_form="false"> sharp right turn </gesture> and the bus driver <gesture type= "metaphoric" handedness="both" prep="1.76" stroke="1.78" se_onset_height="1" se_onset_width="2" se_onset_radial="3" se_offset_height="5" se_offset_width="2" se_offset_radial="2" agent_match_loc="true" agent_match_form="false"> turned the wheel </gesture> really fast and the bus <gesture type= "metaphoric" handedness="both" stroke="2.13" se_onset_height="5" se_onset_width="2" se_onset_radial="2" se_offset_height="5" se_offset_width="2" se_offset_radial="2" agent_match_loc="false" agent_match_form="false"> almost </gesture> went on its side like it could have <gesture type="metaphoric" handedness="both" stroke="1.88" se_onset_height="5" se_onset_width="2" se_onset_radial="2" se_offset_height="5" se_offset_width="2" se_offset_radial="2" agent_match_loc="true" agent_match_form="false"> flipped over </gesture> but then he <gesture type="metaphoric" handedness="both" stroke="1.86" se_onset_height="5" se_onset_width="2" se_onset_radial="2" se_offset_height="5" se_offset_width="2" se_offset_radial="2" agent_match_loc="true" agent_match_form="false"> turned the wheel </gesture> really quickly so it <gesture type="metaphoric" stroke="1.45" se_onset_height="5" se_onset_width="2" se_onset_radial="2" se_offset_height="2" se_offset_width="1" se_offset_radial="1" retract="1.71" agent_match_loc="true" agent_match_form="false"> balanced out </gesture>. and it was okay
</part>

<part number="4" agentexlvl="2">
so like one of the girls who was sitting in <gesture type="metaphoric" handedness="both" prep="1.18" stroke=".63" se_onset_height="1" se_onset_width="1" se_onset_radial="1" se_offset_height="3" se_offset_width="2" se_offset_radial="1" retract=".38" agent_match_loc="false" agent_match_form="false"> front </gesture> of me <gesture type="metaphoric" handedness="left" prep="1.22" stroke=".39" se_onset_height="3" se_onset_width="2" se_onset_radial="1" se_offset_height="1" se_offset_width="2" se_offset_radial="3" retract="1.22" agent_match_loc="true" agent_match_form="false"> flew </gesture> out of her chair when that happened and so it could have been really dangerous, um, but luckily nothing happened
</part>

<part number="5" agentexlvl="1">
but in the end everyone was super happy that we did not die <gesture type="metaphoric" handedness="both" prep="1.58" stroke="1.23" se_onset_height="2" se_onset_width="2" se_onset_radial="1" se_offset_height="2" se_offset_width="2" se_offset_radial="1" agent_match_loc="false" agent_match_form="false"> because we were going to </gesture> go to a giant concert, um, and yeah that is it
</part>

<part number="full" agentexlvl="1">
so over the summer I bought EDC tickets which is basically this big concert and, um, instead of taking one of the annoying <gesture type="beat" handedness="both" prep=".75" stroke="1.06" se_onset_height="2" se_onset_width="2" se_onset_radial="1" se_offset_height="4" se_offset_width="2" se_offset_radial="1" agent_match_loc="true" agent_match_form="false"> buses </gesture>I took a shuttle and, um, when we were driving the guy who was driving the shuttle he, um, he was driving super fast and the road <gesture type="metaphoric" handedness="both" prep=".37" stroke="2.44" se_onset_height="2" se_onset_width="1" se_onset_radial="1" se_offset_height="3" se_offset_width="2" se_offset_radial="1" agent_match_loc="true" agent_match_form="false"> was really narrow </gesture> and it was <gesture type="metaphoric" handedness="right" stroke=".82" se_onset_height="3" se_onset_width="2" se_onset_radial="1" se_offset_height="3" se_offset_width="3" se_offset_radial="3" agent_match_loc="true" agent_match_form="false"> winding </gesture>so I do not know <gesture type="metaphoric" handedness="left" stroke=".18" se_onset_height="1" se_onset_width="2" se_onset_radial="3" se_offset_height="1" se_offset_width="2" se_offset_radial="3" retract=".65" agent_match_loc="false" agent_match_form="false"> why </gesture> he was driving that fast cause that could have been really dangerous and then there was a <gesture type="metaphoric" handedness="both" prep="1.21" stroke=".93" se_onset_height="1" se_onset_width="2" se_onset_radial="3" se_offset_height="1" se_offset_width="2" se_offset_radial="3" retract="1.54" oc="true" agent_match_form="false"> sharp right turn </gesture> and, um, the bus driver <gesture type="metaphoric" handedness="both" prep="1.11" stroke=".67" se_onset_height="1" se_onset_width="2" se_onset_radial="3" se_offset_height="5" se_offset_width="1" se_offset_radial="1" agent_match_loc="true" agent_match_form="false"> turned his wheel </gesture> really fast and the bus went to the side  and it would have flipped over but luckily he <gesture type="metaphoric" handedness="both" stroke="2.0" se_onset_height="5" se_onset_width="1" se_onset_radial="1" se_offset_height="4" se_offset_width="2" se_offset_radial="2" agent_match_loc="true" agent_match_form="false"> turned it back </gesture> really quickly and it <gesture type="metaphoric" handedness="left" stroke="2.51" se_onset_height="4" se_onset_width="2" se_onset_radial="2" se_offset_height="1" se_offset_width="2" se_offset_radial="3" agent_match_loc="true" agent_match_form="false"> went back, balanced </gesture> itself <gesture type="beat" handedness="left" stroke=".39" se_onset_height="4" se_onset_width="3" se_onset_radial="4" se_offset_height="4" se_offset_width="3" se_offset_radial="4" retract=".91" agent_match_loc="false" agent_match_form="false"> back out </gesture> but the girl who was sitting <gesture type="metaphoric" handedness="right" prep=".38" stroke=".78" se_onset_height="1" se_onset_width="2" se_onset_radial="3" se_offset_height="1" se_offset_width="1" se_offset_radial="2" agent_match_loc="true" agent_match_form="false"> in front </gesture> of me <gesture type="metaphoric" handedness="left" stroke=".97" se_onset_height="3" se_onset_width="3" se_onset_radial="1" se_offset_height="1" se_offset_width="2" se_offset_radial="3" retract=".80" agent_match_loc="true" agent_match_form="true"> flew out </gesture> of her chair which means it could have been really dangerous, um, but luckily nothing happened and in the end we were all just really happy that no one died because we were going to a giant concert and um, that is it
</part>
</story>

<story id="0" order="1"version="0">
<part number="1" agentexlvl="1">
so when I was 17, it was a Sunday and I went to my <gesture type="beat" handedness= "left" prep=".55" stroke=".58" se_onset_height="1" se_onset_width="1" se_onset_radial="2" se_offset_height="1" se_offset_width="1" se_offset_radial="3" agent_match_loc="true" agent_match_form="false"> boyfriend's </gesture> house and we got into a <gesture type="beat" handedness="left" stroke="1.3" se_onset_height="1" se_onset_width="2" se_onset_radial="3" se_offset_height="1" se_offset_width="2" se_offset_radial="3" agent_match_loc="false" agent_match_form="false"> really </gesture> really really <gesture type="metaphoric" handedness="left" prep=".36" stroke=".77" se_onset_height="1" se_onset_width="2" se_onset_radial="3" se_offset_height="2" se_offset_width="3" se_offset_radial="4" agent_match_loc="false" agent_match_form="false"> huge </gesture> <gesture type="metaphoric" handedness="left" stroke="1.7" se_onset_height="2" se_onset_width="3" se_onset_radial="4" se_offset_height="1" se_offset_width="2" se_offset_radial="3" retract=".39" agent_match_loc="false" agent_match_form="false"> fight </gesture> um, it was like screaming and yelling and <gesture type="metaphoric" handedness="both" prep=".84" stroke=".7" se_onset_height="2" se_onset_width="3" se_onset_radial="4"se_offset_height="1" se_offset_width="2" se_offset_radial="3" retract=".82" agent_match_loc="false" agent_match_form="false"> everything </gesture>
</part>

<part number="2" agentexlvl="2">
so I had driven there so I was like I'm just going to <gesture type="metaphoric" handedness="right" prep=".37" stroke=".51" se_onset_height="1" se_onset_width="2" se_onset_radial="3" se_offset_height="1" se_offset_width="2" se_offset_radial="3" retract=".43" agent_match_loc="true" agent_match_form="false"> leave </gesture> um, and I am usually a really good driver so, and I was <gesture type="metaphoric" handedness="both" stroke=".71" se_onset_height="1" se_onset_width="2" se_onset_radial="3" se_offset_height="1" se_offset_width="2" se_offset_radial="3" retract=".5" agent_match_loc="false" agent_match_form="false"> crying </gesture> but I'm usually a good driver so I just don't know why this happened to me
</part>

<part number="3" agentexlvl="3">
so there was, um, on the street right<gesture type="metaphoric" handedness="right" prep=".35" stroke="1.11" se_onset_height="2" se_onset_width="1" se_onset_radial="3" se_offset_height="1" se_offset_width="2" se_offset_radial="3" retract="1.33" agent_match_loc="false" agent_match_form="false"> before my house</gesture> um, I almost missed the <gesture type="beat" handedness="right" stroke=".83" se_onset_height="1" se_onset_width="2" se_onset_radial="3" se_offset_height="1" se_offset_width="2" se_offset_radial="3" agent_match_loc="false" agent_match_form="false"> turn </gesture> and I was about to miss <gesture type="beat" handedness="right" prep=".38" stroke=".66" se_onset_height="1" se_onset_width="2" se_onset_radial="3" se_offset_height="1" se_offset_width="2" se_offset_radial="3" retract=".64" agent_match_loc="false" agent_match_form="false"> curfew </gesture> and the light just turned <gesture type="beat" handedness="right" prep="1.77" stroke=".66" se_onset_height="1" se_onset_width="2" se_onset_radial="3" se_offset_height="1" se_offset_width="3" se_offset_radial="4" agent_match_loc="false" agent_match_form="false"> green </gesture> and I did not look and so I just went and then the car <gesture type="metaphoric" handedness="left" stroke=".66" se_onset_height="1" se_onset_width="2" se_onset_radial="3" se_offset_height="5" se_offset_width="3" se_offset_radial="4" agent_match_loc="false" agent_match_form="false"> hit me </gesture> right in the front where my legs <gesture type="metaphoric" handedness="left" stroke="1.1" se_onset_height="5" se_onset_width="3" se_onset_radial="4" se_offset_height="1" se_offset_width="2" se_offset_radial="3" retract=".65" agent_match_loc="true" agent_match_form="false"> would have been </gesture>
</part>

<part number="4" agentexlvl="4">
so I was spinning and there was <gesture type="metaphoric" handedness="both" prep=".72" stroke="1.86" se_onset_height="1" se_onset_width="2" se_onset_radial="3" se_offset_height="1" se_offset_width="2" se_offset_radial="3" retract=".84" agent_match_loc="true" agent_match_form="false"> smoke everywhere </gesture> and I thought that the car was going blow up and um, I guess adrenaline had <gesture type="metaphoric" handedness="both" prep=".55" stroke=".66" se_onset_height="1" se_onset_width="2" se_onset_radial="3" se_offset_height="1" se_offset_width="2" se_offset_radial="3" agent_match_loc="true" agent_match_form="true"> kicked in </gesture> or whatever so then I wasn'table to open <gesture type="metaphoric" handedness="left" prep=".5" stroke=".1" se_onset_height="1" se_onset_width="2" se_onset_radial="3" se_offset_height="4" se_offset_width="3" se_offset_radial="4" agent_match_loc="false" agent_match_form="false"> my door</gesture> so I crawled <gesture type="metaphoric" handedness="left" stroke=".55" se_onset_height="4" se_onset_width="3" se_onset_radial="4" se_offset_height="4" se_offset_width="2" se_offset_radial="2" agent_match_loc="true" agent_match_form="false"> out </gesture> of the <gesture type="metaphoric" handedness="left" stroke=".86" se_onset_height="4" se_onset_width="2" se_onset_radial="1" se_offset_height="1" se_offset_width="2" se_offset_radial="3" retract=".78" agent_match_loc="true" agent_match_form="false"> passenger </gesture> door
</part>

<part number="5" agentexlvl="5">
so when I went to the hospital I had three broken ribs and a bruised lung but they told me if I hadn't left, er, that if I hadn't left a moment earlier then I would have, then it would have been way worse cause the impact would have <gesture type="metaphoric" handedness="right" prep=".66" stroke=".67" se_onset_height="1" se_onset_width="2" se_onset_radial="3" se_offset_height="1" se_offset_width="2" se_offset_radial="3" agent_match_loc="false" agent_match_form="false"> hit me </gesture> a lot harder, and that is my <gesture type="beat" handedness="both" stroke=".87" se_onset_height="1" se_onset_width="2" se_onset_radial="3" se_offset_height="1" se_offset_width="2" se_offset_radial="3" agent_match_loc="false" agent_match_form="false"> story </gesture>
</part>

<part number="full" agentexlvl="5">
so um, one day when I was 17, it was a Sunday, I went to my boyfriend's<gesture type="metaphoric" handedness="both" stroke=".76" se_onset_height="1" se_onset_width="2" se_onset_radial="3" se_offset_height="1" se_offset_width="2" se_offset_radial="3" agent_match_loc="true" agent_match_form="false"> house </gesture> and got in a really big <gesture type="beat" handedness="left" stroke=".92" se_onset_height="1" se_onset_width="2" se_onset_radial="3" se_offset_height="1" se_offset_width="2" se_offset_radial="3" agent_match_loc="false" agent_match_form="false"> argument </gesture> and there was yelling and screaming and <gesture type="metaphoric" handedness="both" prep=".61" stroke=".56" se_onset_height="1" se_onset_width="2" se_onset_radial="3" se_offset_height="3" se_offset_width="3" se_offset_radial="3" agent_match_loc="false "agent_match_form="false"> everything </gesture> and I had driven there so I told him I was going to <gesture type="metaphoric" handedness="both" stroke="1.01" se_onset_height="1" se_onset_width="2" se_onset_radial="3" se_offset_height="2" se_offset_width="4" se_offset_radial="4" retract=".94" agent_match_loc="true" agent_match_form="true"> leave </gesture> and I was crying and um, <gesture type="beat" handedness="left" stroke="1.24" se_onset_height="1" se_onset_width="2" se_onset_radial="3" se_offset_height="4" se_offset_width="2" se_offset_radial="1" agent_match_loc="false" agent_match_form="false"> usually </gesture> I am a really good driver so I don't know why this happened to me but um the street right before my <gesture type="metaphoric" handedness="both" stroke="1.01" se_onset_height="4" se_onset_width="2" se_onset_radial="1" se_offset_height="4" se_offset_width="1" se_offset_radial="1" agent_match_loc="true" agent_match_form="false"> house </gesture>, I almost missed the turn um, and then when the light turned <gesture type="metaphoric" handedness="both" stroke="1.24" se_onset_height="4" se_onset_width="1" se_onset_radial="1" se_offset_height="4" se_offset_width="3" se_offset_radial="3" agent_match_loc="false" agent_match_form="false"> green </gesture> I, um, just went without <gesture type="metaphoric" handedness="both" stroke="1.18" se_onset_height="4" se_onset_width="3" se_onset_radial="3" se_offset_height="4" se_offset_width="3" se_offset_radial="3" agent_match_loc="false" agent_match_form="false"> looking </gesture> and the car hit me right where my legs would have <gesture type="metaphoric" handedness="both" stroke=".19" se_onset_height="4" se_onset_width="3" se_onset_radial="3" se_offset_height="4" se_offset_width="2" se_offset_radial="1" agent_match_loc="false" agent_match_form="false"> been </gesture> and the car was like <gesture type="metaphoric" handedness="both" stroke="1.85" se_onset_height="4" se_onset_width="3" se_onset_radial="3" se_offset_height="4" se_offset_width="2" se_offset_radial="1" agent_match_loc="false" agent_match_form="false"> spinning </gesture> out of control and there was smoke everywhere so I thought that it was going to <gesture type="metaphoric" handedness="both" stroke="1.13" se_onset_height="4" se_onset_width="2" se_onset_radial="1" se_offset_height="1" se_offset_width="2" se_offset_radial="4" retract=".60" agent_match_loc="false" agent_match_form="false"> explode </gesture> but it did not and <gesture type="metaphoric" handedness="both" prep=".47" stroke=".85" se_onset_height="1" se_onset_width="2" se_onset_radial="3" se_offset_height="3" se_offset_width="3" se_offset_radial="4" agent_match_loc="false" agent_match_form="false"> adrenaline </gesture> had kicked in and even though my door was smashed I was able to get out, <gesture type="metaphoric" handedness="right" stroke="2.08" se_onset_height="1" se_onset_width="2" se_onset_radial="3" se_offset_height="5" se_offset_width="3" se_offset_radial="3" agent_match_loc="false" agent_match_form="false"> crawl out </gesture> of the <gesture type="metaphoric" handedness="both" stroke=".72" se_onset_height="5" se_onset_width="2" se_onset_radial="2" se_offset_height="1" se_offset_width="1" se_offset_radial="2" retract=".46" agent_match_loc="false" agent_match_form="false"> passenger's seat </gesture> and um, when I got to the hospital I had three broken ribs and bruised lung, or a bruised leg and um, and the doctor said if I had <gesture type="metaphoric" handedness="left" prep=".39" stroke=".11" se_onset_height="1" se_onset_width="2" se_onset_radial="3" se_offset_height="3" se_offset_width="2" se_offset_radial="2" agent_match_loc="false" agent_match_form="false"> left </gesture> any later or earlier then I would not of, then it would have been a lot worse because the impact would have hit me a lot harder, and that's my <gesture type="metaphoric" handedness="both" stroke="1.02" se_onset_height="1" se_onset_width="2" se_onset_radial="3" se_offset_height="1" se_offset_width="3" se_offset_radial="4" retract=".49" agent_match_loc="false" agent_match_form="false"> story </gesture>
</part>
</story>
</participant>