<participant id="19">
<personality ex="4" op="6.5" ag="7" ems="6.5" co="7">
</personality>

<story id="1" order="1" version="0"> 
<part number="1" agentexlvl="1"> 
um so over the summer you got EDC tickets which is like a big music festival and you really did not want to drive so you got tickets for a shuttle and it was like for a shuttle bus. 
</part> 

<part number="2" agentexlvl="2">
so while you were driving and then you said while he was driving um, you noticed that the streets were very narrow um, but he was driving way too fast um, and you do not understand why he was driving too fast-and therefore the bus did not really fit because it was kind of going down a winding road, so yeah. 
</part> 

<part number="3"
agentexlvl="3"> 
so the driver made a sharp right turn and when he made the sharp right turn the bus kind of toppled over um, but I guess the bus driver kind of like managed to make the bus stand on its own again and the wheels were settled on the road and therefore um,it was a close call too, you guys on the bus, while you guys were on the bus you guys were able to fix it. 
</part> 

<part number="4" agentexlvl="4">
the back of the bus after everyone got settled um, you realized that this girl flipped out of her seat and it could have been really dangerous if the bus driver had not leveled out the bus, um. 
</part>

<part number="5" agentexlvl="5"> 
everyone was super happy that everyone was okay because afterwards we were going to this super great concert and um yeah that is it. 
</part> 

<part number="full" agentexlvl="5"> 
so over the summer I got tickets to go to EDC which is this music festival and um I bought shuttle tickets because I did not want to drive and so um while we were on this tour bus shuttle um the bus driver was driving really fast down these narrow roads and um while he was driving really fast down these narrow roads he kinda reached a sharp right turn um while we were going down winding road and when he made the sharp right turn the bus kinda lurched and uh he was able to manage to level the bus again but after everything was calm there was a girl who had flipped out of her seat and um it could have been really dangerous if the bus driver had not leveled out the bus and um afterwards everyone was really excited cause we were going to be able to go to this big music festival.
</part> 
</story>

<story id="0" order="0" version="1"> 
<part number="1" agentexlvl="5"> 
When you were 17, it was a Sunday and you got into a fight with your boy, with your boyfriend. 
</part> 

<part number="2" agentexlvl="4"> 
you were driving over to your boyfriend's house and you were crying, and then you said that you started to cry, um, and that you do not know what happened because you are a really really good driver. 
</part> 

<part
number="3" agentexlvl="3"> 
um, you looked at the time and I think you said you got a call and then, um, before you knew it you almost got into a car accident. 
</part> 

<part number="4" agentexlvl="2"> 
your car was really smokey and it was scary but um, you could not get out because your car door was bent and so you basically, um, I forget[Laughter], um, and so-yeah. 
</part> 

<part number="5"
agentexlvl="1"> 
um before you knew it you were at the hospital and you had your broken ribs, bones and wrist and they told you that if they did not treat you fast enough then you could have been damaged very severely um, and-yeah. 
</part> 

<part number="full" agentexlvl="1"> 
so when I was 17 on a sunday I was on my way to my boyfriend's house and, uh, I was crying because we got into a really huge argument and, uh, while I was driving I kind of got into a car accident, um, almost missed but it did happen and so I do not understand why it happened cause I am a really good driver and next thing I knew the other car hit the rear end of my car and it basically made the car turn in circles and so um, smoke ended up coming out and I could not get out of my door um, because my car door was bent and so um the doctors when I arrived at the hospital, the doctors said that if I did not um, get reached on time then I could have been damaged very severely, I had three broken bones and ribs, and-yeah.
</part> 
</story>
</participant>