<participant id="20">
<personality ex="4.5" op="6" ag="6" ems="3.5" co="6.5">
</personality>

<story id= "1" order="1" version="0">
<part number="1" agentexlvl="1">
um you went to a music festival and took a shuttle so you would not have to drive there
</part>

<part number="2" agentexlvl="2">
uh as you were driving on the shuttle there was a car that was going really fast and it was a winding road so it should not have
</part>

<part number="3" agentexlvl="3">
uh because the car was <gesture type="metaphoric" handedness="right"stroke=".67" se_onset_height="3"se_onset_width="1"se_onset_radial="1"se_offset_height="3"se_offset_width="1"se_offset_radial="1"agent_match_loc="false"agent_match_form="false">going<gesture/> <gesture type="metaphoric" handedness="both"stroke=".52" se_onset_height= "3"se_onset_width="2" se_onset_radial="2" se_offset_height="3" se_offset_width="2" se_offset_radial="2" retract=".16" agent_match_loc="false" agent_match_form="false"> so fast <gesture/> when you were doing a right <gesture type="metaphoric" handedness="left" stroke=".86" se_onset_height="3" se_onset_width="2" se_onset_radial="1" se_offset_height="3" se_offset_width="2" se_offset_radial="1" agent_match_loc="false" agent_match_form="false"> tur n<gesture/> uh, it made the bus <gesture type="metaphoric" handedness="left" stroke=".67" se_onset_height="3" se_onset_width="2" se_onset_radial="1" se_offset_height="4" se_offset_width="3" se_offset_radial="2" agent_match_loc="false" agent_match_form="false"> go on <gesture/> its <gesture type="metaphoric" handedness="left" stroke=".85" se_onset_height="4" se_onset_width="3" se_onset_radial="2" se_offset_height="4" se_offset_width="3" se_offset_radial="2" agent_match_loc="false" agent_match_form="false"> two wheels <gesture/> and the <gesture type="metaphoric" handedness="both" stroke="1.07" se_onset_height="4" se_onset_width="3" se_onset_radial="2 "se_offset_height="4" se_offset_width="2" se_offset_radial="2" agent_match_loc="false" agent_match_form="false"> bus driver <gesture/> turned the <gesture type="metaphoric" handedness="left" stroke="58.7" se_onset_height="4" se_onset_width="3" se_onset_radial="3" se_offset_height="4" se_offset_width="2" se_offset_radial="1" agent_match_loc="false" agent_match_form="false"> his wheel <gesture/> to the right <gesture type="metaphoric" handedness="both" stroke=".82" se_onset_height="4" se_onset_width="2" se_onset_radial="1" se_offset_height="4" se_offset_width="2"s e_offset_radial="1" agent_match_loc="true" agent_match_form="false"> balancing out <gesture/> the bus and therefore <gesture type="metaphoric" handedness="left" stroke="1.33" se_onset_height="4" se_onset_width="2" se_onset_radial="1" se_offset_height="4" se_offset_width="3" se_offset_radial="2" retract=".67" agent_match_loc= "false"agent_match_form="false"> not <gesture/> falling off the edge
</part>

<part number="4" agentexlvl="4">
uhm there was a girl that flipped out of her seat and it would have been really dangerous if he was not able to level out the bus
</part>

<part number="5" agentexlvl="5">
uh, everyone was really happy that they did not die and they were excited because they were gonna go to a giant concert
</part>

<part number="full" agentexlvl="5">
okay so I went to a concert er I bought tickets for a concert and decided to take uh a bus shuttle there and so <gesture type="metaphoric" handedness="left" stroke="1.12" se_onset_height="3" se_onset_width="1" se_onset_radial="1" se_offset_height="3" se_offset_width="1"se_offset_radial="1"agent_match_loc="false"agent_match_form="false">I did not <gesture/> have to drive as we were <gesture type="metaphoric" handedness="both" prep=".54" stroke=".98 "se_onset_height="3" se_onset_width="1" se_onset_radial="1" se_offset_height="3" se_offset_width="1" se_offset_radial="1" retract=".58" agent_match_loc="false" agent_match_form="false"> driving there <gesture/> there was a car <gesture type="metaphoric" handedness="right" stroke=".56" se_onset_height="3" se_onset_width="1" se_onset_radial="1" se_offset_height="3" se_offset_width="2" se_offset_radial="3" agent_match_loc="false" agent_match_form="false"> next to us <gesture/> that was speeding while we were taking a right turn <gesture type="metaphoric" handedness="both" stroke="1.17 "se_onset_height="3" se_onset_width="2" se_onset_radial="3" se_offset_height="3" se_offset_width="2" se_offset_radial="2" agent_match_loc="false" agent_match_form="false"> because it was <gesture/> speeding the <gesture type="metaphoric" handedness="both" stroke=".85" se_onset_height="3" se_onset_width="2" se_onset_radial="2" se_offset_height="3" se_offset_width="2" se_offset_radial="2" agent_match_loc="false" agent_match_form="false"> bus <gesture/> [(   )] turn <gesture type="metaphoric" handedness="left" stroke=".87" se_onset_height="3" se_onset_width="2" se_onset_radial="2" se_offset_height="3" se_offset_width="2" se_offset_radial="2" agent_match_loc="false" agent_match_form="false"> onto its <gesture/> two hind er onto <gesture type="metaphoric" handedness="both" stroke="2.49" se_onset_height="3" se_onset_width="2" se_onset_radial="2" se_offset_height="3" se_offset_width="2" se_offset_radial="2" agent_match_loc="false" agent_match_form="false"> its two <gesture/> wheels and the bus driver had to <gesture type="metaphoric" handedness="both" prep=".63" stroke="1.27" se_onset_height="3" se_onset_width="2" se_onset_radial="3" se_offset_height="3" se_offset_width="1" se_offset_radial="1" agent_match_loc="false"  agent_match_form="false"> turn his steering </gesture> wheel to the <gesture type="metaphoric" handedness="right" stroke=".67" se_onset_height="3" se_onset_width="1" se_onset_radial="1" se_offset_height="3" se_offset_width="2" se_offset_radial="2" agent_match_loc="false" agent_match_form="false"> right <gesture/> in order to <gesture type="metaphoric" handedness="left" stroke=".76" se_onset_height="3" se_onset_width="2" se_onset_radial="1" se_offset_height="3" se_offset_width="1" se_offset_radial="1" agent_match_loc="true" agent_match_form="true"> balance </gesture> the bus there was a girl that went flying everyone was really happy um that they that they <gesture type="metaphoric" handedness="both" stroke="1.09" se_onset_height="3" se_onset_width="2" se_onset_radial="2" se_offset_height="3" se_offset_width="2" se_offset_radial="2" agent_match_loc="true" agent_match_form="true"> did not die <gesture/> because they were <gesture type="metaphoric" handedness="both" stroke=".56" se_onset_height="3" se_onset_width="2" se_onset_radial="2" se_offset_height="3" se_offset_width="3" se_offset_radial="3" agent_match_loc="true" agent_match_form="false"> going to <gesture/> a, <gesture type="metaphoric" handedness="left" stroke="1.16" se_onset_height="3" se_onset_width="3" se_onset_radial="3" se_offset_height="3" se_offset_width="1" se_offset_radial="1" retract=".58" agent_match_loc="true" agent_match_form="false"> giant concert <gesture/>
</part>
</story>

<story id="0" order="1" version="1">
<part number="1" agentexlvl="5">
uh, it was a <gesture type="metaphoric" handedness="both"s troke=".77" se_onset_height="3" se_onset_width="1" se_onset_radial="1" se_offset_height="4" se_offset_width="3" se_offset_radial="3"agent_match_loc="true"agent_match_form="true"> Sunday <gesture/> I was <gesture type="metaphoric" handedness="both" stroke=".69" se_onset_height="4" se_onset_width="3" se_onset_radial="3" se_offset_height="4" se_offset_width="3" se_offset_radial="2" agent_match_loc="false" agent_match_form="false"> 17 <gesture/> and me and <gesture type="metaphoric" handedness="both" stroke=".93" se_onset_height="4" se_onset_width="3" se_onset_radial="2" se_offset_height="4" se_offset_width="2" se_offset_radial="2" agent_match_loc="false" agent_match_form="false"> my boyfriend </gesture/> got into a <gesture type="metaphoric" handedness="both" stroke="1.28" se_onset_height="4" se_onset_width="2" se_onset_radial="2" se_offset_height="3" se_offset_width="1" se_offset_radial="1" retract="1.44" agent_match_loc="true" agent_match_form="true"> really really huge fight <gesture/>
</part>

<part number="2" agentexlvl="4">
uhm, I decided to leave- and I was really really crying and I am a really good driver so I do not know how this happened to me
</part>

<part number="3" agentexlvl="3">
um I was driving back home and my dad is a stickler for curfew so the light turned green and I went and a car hit my front side of the car where my legs would have been
</part>

<part number="4" agentexlvl="1">
um so my car went spinning and there was a lot of smoke um and I guess it was all the adrenaline so I crawled out through the passenger side
</part>

<part number="5" agentexlvl=15">
when I got to the hospital I had three cracked ribs and a bruised lung and they told me that if I had not gotten out of the car at that at the moment I did I would have died
</part>

<part number="full" agentexlvl="1">
okay it was it was Sunday and me and my boyfriend got into a really bad fight I started crying and I decided to go home I was gonna be I was at a oh I was um, <gesture type="metaphoric" handedness="left "stroke="1.03" se_onset_height="1" se_onset_width="1" se_onset_radial="3" se_offset_height="1" se_offset_width="1" se_offset_radial="3" retract=".48" agent_match_loc="true" agent_match_form="true"> a street right <gesture/> away from my house and the light turned green and I decided to go and as I went there was a car that hit the side of my car and my car <gesture type="metaphoric" handedness="left" prep="1.46" stroke="1.50" se_onset_height="1" se_onset_width="1" se_onset_radial="3" se_offset_height="1" se_offset_width="1" se_offset_radial="3" retract=".74" agent_match_loc="false" agent_match_form="false"> went spinning <gesture/> and um and there was a lot of smoke I guess like so much adrenaline that I crawled to out of the <gesture type="beat" handedness="left" stroke=".61" se_onset_height="1" se_onset_width="1" se_onset_radial="3" se_offset_height="1" se_offset_width="1" se_offset_radial="3"agent_match_loc="false"agent_match_form="false"> passenger’s <gesture/> seat when I got to the hospital I had three broken ribs and a <gesture type="beat" handedness="left" stroke=".73" se_onset_height="1" se_onset_width="1"s e_onset_radial="3" se_offset_height="1" se_offset_width="1" se_offset_radial="3" retract=".20" agent_match_loc="false" agent_match_form="false"> bruised lung <gesture/> and they <gesture type="beat" handedness="left" stroke=".76" se_onset_height="1" se_onset_width="1" se_onset_radial="3" se_offset_height="1" se_offset_width="2" se_offset_radial="3" agent_match_loc="false" agent_match_form="false"> told m e<gesture/> if I had not gotten um had not gotten out when I did I would have died
</part>
</story>
</participant>
