<participant id="21">
<personality ex="5" op="7" ag="4" ems="4.5" co="5.5">
</personality>

<story id="1" order="1" version="1">
<part number="1" agentexlvl="5">

over the <gesture type="metaphoric" handedness="both" stroke=".9" se_onset_height="1"
se_onset_width="2" se_onset_radial="3" se_offset_height="3" se_offset_width="3" se_offset_radial="3" agent_match_loc="false" agent_match_form="false"> summer </gesture> I went to <gesture type="metaphoric" handedness="both" stroke=".9" se_onset_height="3" se_onset_width="3" se_onset_radial="3" se_offset_height="2" se_offset_width="2" se_offset_radial="1" hold=".4" agent_match_loc="false" agent_match_form="false"> EDC </gesture> which is like a music <gesture type="metaphoric" handedness="both" stroke=".77" se_onset_height="2" se_onset_width="2" se_onset_radial="1" se_offset_height="3" se_offset_width="2" se_offset_radial="3" agent_match_loc="false" agent_match_form="false">  festival</gesture> and I <gesture type="metaphoric" handedness="both" stroke=".89" se_onset_height="3" se_onset_width="2" se_onset_radial="3" se_offset_height="3" se_offset_width="2" se_offset_radial="2" agent_match_loc="false" agent_match_form="false"> bought shuttle </gesture> <gesture type="metaphoric" handedness="both" stroke=".67" se_onset_height="3" se_onset_width="2" se_onset_radial="2" se_offset_height="3" se_offset_width="2" se_offset_radial="2" hold=".31" agent_match_loc="false" agent_match_form="false"> tickets </gesture> so I wouldn't have to <gesture type="metaphoric" handedness="left" stroke=".62" se_onset_height="3" se_onset_width="2" se_onset_radial="2" se_offset_height="4" se_offset_width="2" se_offset_radial="3" hold=".99" agent_match_loc="false" agent_match_form="false"> drive </gesture> and its like these big buses <gesture type="metaphoric" handedness="both" stroke="1.2" se_onset_height="4" se_onset_width="2" se_onset_radial="3" se_offset_height="4" se_offset_width="2" se_offset_radial="3" hold=".53" agent_match_loc="false" agent_match_form="false"> almost </gesture> like a tour <gesture type="metaphoric" handedness="both" stroke="1.01" se_onset_height="4" se_onset_width="2" se_onset_radial="3" se_offset_height="1" se_offset_width="2" se_offset_radial="3" hold=".57" retract="1.61" agent_match_loc="false"
agent_match_form="false"> bus </gesture> that would take me there
</part>

<part number="2" agentexlvl="4">
we were <gesture type="metaphoric" handedness="both" stroke=".53" se_onset_height="4" se_onset_width="2" se_onset_radial="3" se_offset_height="4" se_offset_width="2" se_offset_radial="3" agent_match_loc="true" agent_match_form="false"> driving </gesture> well the <gesture type="metaphoric" handedness="both" stroke=".56" se_onset_height="4" se_onset_width="2" se_onset_radial="3" se_offset_height="3" se_offset_width="2" se_offset_radial="3" hold=".87" agent_match_loc="false" agent_match_form="false"> guy </gesture> was driving and it’s this <gesture type="metaphoric" handedness="both" stroke="1.28" se_onset_height="3" se_onset_width="2" se_onset_radial="3" se_offset_height="4" se_offset_width="2" se_offset_radial="3" agent_match_loc="false" agent_match_form="false"> really big</gesture> bus on these <gesture type="metaphoric" handedness="both" stroke="2.49" se_onset_height="4" se_onset_width="2" se_onset_radial="3" se_offset_height="4" se_offset_width="2" se_offset_radial="3" hold="1.14" agent_match_loc="false" agent_match_form="false"> really narrow</gesture> little roads and he was driving <gesture type="metaphoric" handedness="both" stroke=".81" se_onset_height="4" se_onset_width="2" se_onset_radial="3" se_offset_height="3" se_offset_width="2" se_offset_radial="3" agent_match_loc="true" agent_match_form="false"> really fast </gesture> <gesture type="metaphoric" handedness="both" stroke=".91" se_onset_height="3" se_onset_width="2" se_onset_radial="3" se_offset_height="5" se_offset_width="1" se_offset_radial="1" agent_match_loc="false" agent_match_form="false"> and </gesture> it was the <gesture type="metaphoric" handedness="both" stroke="1.1" se_onset_height="5" se_onset_width="1" se_onset_radial="1" se_offset_height="4" se_offset_width="3" se_offset_radial="3" hold=".44" agent_match_loc="false" agent_match_form="false"> roads were windy </gesture> and so he <gesture type="metaphoric" handedness="both" prep=".89" stroke=".93" se_onset_height="4" se_onset_width="3" se_onset_radial="3" se_offset_height="4" se_offset_width="2" se_offset_radial="3" hold="2.9" agent_match_loc="true" agent_match_form="false"> shouldn’t have been driving </gesture> fast anyway and <gesture type="metaphoric" handedness="both" stroke=".79" se_onset_height="4" se_onset_width="2" se_onset_radial="3" se_offset_height="1" se_offset_width="1" se_offset_radial="3" retract="1.33" agent_match_loc="false" agent_match_form="false"> h-he </gesture> just he was driving really fast on these windy roads in this <gesture type="metaphoric" handedness="both" stroke=".37" se_onset_height="1" se_onset_width="2" se_onset_radial="3" se_offset_height="1" se_offset_width="1" se_offset_radial="2" retract=".63" agent_match_loc="false" agent_match_form="false"> big </gesture> bus
</part>

<part number="3" agentexlvl="3">
and then this sharp <gesture type="metaphoric" handedness="both" prep=".52" stroke=".66" se_onset_height="1" se_onset_width="2" se_onset_radial="3" se_offset_height="3" se_offset_width="2" se_offset_radial="3" agent_match_loc="false" agent_match_form="false">right turn</gesture> <gesture type="metaphoric" handedness="both" stroke=".9" se_onset_height="3" se_onset_width="2" se_onset_radial="3" se_offset_height="3" se_offset_width="2" se_offset_radial="3" hold=".1" agent_match_loc="false" agent_match_form="false"> came and </gesture> he turned the bus <gesture type="metaphoric" handedness="both" stroke="1.01" se_onset_height="3" se_onset_width="2" se_onset_radial="3" se_offset_height="3" se_offset_width="2" se_offset_radial="2" hold=".55" agent_match_loc="false" agent_match_form="false"> and </gesture> the bus went on <gesture type="metaphoric" handedness="both" stroke="1.04" se_onset_height="3" se_onset_width="2" se_onset_radial="2" se_offset_height="3" se_offset_width="2" se_offset_radial="2" hold=".67" agent_match_loc="false" agent_match_form="false"> two wheels </gesture> like its <gesture type="metaphoric" handedness="right" stroke=".86" se_onset_height="3" se_onset_width="2" se_onset_radial="2" se_offset_height="1" se_offset_width="2" se_offset_radial="3" agent_match_loc="false" agent_match_form="false"> two side wheels </gesture> <gesture type="metaphoric" handedness="left" stroke=".52" se_onset_height="1" se_onset_width="2" se_onset_radial="3" se_offset_height="4" se_offset_width="2" se_offset_radial="2" hold="2.11" agent_match_loc="false" agent_match_form="false"> and </gesture> the bus could have <gesture type="metaphoric" handedness="both" stroke="1.11" se_onset_height="4" se_onset_width="2" se_onset_radial="2" se_offset_height="3" se_offset_width="2" se_offset_radial="2" agent_match_loc="true" agent_match_form="false"> flipped over </gesture> but he <gesture type="metaphoric" handedness="both" stroke="1.59" se_onset_height="3" se_onset_width="2" se_onset_radial="2" se_offset_height="3" se_offset_width="2" se_offset_radial="2" hold="3.44" retract="1.06" agent_match_loc="true" agent_match_form="true"> turned his wheel </gesture> quickly to the right and he corrected it
</part>

<part number="4" agentexlvl="2">
the <gesture type="metaphoric" handedness="both" stroke=".52" se_onset_height="4" se_onset_width="2" se_onset_radial="2" se_offset_height="3" se_offset_width="2" se_offset_radial="2" hold="1.44" agent_match_loc="false" agent_match_form="false"> girl </gesture> in front of me she <gesture type="metaphoric" handedness="both" stroke=".83" se_onset_height="3" se_onset_width="2" se_onset_radial="2" se_offset_height="4" se_offset_width="2" se_offset_radial="3" hold="1.23" agent_match_loc="true" agent_match_form="false"> flew out of her seat </gesture> and if <gesture type="metaphoric" handedness="left" stroke="1.2" se_onset_height="4" se_onset_width="2" se_onset_radial="3" se_offset_height="4" se_offset_width="2" se_offset_radial="2" hold="2.22" agent_match_loc="false" agent_match_form="false"> he wasn’t able </gesture> to correct it then it <gesture type="metaphoric" handedness="both" stroke=".7" se_onset_height="4" se_onset_width="2" se_onset_radial="3" se_offset_height="4" se_offset_width="2" se_offset_radial="2" hold=".47" agent_match_loc="false" agent_match_form="false"> could </gesture> have been really bad and the <gesture type="metaphoric" handedness="right" stroke=".67" se_onset_height="4" se_onset_width="2" se_onset_radial="2" se_offset_height="4" se_offset_width="2" se_offset_radial="1" agent_match_loc="false" agent_match_form="false"> bus </gesture> could’ve <gesture type="metaphoric" handedness="both" stroke=".59" se_onset_height="4" se_onset_width="2" se_onset_radial="2" se_offset_height="3" se_offset_width="2" se_offset_radial="3" hold=".49" agent_match_loc="false" agent_match_form="false"> flipped over </gesture> so it was <gesture type="metaphoric" handedness="both" stroke=".79" se_onset_height="3" se_onset_width="2" se_onset_radial="3" se_offset_height="1" se_offset_width="1" se_offset_radial="3" hold=".79" retract=".83" agent_match_loc="false" agent_match_form="false"> almost </gesture> like it did flip over if he <gesture type="metaphoric" handedness="both" stroke=".61" se_onset_height="1" se_onset_width="1" se_onset_radial="3" se_offset_height="1" se_offset_width="2" se_offset_radial="3" retract=".7" agent_match_loc="false" agent_match_form="false"> wasn’t </gesture> able to correct it
</part>

<part number="5" agentexlvl="1">
but <gesture type="metaphoric" handedness="both" stroke=".87" se_onset_height="2" se_onset_width="2" se_onset_radial="3" se_offset_height="3" se_offset_width="2" se_offset_radial="1" hold=".84" agent_match_loc="false" agent_match_form="false"> afterwards </gesture> everyone was <gesture type="metaphoric" handedness="both" stroke="1.62" se_onset_height="3" se_onset_width="1" se_onset_radial="1" se_offset_height="2" se_offset_width="2" se_offset_radial="3" hold="1.78" agent_match_loc="true" agent_match_form="false"> super happy </gesture> that we didn’t die because we were gonna go to this big <gesture type="metaphoric" handedness="both" stroke="1.08" se_onset_height="2" se_onset_width="2" se_onset_radial="3" se_offset_height="1" se_offset_width="2" se_offset_radial="3" retract=".61" agent_match_loc="false" agent_match_form="false"> concert </gesture> and everyone was just happy that we didn’t die
</part>

<part number="full" agentexlvl="1">
over the summer I <gesture type="metaphoric" handedness="both" stroke="1" se_onset_height="3" se_onset_width="3" se_onset_radial="4" se_offset_height="4" se_offset_width="2" se_offset_radial="3" hold=".63" agent_match_loc="false" agent_match_form="false"> went </gesture> to <gesture type="metaphoric" handedness="both" stroke=".55" se_onset_height="4" se_onset_width="2" se_onset_radial="3" se_offset_height="3" se_offset_width="1" se_offset_radial="1" hold=".31" agent_match_loc="false" agent_match_form="false"> edc </gesture> which is like this <gesture type="metaphoric" handedness="both" stroke=".74" se_onset_height="3" se_onset_width="1" se_onset_radial="1" se_offset_height="4" se_offset_width="2" se_offset_radial="3" hold=".52" agent_match_loc="false" agent_match_form="false"> big festival </gesture> and <gesture type="metaphoric" handedness="both" stroke=".83" se_onset_height="4" se_onset_width="2" se_onset_radial="3" se_offset_height="3" se_offset_width="1" se_offset_radial="1" hold="1.03" agent_match_loc="false" agent_match_form="false"> um </gesture> I didn’t want to drive <gesture type="metaphoric" handedness="both" stroke="1.2" se_onset_height="3" se_onset_width="1" se_onset_radial="1" se_offset_height="3" se_offset_width="2" se_offset_radial="3" hold=".89" agent_match_loc="false" agent_match_form="false"> to the event </gesture> because like <gesture type="metaphoric" handedness="both" stroke="1.33" se_onset_height="3" se_onset_width="2" se_onset_radial="3" se_offset_height="3" se_offset_width="3" se_offset_radial="3" hold=".5" agent_match_loc="false" agent_match_form="false"> who wants </gesture> to do that <gesture type="metaphoric" handedness="both" stroke="1.27" se_onset_height="3" se_onset_width="3" se_onset_radial="3" se_offset_height="3" se_offset_width="2" se_offset_radial="3" hold=".88" agent_match_loc="false" agent_match_form="false"> and haha </gesture> so I got shuttle <gesture type="metaphoric" handedness="both" stroke=".64" se_onset_height="3" se_onset_width="2" se_onset_radial="3" se_offset_height="3" se_offset_width="1" se_offset_radial="1" hold="1.34" agent_match_loc="true" agent_match_form="false"> tickets </gesture> and the shuttle was like this <gesture type="metaphoric" handedness="both" stroke=".82" se_onset_height="3" se_onset_width="1" se_onset_radial="1" se_offset_height="3" se_offset_width="2" se_offset_radial="1" agent_match_loc="false" agent_match_form="false"> really big </gesture> <gesture type="metaphoric" handedness="both" stroke=".8" se_onset_height="3" se_onset_width="2" se_onset_radial="1" se_offset_height="4" se_offset_width="2" se_offset_radial="3" agent_match_loc="false" agent_match_form="false"> almost </gesture> tour bus <gesture type="metaphoric" handedness="both" stroke="1.07" se_onset_height="4" se_onset_width="2" se_onset_radial="3" se_offset_height="4" se_offset_width="3" se_offset_radial="3" agent_match_loc="false" agent_match_form="false"> type thing </gesture> <gesture type="metaphoric" handedness="both" stroke=".97" se_onset_height="4" se_onset_width="3" se_onset_radial="3" se_offset_height="4" se_offset_width="3" se_offset_radial="3" hold="3.15" agent_match_loc="false" agent_match_form="false"> and </gesture>  <gesture type="metaphoric" handedness="left" stroke="1.34" se_onset_height="4" se_onset_width="3" se_onset_radial="3" se_offset_height="4" se_offset_width="2" se_offset_radial="2" agent_match_loc="false" agent_match_form="false"> the way </gesture> [sigh] the way <gesture type="metaphoric" handedness="both" stroke=".84" se_onset_height="4" se_onset_width="2" se_onset_radial="2" se_offset_height="3" se_offset_width="1" se_offset_radial="1" hold=".46" agent_match_loc="false" agent_match_form="false"> [(   )] </gesture> to <gesture type="metaphoric" handedness="both" stroke=".63" se_onset_height="3" se_onset_width="1" se_onset_radial="1" se_offset_height="3" se_offset_width="2" se_offset_radial="3" hold=".63" agent_match_loc="false" agent_match_form="false"> get to </gesture> the concert <gesture type="metaphoric" handedness="both" stroke="1.08" se_onset_height="3" se_onset_width="2" se_onset_radial="3" se_offset_height="3" se_offset_width="1" se_offset_radial="1" agent_match_loc="false" agent_match_form="false"> was o</gesture> these really <gesture type="metaphoric" handedness="both" stroke=".65" se_onset_height="3" se_onset_width="1" se_onset_radial="1" se_offset_height="3" se_offset_width="1" se_offset_radial="1" agent_match_loc="true" agent_match_form="false"> narrow </gesture> narrow <gesture type="metaphoric" handedness="both" stroke=".83" se_onset_height="3" se_onset_width="1" se_onset_radial="1" se_offset_height="3" se_offset_width="2" se_offset_radial="2" hold="1.41" agent_match_loc="false" agent_match_form="false"> windy roads </gesture> and the <gesture type="metaphoric" handedness="both" stroke="1.37" se_onset_height="3" se_onset_width="2" se_onset_radial="2" se_offset_height="3" se_offset_width="2" se_offset_radial="2" hold=".76" agent_match_loc="false" agent_match_form="false"> bus driver goes </gesture> to take a sharp right turn <gesture type="metaphoric" handedness="both" stroke="1.62" se_onset_height="3" se_onset_width="2" se_onset_radial="2" se_offset_height="4" se_offset_width="3" se_offset_radial="3" hold="1.66" agent_match_loc="false" agent_match_form="false"> and the bus </gesture> goes up on two wheels <gesture type="metaphoric" handedness="both" stroke="1.08" se_onset_height="4" se_onset_width="3" se_onset_radial="3" se_offset_height="4" se_offset_width="2" se_offset_radial="3" hold=".41" agent_match_loc="false" agent_match_form="false"> on like its </gesture> two side wheels <gesture type="metaphoric" handedness="both" stroke=".86" se_onset_height="4" se_onset_width="2" se_onset_radial="3" se_offset_height="4" se_offset_width="2" se_offset_radial="3" hold="1.38" agent_match_loc="false" agent_match_form="false"> and it </gesture> so it almost tipped over but it didn’t it  <gesture type="metaphoric" handedness="both" stroke=".54" se_onset_height="4" se_onset_width="2" se_onset_radial="3" se_offset_height="4" se_offset_width="2" se_offset_radial="3" hold=".33" agent_match_loc="false" agent_match_form="false"> could’ve </gesture>  <gesture type="metaphoric" handedness="both" stroke=".52" se_onset_height="4" se_onset_width="2" se_onset_radial="3" se_offset_height="4" se_offset_width="2" se_offset_radial="3" hold=".75" agent_match_loc="false" agent_match_form="false"> but </gesture>  he quickly corrected it <gesture type="metaphoric" handedness="right" stroke="1.2" se_onset_height="4" se_onset_width="2" se_onset_radial="3" se_offset_height="3" se_offset_width="2" se_offset_radial="2" agent_match_loc="true" agent_match_form="false"> and turned his </gesture> wheel to the right <gesture type="metaphoric" handedness="both" stroke=".91" se_onset_height="3" se_onset_width="2" se_onset_radial="2" se_offset_height="4" se_offset_width="2" se_offset_radial="3" hold=".63" agent_match_loc="false" agent_match_form="false"> more </gesture> so then it would level out the bus and <gesture type="metaphoric" handedness="both" stroke=".96" se_onset_height="4" se_onset_width="2" se_onset_radial="3" se_offset_height="5" se_offset_width="2" se_offset_radial="2" hold=".73" agent_match_loc="false" agent_match_form="false"> the girl </gesture> in front of me <gesture type="metaphoric" handedness="both" stroke=".65" se_onset_height="5" se_onset_width="2" se_onset_radial="2" se_offset_height="3" se_offset_width="2" se_offset_radial="1" hold="1.06" agent_match_loc="true" agent_match_form="false"she flew </gesture> out of her seat <gesture type="metaphoric" handedness="right" stroke="1.17" se_onset_height="3" se_onset_width="2" se_onset_radial="1" se_offset_height="4" se_offset_width="2" se_offset_radial="3" hold=".48" agent_match_loc="false" agent_match_form="false"> and </gesture> so it <gesture type="metaphoric" handedness="both" stroke=".84" se_onset_height="4" se_onset_width="2" se_onset_radial="3" se_offset_height="4" se_offset_width="2" se_offset_radial="3" hold=".46" agent_match_loc="false" agent_match_form="false"> was almost </gesture> like he <gesture type="metaphoric" handedness="both" stroke=".77" se_onset_height="4" se_onset_width="2" se_onset_radial="3" se_offset_height="4" se_offset_width="2" se_offset_radial="3" agent_match_loc="false" agent_match_form="false"> did tip </gesture> the bus <gesture type="metaphoric" handedness="both" stroke=".74" se_onset_height="4" se_onset_width="2" se_onset_radial="3" se_offset_height="4" se_offset_width="2" se_offset_radial="3" agent_match_loc="false" agent_match_form="false"> over </gesture> but he <gesture type="metaphoric" handedness="both" stroke=".87" se_onset_height="4" se_onset_width="2" se_onset_radial="3" se_offset_height="4" se_offset_width="2" se_offset_radial="3" agent_match_loc="false" agent_match_form="false"> didn’t </gesture> <gesture type="metaphoric" handedness="both" stroke=".8" se_onset_height="4" se_onset_width="2" se_onset_radial="3" se_offset_height="4" se_offset_width="2" se_offset_radial="3" hold="3.53" agent_match_loc="false" agent_match_form="false"> and </gesture> um <gesture type="metaphoric" handedness="both" stroke="1.38" se_onset_height="4" se_onset_width="2" se_onset_radial="3" se_offset_height="4" se_offset_width="2" se_offset_radial="3" agent_match_loc="true" agent_match_form="false"> everyone was just happy </gesture> <gesture type="metaphoric" handedness="both" stroke=".94" se_onset_height="4" se_onset_width="2" se_onset_radial="3" se_offset_height="4" se_offset_width="2" se_offset_radial="3" hold=".41" agent_match_loc="true" agent_match_form="false"> that we didn’t </gesture> die even though we <gesture type="metaphoric" handedness="both" stroke=".64" se_onset_height="4" se_onset_width="2" se_onset_radial="3" se_offset_height="1" se_offset_width="2" se_offset_radial="3" hold="1.64" retract=".78" agent_match_loc="false" agent_match_form="false"> almost </gesture> died just because we were gonna go have a great <gesture type="metaphoric" handedness="both" stroke=".71" se_onset_height="1" se_onset_width="2" se_onset_radial="3" se_offset_height="1" se_offset_width="1" se_offset_radial="3" agent_match_loc="false" agent_match_form="false"> day </gesture> at this big concert that’s my story
</part>
</story>

<story id="0" order="0" version="0">
<part number="1" agentexlvl="1">
when <gesture type="metaphoric" handedness="both" stroke=".53" se_onset_height="2" se_onset_width="2" se_onset_radial="3" se_offset_height="3" se_offset_width="2" se_offset_radial="3" hold="1.69" retract=".98" hold=".78" agent_match_loc="true" agent_match_form="true"> When I was 17 well it was a Sunday </gesture> I went over to my <gesture type="metaphoric" handedness="right" stroke=".6" se_onset_height="3" se_onset_width="1" se_onset_radial="1" se_offset_height="3" se_offset_width="2" se_offset_radial="3" hold="1.84"agent_match_loc="true" agent_match_form="true"> boyfriends </gesture> house and we got into this <gesture type="metaphoric" handedness="both" stroke="1.53" se_onset_height="3" se_onset_width="2" se_onset_radial="3" se_offset_height="1" se_offset_width="2" se_offset_radial="3" retract=".86" agent_match_loc="false" agent_match_form="false"> really really big </gesture> fight
</part>

<part number="2" agentexlvl="2">
well I drove over <gesture type="metaphoric" handedness="both" stroke=".9" se_onset_height="1" se_onset_width="2" se_onset_radial="3" se_offset_height="3" se_offset_width="3" se_offset_radial="3" agent_match_loc="true" agent_match_form="true"> there </gesture> so I was gonna <gesture type="metaphoric" handedness="both" stroke=".52" se_onset_height="3" se_onset_width="2" se_onset_radial="2" se_offset_height="3" se_offset_width="2" se_offset_radial="2" hold=".4" agent_match_loc="true" agent_match_form="false"> leave </gesture> and I <gesture type="metaphoric" handedness="both" stroke=".87" se_onset_height="3" se_onset_width="2" se_onset_radial="2" se_offset_height="4" se_offset_width="2" se_offset_radial="1" hold=".4" agent_match_loc="false" agent_match_form="false"> was upset </gesture> so I was <gesture type="metaphoric" handedness="right" stroke=".71" se_onset_height="4" se_onset_width="2" se_onset_radial="1" se_offset_height="3" se_offset_width="2" se_offset_radial="2" hold=".63" agent_match_loc="false" agent_match_form="false"> crying </gesture> and all  that <gesture type="metaphoric" handedness="both" stroke=".79" se_onset_height="3" se_onset_width="2" se_onset_radial="2" se_offset_height="4" se_offset_width="2" se_offset_radial="2" agent_match_loc="false" agent_match_form="false"> stuff </gesture> and I’m a really <gesture type="metaphoric" handedness="both" stroke=".53" se_onset_height="4" se_onset_width="2" se_onset_radial="2" se_offset_height="4" se_offset_width="2" se_offset_radial="1" hold=".54" agent_match_loc="false" agent_match_form="false"> good </gesture> driver so I don’t know <gesture type="metaphoric" handedness="both" stroke=".5" se_onset_height="4" se_onset_width="2" se_onset_radial="1" se_offset_height="1" se_offset_width="1" se_offset_radial="3" retract=".63" agent_match_loc="false" agent_match_form="false"> why this </gesture> happened to me
</part>

<part number="3" agentexlvl="3">
I was on the street right before <gesture type="metaphoric" handedness="both" prep=".72" stroke=".74" se_onset_height="1" se_onset_width="2" se_onset_radial="3" se_offset_height="4" se_offset_width="3" se_offset_radial="3" agent_match_loc="false" agent_match_form="false"> my house </gesture> <gesture type="metaphoric" handedness="both" stroke=".7" se_onset_height="4" se_onset_width="3" se_onset_radial="3" se_offset_height="4" se_offset_width="3" se_offset_radial="3" hold=".9" agent_match_loc="false" agent_match_form="false"> and </gesture> the light turned <gesture type="metaphoric" handedness="both" stroke="1.16" se_onset_height="4" se_onset_width="3" se_onset_radial="3" se_offset_height="3" se_offset_width="3" se_offset_radial="3" agent_match_loc="false" agent_match_form="false"> green </gesture> and I didn’t <gesture type="metaphoric" handedness="both" stroke="1.15" se_onset_height="3" se_onset_width="3" se_onset_radial="3" se_offset_height="4" se_offset_width="2" se_offset_radial="3" hold=".71" agent_match_loc="false" agent_match_form="false"> look </gesture>I just went <gesture type="metaphoric" handedness="both" stroke=".87" se_onset_height="4" se_onset_width="2" se_onset_radial="3" se_offset_height="3" se_offset_width="1" se_offset_radial="1" hold="1.5" agent_match_loc="false" agent_match_form="false"> for it </gesture>because I was gonna miss curfew my dad’s a really big <gesture type="beat" handedness="left" stroke=".43" se_onset_height="3" se_onset_width="1" se_onset_radial="1" se_offset_height="3" se_offset_width="1" se_offset_radial="1" hold="2.2" agent_match_loc="false" agent_match_form="false"> stickiler </gesture> stickler haha for curfew <gesture type="metaphoric" handedness="right" stroke=".72" se_onset_height="3" se_onset_width="1" se_onset_radial="1" se_offset_height="3" se_offset_width="1" se_offset_radial="1" hold=".72" agent_match_loc="false" agent_match_form="false"> and </gesture> <gesture type="metaphoric" handedness="both" stroke=".84" se_onset_height="4" se_onset_width="1" se_onset_radial="2" se_offset_height="4" se_offset_width="2" se_offset_radial="1" hold="1.82" agent_match_loc="false" agent_match_form="false"> um </gesture> I didn’t look I just <gesture type="metaphoric" handedness="both" stroke=".49" se_onset_height="4" se_onset_width="2" se_onset_radial="1" se_offset_height="4" se_offset_width="2" se_offset_radial="1" agent_match_loc="false" agent_match_form="false"> went </gesture> <gesture type="metaphoric" handedness="both" stroke=".66" se_onset_height="4" se_onset_width="2" se_onset_radial="1" se_offset_height="3" se_offset_width="2" se_offset_radial="1" agent_match_loc="false" agent_match_form="false"> and then </gesture> this <gesture type="metaphoric" handedness="both" prep=".91" stroke="1.3" se_onset_height="3" se_onset_width="2" se_onset_radial="1" se_offset_height="4" se_offset_width="2" se_offset_radial="3" agent_match_loc="false" agent_match_form="false"> car came out </gesture> of nowhere and it <gesture type="metaphoric" handedness="left" stroke="1.9" se_onset_height="4" se_onset_width="2" se_onset_radial="3" se_offset_height="4" se_offset_width="2" se_offset_radial="3" agent_match_loc="false" agent_match_form="false"> hit my door </gesture> where my legs would <gesture type="metaphoric" handedness="both" stroke=".6" se_onset_height="4" se_onset_width="2" se_onset_radial="3" se_offset_height="1" se_offset_width="1" se_offset_radial="3" hold="1.2" retract=".55" agent_match_loc="false" agent_match_form="false"> be </gesture>
</part>

<part number="4" agentexlvl="4">
I <gesture type="metaphoric" handedness="both" stroke=".48" se_onset_height="2" se_onset_width="2" se_onset_radial="4" se_offset_height="4" se_offset_width="2" se_offset_radial="3" hold="1.75" agent_match_loc="false" agent_match_form="false"> spun </gesture> out and I guess the <gesture type="metaphoric" handedness="both" stroke=".92" se_onset_height="4" se_onset_width="2" se_onset_radial="3" se_offset_height="4" se_offset_width="1" se_offset_radial="1" hold=".46" agent_match_loc="false" agent_match_form="false"> adrenaline </gesture> kicked in I <gesture type="metaphoric" handedness="left" stroke="1.26" se_onset_height="4" se_onset_width="1" se_onset_radial="1" se_offset_height="4" se_offset_width="4" se_offset_radial="4" agent_match_loc="false" agent_match_form="false"> tried to get out </gesture> of my door but I <gesture type="metaphoric" handedness="left" stroke=".69" se_onset_height="4" se_onset_width="4" se_onset_radial="4" se_offset_height="4" se_offset_width="3" se_offset_radial="4" hold=".57" agent_match_loc="false" agent_match_form="false"> couldn’t </gesture> open it cause it was <gesture type="metaphoric" handedness="left" stroke=".5" se_onset_height="4" se_onset_width="3" se_onset_radial="4" se_offset_height="3" se_offset_width="2" se_offset_radial="3" hold="1.23" agent_match_loc="false" agent_match_form="false"> smashed </gesture> in and I <gesture type="metaphoric" handedness="both" stroke="1.31" se_onset_height="3" se_onset_width="2" se_onset_radial="3" se_offset_height="1" se_offset_width="2" se_offset_radial="3" retract=".93" agent_match_loc="false" agent_match_form="false"> climbed out </gesture> of the passenger window the car was all <gesture type="metaphoric" handedness="both" prep=".52" stroke=".52" se_onset_height="1" se_onset_width="2" se_onset_radial="3" se_offset_height="1" se_offset_width="1" se_offset_radial="3" hold=".59" retract=".73" agent_match_loc="true" agent_match_form="true"> smokey </gesture> haha sorry
</part>

<part number="5" agentexlvl="5">
when I got to the hospital I had <gesture type="metaphoric" handedness="both" prep=".46" stroke="1.02" se_onset_height="2" se_onset_width="2" se_onset_radial="3" se_offset_height="3" se_offset_width="2" se_offset_radial="1" hold=".3" agent_match_loc="false" agent_match_form="false"> three broken ribs </gesture> and a bruised <gesture type="metaphoric" handedness="both" stroke=".66" se_onset_height="3" se_onset_width="2" se_onset_radial="1" se_offset_height="2" se_offset_width="1" se_offset_radial="1" hold=".4" agent_match_loc="false" agent_match_form="false"> lung </gesture> and they <gesture type="metaphoric" handedness="both" stroke=".79" se_onset_height="2" se_onset_width="1" se_onset_radial="1" se_offset_height="2" se_offset_width="1" se_offset_radial="1" hold="1.41" agent_match_loc="false" agent_match_form="false"> told me </gesture>that if I had not taken off when I <gesture type="metaphoric" handedness="both" stroke="1.14" se_onset_height="2" se_onset_width="1" se_onset_radial="1" se_offset_height="3" se_offset_width="1" se_offset_radial="1" hold=".63" agent_match_loc="false" agent_match_form="false"> did </gesture> if I had taken off <gesture type="metaphoric" handedness="both" stroke="2.06" se_onset_height="3" se_onset_width="1" se_onset_radial="1" se_offset_height="3" se_offset_width="1" se_offset_radial="1" hold="4.36" agent_match_loc="false" agent_match_form="false"> one second later </gesture> then I would have died on impact that’s my story
</part>

<part number="full" agentexlvl="5">
<gesture type="metaphoric" handedness="both" prep="1.74" stroke=".85" se_onset_height="3"
se_onset_width="2" se_onset_radial="3" se_offset_height="3" se_offset_width="2" se_offset_radial="3" agent_match_loc="false" agent_match_form="false"> when I was 17 well it was a Sunday </gesture> <gesture type="metaphoric" handedness="both" stroke="1.1" se_onset_height="3" se_onset_width="2" se_onset_radial="3" se_offset_height="4" se_offset_width="2" se_offset_radial="2" hold="1.26" agent_match_loc="false" agent_match_form="false"> I went </gesture> to my <gesture type="metaphoric" handedness="both" stroke=".96" se_onset_height="4" se_onset_width="2" se_onset_radial="2" se_offset_height="3" se_offset_width="2" se_offset_radial="2" hold=".49" agent_match_loc="true" agent_match_form="true"> boyfriend’s </gesture> house and we <gesture type="metaphoric" handedness="both" stroke="1.12" se_onset_height="3" se_onset_width="2" se_onset_radial="2" se_offset_height="3" se_offset_width="2" se_offset_radial="3" hold=".44" agent_match_loc="false" agent_match_form="false"> got into </gesture> a really big fight <gesture type="metaphoric" handedness="both" stroke="1.36" se_onset_height="3" se_onset_width="2" se_onset_radial="3" se_offset_height="4" se_offset_width="2" se_offset_radial="3" hold="1.55" agent_match_loc="false" agent_match_form="false"> and </gesture> <gesture type="metaphoric" handedness="both" stroke=".68" se_onset_height="4" se_onset_width="2" se_onset_radial="3" se_offset_height="3" se_offset_width="2" se_offset_radial="3" hold="1.02" agent_match_loc="false" agent_match_form="false"> since I drove </gesture> there I just want I <gesture type="metaphoric" handedness="both" stroke="1.05" se_onset_height="3" se_onset_width="2" se_onset_radial="3" se_offset_height="4" se_offset_width="2" se_offset_radial="3" hold="1.69" agent_match_loc="false" agent_match_form="false"> was just gonna </gesture> drive home and I was really <gesture type="metaphoric" handedness="both" stroke="1.08" se_onset_height="4" se_onset_width="2" se_onset_radial="3" se_offset_height="4" se_offset_width="2" se_offset_radial="3" agent_match_loc="false" agent_match_form="false"> upset </gesture> and like crying and stuff and im a <gesture type="metaphoric" handedness="both" stroke="1.21" se_onset_height="4" se_onset_width="2" se_onset_radial="3" se_offset_height="4" se_offset_width="1" se_offset_radial="1" hold=".64" agent_match_loc="false" agent_match_form="false"> really good </gesture> driver <gesture type="metaphoric" handedness="both" stroke="1.18" se_onset_height="4" se_onset_width="1" se_onset_radial="1" se_offset_height="4" se_offset_width="2" se_offset_radial="4" hold="1.49" agent_match_loc="false" agent_match_form="false"> like </gesture> I don’t even know what happened and im a <gesture type="metaphoric" handedness="both" stroke="1.03" se_onset_height="4" se_onset_width="2" se_onset_radial="4" se_offset_height="3" se_offset_width="2" se_offset_radial="1" agent_match_loc="false" agent_match_form="false"> really good driver </gesture> and um <gesture type="metaphoric" handedness="both" prep="1.74" stroke=".65" se_onset_height="4" se_onset_width="2" se_onset_radial="3" se_offset_height="3" se_offset_width="2" se_offset_radial="3" hold=".82" agent_match_loc="false" agent_match_form="false"> its like </gesture> 11:59 and my dad’s  a <gesture type="metaphoric" handedness="both" stroke="1.33" se_onset_height="3" se_onset_width="2" se_onset_radial="3" se_offset_height="4" se_offset_width="2" se_offset_radial="3" hold="1.44" agent_match_loc="false" agent_match_form="true"> real stickler </gesture> for curfew so like I’m at the light in front of <gesture type="metaphoric" handedness="both" stroke=".59" se_onset_height="4" se_onset_width="2" se_onset_radial="3" se_offset_height="4" se_offset_width="2" se_offset_radial="2" agent_match_loc="false" agent_match_form="false"> my house </gesture> <gesture type="metaphoric" handedness="both" stroke=".94" se_onset_height="4" se_onset_width="2" se_onset_radial="2" se_offset_height="4" se_offset_width="2" se_offset_radial="2" hold=".25" agent_match_loc="false" agent_match_form="false"> and the light </gesture> turns green <gesture type="metaphoric" handedness="both" stroke=".87" se_onset_height="4" se_onset_width="2" se_onset_radial="2" se_offset_height="4" se_offset_width="2" se_offset_radial="1" hold=".6" agent_match_loc="true" agent_match_form="true"> I go </gesture> like <gesture type="metaphoric" handedness="both" stroke=".79" se_onset_height="4" se_onset_width="2" se_onset_radial="1" se_offset_height="4" se_offset_width="2" se_offset_radial="1" hold=".51" agent_match_loc="false" agent_match_form="false"> immediately </gesture> right away I don’t <gesture type="metaphoric" handedness="both" stroke=".72" se_onset_height="4" se_onset_width="2" se_onset_radial="1" se_offset_height="4" se_offset_width="2" se_offset_radial="3" hold="1.79" agent_match_loc="false" agent_match_form="false"> look </gesture> um I <gesture type="metaphoric" handedness="both" stroke="1.22" se_onset_height="4" se_onset_width="2" se_onset_radial="3" se_offset_height="4" se_offset_width="2" se_offset_radial="2" hold="2.85" agent_match_loc="false" agent_match_form="false"> don’t look </gesture> and the car comes <gesture type="metaphoric" handedness="both" stroke="1.28" se_onset_height="4" se_onset_width="2" se_onset_radial="2" se_offset_height="4" se_offset_width="2" se_offset_radial="3" agent_match_loc="false" agent_match_form="false"> out of nowhere </gesture> and its it <gesture type="metaphoric" handedness="right" stroke="2.34" se_onset_height="4" se_onset_width="3" se_onset_radial="4" se_offset_height="4" se_offset_width="2" se_offset_radial="3" hold="1.3" agent_match_loc="false" agent_match_form="false"> crashes into my drivers side door </gesture> right like where my legs <gesture type="metaphoric" handedness="both" stroke=".55" se_onset_height="4" se_onset_width="2" se_onset_radial="3" se_offset_height="4" se_offset_width="2" se_offset_radial="3" hold="1.14" agent_match_loc="false" agent_match_form="true"> would be </gesture> and like I guess all the adrenaline <gesture type="metaphoric" handedness="both" stroke=".49" se_onset_height="5" se_onset_width="2" se_onset_radial="3" se_offset_height="4" se_offset_width="2" se_offset_radial="3" hold="1.83" agent_match_loc="false" agent_match_form="false"> went to </gesture> my head and I <gesture type="metaphoric" handedness="both" stroke=".88" se_onset_height="4" se_onset_width="2" se_onset_radial="3" se_offset_height="4" se_offset_width="2" se_offset_radial="3" hold="1.36" agent_match_loc="false" agent_match_form="false"> climbed out </gesture> of the passen- passenger window it was like <gesture type="metaphoric" handedness="both" stroke="1.16" se_onset_height="4" se_onset_width="2" se_onset_radial="3" se_offset_height="4" se_offset_width="2" se_offset_radial="3" hold=".6" agent_match_loc="false" agent_match_form="false"> really smokey </gesture> and when I got <gesture type="metaphoric" handedness="both" stroke=".67" se_onset_height="4" se_onset_width="2" se_onset_radial="3" se_offset_height="4" se_offset_width="2" se_offset_radial="3" hold="2.16" agent_match_loc="false" agent_match_form="false"> to the hospital </gesture> I had three broken <gesture type="metaphoric" handedness="both" stroke=".82" se_onset_height="4" se_onset_width="2" se_onset_radial="3" se_offset_height="3" se_offset_width="3" se_offset_radial="3" agent_match_loc="false" agent_match_form="false"> ribs </gesture> and a <gesture type="metaphoric" handedness="left" stroke=".73" se_onset_height="3" se_onset_width="3" se_onset_radial="3" se_offset_height="4" se_offset_width="2" se_offset_radial="3" hold=".78" agent_match_loc="false" agent_match_form="false"> bruised lung </gesture> and they <gesture type="metaphoric" handedness="both" stroke=".51" se_onset_height="4" se_onset_width="2" se_onset_radial="3" se_offset_height="3" se_offset_width="1" se_offset_radial="1" retract=".82"agent_match_loc="false" agent_match_form="false"> said that </gesture> had if I didn’t  take off <gesture type="metaphoric" handedness="both" prep=".7" stroke="1.25" se_onset_height="3" se_onset_width="1" se_onset_radial="1" se_offset_height="3" se_offset_width="2" se_offset_radial="1" hold=".96" agent_match_loc="true" agent_match_form="true"> as soon as </gesture> I did then I would have been <gesture type="metaphoric" handedness="right" stroke="1.01" se_onset_height="3" se_onset_width="2" se_onset_radial="1" se_offset_height="3" se_offset_width="1" se_offset_radial="1" hold="2.14" agent_match_loc="false" agent_match_form="true"> dead on impact </gesture> due because it would’ve <gesture type="metaphoric" handedness="both" stroke=".79" se_onset_height="3" se_onset_width="1" se_onset_radial="1" se_offset_height="3" se_offset_width="1" se_offset_radial="1" agent_match_loc="true" agent_match_form="true"> hit right </gesture> where my body was that’s my story
</part>
</story>
</participant>
