<participant id="22">

<personality ex="5" op="5.5" ag="5.5" ems="5.5" co="6">
</personality>

<story id="1" order="0" version="1">
<part number="1" agentexlvl="5">
yeah ok so you went to a concert edc and you didn’t want to drive there so you ended up  taking the shuttle, um so it was kind of like um a tour u:h bus kind of thing
</part>

<part number="2" agentexlvl="4">
u:m so basically you got really scared because the the driver was the driver was going on really narrow roads and like he was speeding or just going really fast and that kind of worried you
</part>

<part number="3" agentexlvl="3">
u:m basically the you guys went on a sharp right turn and the bus kind of u:m  <gesture type="iconic" handedness="both" prep=".38" hold=".93" stroke=".49" se_onset_height="4" se_onset_width="3" se_onset_radial="2" se_offset_height="4" se_offset_width="3" se_offset_radial="2" hold="1.09" agent_match_loc="false" agent_match_form="false">angled itself </gesture> weirdly to the point where it was on <gesture type="iconic" handedness="right" stroke="1.62" se_onset_height="4" se_onset_width="3" se_onset_radial="2" se_offset_height="4" se_offset_width="3" se_offset_radial="2" hold=".66" agent_match_loc="true" agent_match_form="false"> the other two </gesture> the <gesture type="iconic" handedness="right" stroke=".92" se_onset_height="4" se_onset_width="3" se_onset_radial="2" se_offset_height="4" se_offset_width="3" se_offset_radial="2" hold="3.21" agent_match_loc="false" agent_match_form="false"> two wheels </gesture> u:m then like once you guys finished the <gesture type="iconic" handedness="both" stroke="1.26" se_onset_height="4" se_onset_width="3" se_onset_radial="2" se_offset_height="4" se_offset_width="3" se_offset_radial="2" hold=".84" agent_match_loc="true" agent_match_form="false"> turn you went </gesture> um on all <gesture type="iconic" handedness="right" stroke="1.02" se_onset_height="4" se_onset_width="3" se_onset_radial="2" se_offset_height="3" se_offset_width="3" se_offset_radial="2" retract=".88" agent_match_loc="false" agent_match_form="false"> four again </gesture>
</part>

<part number="4" agentexlvl="2">
u:m ok so one or one thing that kind of um scared you the most was when the girl in front of you sat um or was sitting but <gesture type="metaphoric" handedness="right" prep=".92" stroke="2.27" se_onset_height="4" se_onset_width="3" se_onset_radial="2" se_offset_height="5" se_offset_width="3" se_offset_radial="2" hold="1.53" agent_match_loc="false" agent_match_form="false"> when you guys turned </gesture> she kind of um_ jumped a <gesture type="metaphoric" handedness="right" stroke=".93" se_onset_height="5" se_onset_width="3" se_onset_radial="2" se_offset_height="4" se_offset_width="3" se_offset_radial="2" retract="1.39" agent_match_loc="true" agent_match_form="false"> little bit out of her seat </gesture> and I think that was the point that you knew something bad was going to happen
</part>

<part number="5" agentexlvl="1">
basically you guys were happy that you didn’t die because you were all really well you guys were all really excited to go to edc concert
</part>

<part number="full" agentexlvl="1">
hello ok u:m so basically you_ ok so Im telling it like my own story u:m how do I say  I don’t want to give any um I didn’t want to drive all the way to edc so I went and  bought shuttle tickets to make it easier but on our way there_ on our way there u:m  there was this the roads were really narrow and the bus driver was driving really fast  so that kind of caused a little um fear in everyone because you know accidents can happen  and you guys were making a sharp turn_ the bus kind of <gesture type="iconic" handedness="right" prep=".79" stroke="1.49" se_onset_height="4" se_onset_width="3" se_onset_radial="2" se_offset_height="5" se_offset_width="3" se_offset_radial="2" hold=".94" agent_match_loc="true" agent_match_form="false"> flipped on </gesture> one <gesture type="metaphoric" handedness="right" stroke=".57" se_onset_height="4" se_onset_width="3" se_onset_radial="2" se_offset_height="5" se_offset_width="3" se_offset_radial="2" hold="2.5" agent_match_loc="false" agent_match_form="false"> side </gesture> and it  terrified everyone but thankfully like once you <gesture type="metaphoric" handedness="right" stroke=".83" se_onset_height="4" se_onset_width="3" se_onset_radial="2" se_offset_height="5" se_offset_width="3" se_offset_radial="2" hold=".63" agent_match_loc="false" agent_match_form="false"> guys got back </gesture> once you guys  <gesture type="metaphoric" handedness="right" stroke="2.27" se_onset_height="4" se_onset_width="3" se_onset_radial="2" se_offset_height="5" se_offset_width="4" se_offset_radial="1" hold="3.56" agent_match_loc="false" agent_match_form="false">went straight_</gesture> u:m_ the <gesture type="iconic" handedness="right" stroke="1.82" se_onset_height="5" se_onset_width="4" se_onset_radial="1" se_offset_height="5" se_offset_width="4" se_offset_radial="1" hold=".83" agent_match_loc="false" agent_match_form="false"> bus evened out </gesture> and everyone was happy they <gesture type="deictic" handedness="right" stroke=".46" se_onset_height="4" se_onset_width="3" se_onset_radial="1" se_offset_height="4" se_offset_width="3" se_offset_radial="3" retract=".38" agent_match_loc="false" agent_match_form="false">  were </gesture> not dead  <gesture type="beat" handedness="right" prep=".21" stroke=".83" se_onset_height="2" se_onset_width="2" se_onset_radial="3" se_offset_height="2" se_offset_width="2" se_offset_radial="3" retract=".29" agent_match_loc="false" agent_match_form="false"> and </gesture> happy they were going to the concert
</part>
</story>

<story id="0" order="1" version="0">
<part number="1" agentexlvl="1">
u:h one sunday um you went over to your boyfriends house and you got into a really big argument that involved_ a lot of screaming and bickering and a long fight
</part>

<part number="2" agentexlvl="2">
u:m_ you had driven to your boyfriends house u:m and then [(   )] you were able to after that you were able to just drive back home_ u:h thankfully you were you are a good driver so it wasn’t too much of a hassle crying and driving
</part>

<part number="3" agentexlvl="3">
so you got to the stoplight and you looked at the clock and you saw that it was almost curfew and your dads uh really strict on your curfew so when you saw that the light was green you just booked it back home_ uh but you didn’t see there was another car coming or turning so ended up getting or hitting you and hitting the front part of your car u:m and you saw that’s where you legs would have been so you could have got in a really bad accident
</part>

<part number="4" agentexlvl="4">
so when the collision happened there was a lot of smoke and you thought the car was gonna blow up because thats the majority of the time thats what happens when a person is in a horrible accident u:m you weren’t able to get out of your of your door so you had to get out of the passen- you had to crawl through the passenger door to get away from the_ um smashed car
</part>

<part number="5" agentexlvl="5">
when you went to the hospital the nurses and doctors told you that you had three broken ribs and a bruised uh lung_ um and they also said that if you hadn’t moved at the time that you did you would’ve been dead because yo- you would have been crushed by the by the car
</part>

<part number="full" agentexlvl="5">
ok so um I went home Sunday I went over to my boyfriend’s house and um I thought  everything was going to be fine but then we got into a huge argument that involved a lot of bickering a lot of name calling and so a long fight and figured that I’d just I drove back to my house but the thing is it was almost curfew so when I got to the stoplight- I saw that it was green I didn’t even see or look around to see if there were any cars coming or turning u:m in the same direction I was going so I ended up crashing into the car_ in crashing into the car and I_ so when the collision I happened I saw that there was a lot of smoke and I wasn’t really able to move around because- the front of the car was smashed uh where my legs would’ve been so my first reaction was to get out because I wasn’t able to get out from the driver’s side I- I went and crawled through the passenger side and when I arrived to the hospital the doctors and nurses told me that I had u:m three broken ribs and uh punc- no a bruised up lung and which they also said if I hadn’t moved at the time that I did I would’ve been dead
</part>
</story>
</participant>