<participant id="23">
<personality ex="3.5" op="7" ag="4" ems="2.5" co="6">
</personality>

<story id="0" order="0" version="1">
<part number="1" agentexlvl="5">
Well when I was like 17. well it was a Sunday and I went over to my boyfriend's house 
and we got into a really really huge fight
</part>

<part number="2" agentexlvl="4">
u:h I had driven over there- umm so I was like well okay I'll just leave, u:m- but then  I am a good driver so I could like drive 
</part>

<part number="3" agentexlvl="3">
It was nearly curfew so I was in a rush to get home, the light was green so I went without looking and a car hit the side of my. door where my legs would be
</part>

<part number="4" agentexlvl="2">
so I spun out-- and the car was smoking so I thought it was going to blow up um I couldn't open my door so I got out of the passenger's side door
</part>

<part number="5" agentexlvl="1">
U:h so. I found out that if I hadn't uh gone a moment sooner the car would have impacted at the point where it would have hit my body and I probably would have died. from the impact
</part>

<part number="full" agentexlvl="1">
I was 17. on a. sunday night. I went over my boyfriends house and uh- we got into this big fight so I decided that I would just leave, i had driven there so got in my car and u:h nearly block from my house I had a hit a stop light 
<gesture type="metaphoric" handedness="right" prep=".5" stroke="1.16" se_onset_height="3"
se_onset_width="2" se_onset_radial="3" se_offset_height="4" se_offset_width="2" se_offset_radial="1" hold="3.42" agent_match_loc="false" agent_match_form="false"> I u:m-- </gesture> was in such a rush to get home that <gesture type="metaphoric" handedness="right" prep=".4" stroke="2.32" se_onset_height="4" se_onset_width="2" se_onset_radial="1" se_offset_height="4" se_offset_width="3" se_offset_radial="4" agent_match_loc="false" agent_match_form="false"> I didn't look </gesture> both ways before <gesture type="metaphoric" handedness="right" prep=".5" stroke=".42" se_onset_height="4" se_onset_width="3" se_onset_radial="4" se_offset_height="4" se_offset_width="2" se_offset_radial="3" hold=".98" agent_match_loc="false" agent_match_form="false"> going </gesture> into the intersection- <gesture type="metaphoric" handedness="right" stroke=".82" se_onset_height="4" se_onset_width="3" se_onset_radial="4" se_offset_height="4" se_offset_width="2" se_offset_radial="1" retract=".74" agent_match_loc="false" agent_match_form="false"> u:m </gesture> then I actually got hit  by a <gesture type="metaphoric" handedness="right" prep="1.31" stroke=".87" se_onset_height="4" se_onset_width="2" se_onset_radial="1" se_offset_height="3" se_offset_width="2" se_offset_radial="3" hold="1.67" agent_match_loc="false" agent_match_form="false"> car, </gesture> it impacted  on the driver's <gesture type="metaphoric" handedness="right" prep=".47" stroke=".54" se_onset_height="3" se_onset_width="2" se_onset_radial="3" se_offset_height="1" se_offset_width="2" se_offset_radial="3" retract=".86" agent_match_loc="false" agent_match_form="false"> side </gesture> right where my legs  were <gesture type="metaphoric" handedness="left" prep=".62" stroke=".71" se_onset_height="1" se_onset_width="1" se_onset_radial="3" se_offset_height="3" se_offset_width="3" se_offset_radial="3" hold="1.23" agent_match_loc="false" agent_match_form="false"> essentially </gesture> and I just <gesture type="metaphoric" handedness="left" prep=".25" stroke=".47" se_onset_height="3" se_onset_width="3" se_onset_radial="3" se_offset_height="2" se_offset_width="3" se_offset_radial="3" retract=".46" agent_match_loc="true" agent_match_form="false"> spun out </gesture> went <gesture type="metaphoric" handedness="both" prep=".5" stroke=".58" se_onset_height="2" se_onset_width="3" se_onset_radial="3" se_offset_height="3" se_offset_width="3" se_offset_radial="4" agent_match_loc="false" agent_match_form="false"> to the </gesture> <gesture type="metaphoric" handedness="left" prep=".7" stroke="1.04" se_onset_height="3" se_onset_width="3" se_onset_radial="4" se_offset_height="2" se_offset_width="2" se_offset_radial="3" retract=".37" agent_match_loc="false" agent_match_form="false"> uh </gesture> into the road and-- I couldnt open my passenger door the car <gesture type="metaphoric" handedness="both" prep=".77" stroke="1.33" se_onset_height="3" se_onset_width="2" se_onset_radial="3" se_offset_height="3" se_offset_width="2" se_offset_radial="3" hold="3.42" agent_match_loc="false" agent_match_form="false"> was smoking </gesture> so just you know <gesture type="metaphoric" handedness="right" prep=".76" stroke=".88" se_onset_height="3" se_onset_width="2" se_onset_radial="3" se_offset_height="3" se_offset_width="2" se_offset_radial="3" retract="1.19" agent_match_loc="false" agent_match_form="false"> felt like </gesture> I had to get out of there I thought that it might blow up so I- <gesture type="metaphoric" handedness="both" prep=".46" stroke=".9" se_onset_height="3" se_onset_width="2" se_onset_radial="3" se_offset_height="3" se_offset_width="2" se_offset_radial="3" agent_match_loc="false" agent_match_form="false"> hopped </gesture> out of the passanger side door <gesture type="metaphoric" handedness="both" prep="1.09" stroke="1.42" se_onset_height="3" se_onset_width="2" se_onset_radial="3" se_offset_height="3" se_offset_width="2" se_offset_radial="3" hold="1.65" agent_match_loc="false" agent_match_form="false"> um </gesture> I couldn't open my own door <gesture type="metaphoric" handedness="left" stroke="1.15" se_onset_height="4" se_onset_width="2" se_onset_radial="3" se_offset_height="1" se_offset_width="2" se_offset_radial="3" retract="1.44" agent_match_loc="false" agent_match_form="false"> and that was </gesture> the experience so I could have died if the car hit me slightly higher up at a different <gesture type="metaphoric" handedness="both" prep=".7" stroke=".6" se_onset_height="3" se_onset_width="2" se_onset_radial="1" se_offset_height="1" se_offset_width="2" se_offset_radial="3" retract=".9" agent_match_loc="false" agent_match_form="false"> spot </gesture>
</part>
</story>

<story id="1" order="1" version="0">
<part number="1" agentexlvl="1">
I decided to go to EDC but I didn't want to drive there so I bought shuttle tickets um it was basically like a large bus
</part>

<part number="2" agentexlvl="2">
um he was uh driving on these narrow roads in these huge buses and. he seemed like he was going too fast and he really shouldn't have been going that fast on those narrow roads
</part>

<part number="3" agentexlvl="3">
so we came up to this. sharp turn and he took it too fast so the wheels started lifting up but he quickly maneuvered the bus uh- but turning the wheel to the right so that it came back down and evened out and didn't flip over
</part>

<part number="4" agentexlvl="4">
um. one of the girls at the front of the bus-- like fell out of her seat cause of how violent the turn was so it could have been really bad if it had flipped over
</part>

<part number="5" agentexlvl="5">
uh at the end of it we were all super happy that we didn't die because we were going to a big concert um yeah that's it
</part>

<part number="full" agentexlvl="5">
so uh. I got these tickets to EDC last year and I really didn't want to drive all the way  down to EDC so I decided that I would take a shuttle with some of my friends and. when we  were driving down the bus driver um was on this narrow stretch of highway where- u:h there were lots of curvy turns and he was taking it way too fast so-- when we came up on this really tight  turn the bus sort of starting lifting up and. the 
<gesture type="metaphoric" handedness="both" prep="1" stroke=".77" se_onset_height="1" se_onset_width="1" se_onset_radial="2" se_offset_height="3" se_offset_width="2" se_offset_radial="3" hold=".77" agent_match_loc="false" agent_match_form="false"> left side </gesture> of the bus came off the <gesture type="metaphoric" handedness="both" stroke=".84" se_onset_height="3" se_onset_width="2" se_onset_radial="3" se_offset_height="3" se_offset_width="2" se_offset_radial="3" agent_match_loc="false" agent_match_form="false"> ground </gesture> <gesture type="metaphoric" handedness="both" stroke=".97" se_onset_height="3" se_onset_width="2" se_onset_radial="3" se_offset_height="3" se_offset_width="2" se_offset_radial="1" retract="1.03" agent_match_loc="false" agent_match_form="false"> um. </gesture> but he quickly maneuvered it back so that  <gesture type="metaphoric" handedness="both" prep=".31" stroke=".4" se_onset_height="3" se_onset_width="2" se_onset_radial="1" se_offset_height="1" se_offset_width="2" se_offset_radial="3" retract=".35" agent_match_loc="false" agent_match_form="false"> the bus </gesture> leveled out, it was still really <gesture type="metaphoric" handedness="both" stroke=".8" se_onset_height="1" se_onset_width="2" se_onset_radial="3" se_offset_height="1" se_offset_width="2" se_offset_radial="3" agent_match_loc="false" agent_match_form="false"> jarring </gesture> though
cause one of the girls at the front of <gesture type="metaphoric" handedness="left" stroke=".68" se_onset_height="1" se_onset_width="2" se_onset_radial="3" se_offset_height="1" se_offset_width="3" se_offset_radial="4" retract=".88" agent_match_loc="false" agent_match_form="false"> the bus- </gesture> had actually fell out of her seat <gesture type="metaphoric" handedness="left" stroke=".79" se_onset_height="3" se_onset_width="2" se_onset_radial="1" se_offset_height="1" se_offset_width="2" se_offset_radial="4" hold="1.78" retract=".65" agent_match_loc="false" agent_match_form="false"> so I </gesture> can only imagine that if it had gone for worse <gesture type="metaphoric" handedness="both" prep=".41" stroke=".59" se_onset_height="1" se_onset_width="2" se_onset_radial="3" se_offset_height="2" se_offset_width="3" se_offset_radial="3" hold=".73" agent_match_loc="false" agent_match_form="false"> and it </gesture> had flipped over <gesture type="beat" handedness="both" stroke=".66" se_onset_height="2" se_onset_width="3" se_onset_radial="3" se_offset_height="2" se_offset_width="2" se_offset_radial="3" retract=".69" agent_match_loc="false" agent_match_form="false">um</gesture> I wouldn't really be here telling you this story but at the end of it all we were  <gesture type="metaphoric" handedness="both" stroke=".63" se_onset_height="3" se_onset_width="2" se_onset_radial="1" se_offset_height="4" se_offset_width="2" se_offset_radial="3" hold=".73" agent_match_loc="false" agent_match_form="false"> pretty excited </gesture> cause <gesture type="metaphoric" handedness="left" stroke=".55" se_onset_height="4" se_onset_width="2" se_onset_radial="3" se_offset_height="3" se_offset_width="2" se_offset_radial="1" retract="1.03" agent_match_loc="false" agent_match_form="false"> we got </gesture> to go to EDC this huge concert um. so it <gesture type="metaphoric" handedness="both" stroke=".9" se_onset_height="3" se_onset_width="2" se_onset_radial="1" se_offset_height="4" se_offset_width="2" se_offset_radial="1" retract=".5" agent_match_loc="false" agent_match_form="false"> was alright </gesture> after all 
</part>
</story>
</participant>

