<participant id="24">

<personality ex="5" op="7" ag="5.5" ems="4.5" co="5">
</personality>

<story id= "1"order="0"version="0">
<part number="1" agentexlvl="1">
yes this one time you went to a concert called edc and you bought shuttle passes where you just go on a <gesture type="beat" handedness="both" prep=".30" stroke=".67" se_onset_height="3" se_onset_width="3" se_onset_radial="4" se_offset_height="4" se_offset_width="3" se_offset_radial="4" retract=".56" agent_match_loc="true" agent_match_form="true"> bus </gesture> to the event
</part>

<part number="2" agentexlvl="2">
so the bus driver was driving really fast on windy roads and the roads were very narrow a:nd u:m the bus was very big
</part>

<part number="3" agentexlvl="3">
so the bus driver was driving very fast and was coming u- upon a right turn right <gesture type="metaphoric" handedness="both" prep=".10" stroke=".13" se_onset_height="3" se_onset_width="4" se_onset_radial="2" se_offset_height="4" se_offset_width="3" se_offset_radial="2" agent_match_loc="false" agent_match_form="false"> right corner </gesture> <gesture type="metaphoric" handedness="both" stroke="2.0" se_onset_height="3" se_onset_width="3" se_onset_radial="2" se_offset_height="4" se_offset_width="3" se_offset_radial="2" agent_match_loc="false" agent_match_form="false"> and </gesture> <gesture type="metaphoric" handedness="both" stroke=".42" se_onset_height="3" se_onset_width="4" se_onset_radial="2" se_offset_height="3" se_offset_width="3" se_offset_radial="2" agent_match_loc="false" agent_match_form="false"> he </gesture> the bus went on to <gesture type="metaphoric" handedness="both" stroke=".88" se_onset_height="4" se_onset_width="4" se_onset_radial="2" se_offset_height="3" se_offset_width="3" se_offset_radial="2" retract=".69" agent_match_loc="false" agent_match_form="false"> two wheels </gesture> and the bus driver <gesture type="iconic" handedness="both" prep=".32" stroke=".75" se_onset_height="4" se_onset_width="4" se_onset_radial="2" se_offset_height="4" se_offset_width="3" se_offset_radial="2" retract=".41" agent_match_loc="false" agent_match_form="false" >corrected the bus </gesture> I believe
</part>

<part number="4" agentexlvl="4">
a girl that was sitting in front of you on the bus flew out of her seat and it would have been bad if the <gesture type="metaphoric" handedness=" right" prep="1.01" stroke=".94" se_onset_height="2" se_onset_width="2" se_onset_radial="3" se_offset_height="2" se_offset_width="2" se_offset_radial="3" agent_match_loc="false" agent_match_form="false"> bus driver </gesture> was not able to <gesture type="metaphoric" handedness=" right" prep="1.35" stroke=".50" se_onset_height="2" se_onset_width="2" se_onset_radial="3" se_offset_height="2" se_offset_width="2" se_offset_radial="3" retract=".21" agent_match_loc="false" agent_match_form="false"> correct the bus </gesture>__ <gesture type="metaphoric" handedness="both" stroke=".88" se_onset_height="3" se_onset_width="3" se_onset_radial="3" se_offset_height="2" se_offset_width="3" se_offset_radial="3" agent_match_loc="false" agent_match_form="false"> if she if he </gesture> <gesture type="metaphoric" handedness="both" prep=".34" stroke=".58" se_onset_height="2" se_onset_width="2" se_onset_radial="3" se_offset_height="2" se_offset_width="2" se_offset_radial="3" retract=".36" agent_match_loc="false" agent_match_form="false"> could not </gesture> <gesture type="iconic" handedness="both" prep=".95" stroke=".42" se_onset_height="3" se_onset_width="3" se_onset_radial="2" se_offset_height="3" se_offset_width="2" se_offset_radial="3" retract=".27" agent_match_loc="false" agent_match_form="false"> corrected the bus </gesture> haha yeah that’s all I got from that haha
</part>

<part number="5" agentexlvl="5">
everybody on the bus was very happy that the bus driver was able to <gesture type="iconic" handedness="both" prep=".93" stroke=".67" se_onset_height="4" se_onset_width="3" se_onset_radial="2" se_offset_height="4" se_offset_width="3" se_offset_radial="2" retract=".32" agent_match_loc="false" agent_match_form="false"> correct the bus </gesture> because you guys were going to a concert a big concert and everybody didn't die
</part>

<part number="full" agentexlvl="5">
okay_ so this one time during the summer we were going to a concert called edc a:nd uh I bought shuttle tickets so that I wouldn't have to <gesture type="metaphoric" handedness="both" prep=".18" stroke=".62" se_onset_height="3" se_onset_width="4" se_onset_radial="3" se_offset_height="4" se_offset_width="5" se_offset_radial="4" retract="1.07" agent_match_loc="false" agent_match_form="false"> drive to the concert </gesture> so <gesture type="metaphoric" handedness=" right" prep=".57" stroke=".76" se_onset_height="2" se_onset_width="2" se_onset_radial="3" se_offset_height="2" se_offset_width="2" se_offset_radial="3" agent_match_loc="false" agent_match_form="false"> we went </gesture> in <gesture type="iconic" handedness="both" prep=".38" stroke=".40" se_onset_height="4" se_onset_width="3" se_onset_radial="4" se_offset_height="4" se_offset_width="3" se_offset_radial="4" agent_match_loc="false" agent_match_form="false"> big buses </gesture> and um_ the bus driver was driving very fast u:h <gesture type="metaphoric" handedness=" right" prep=".42" stroke=".68" se_onset_height="2" se_onset_width="2" se_onset_radial="3" se_offset_height="2" se_offset_width="2" se_offset_radial="3" agent_match_loc="false" agent_match_form="false"> on </gesture> these <gesture type="metaphoric" handedness=" right" stroke=".88" se_onset_height="2" se_onset_width="2" se_onset_radial="3" se_offset_height="2" se_offset_width="2" se_offset_radial="3" retract=".94" agent_match_loc="false" agent_match_form="false"> very narrow </gesture> windy roads and the bus is very large and <gesture type="metaphoric" handedness="both" prep=".34" stroke=".94" se_onset_height="3" se_onset_width="3" se_onset_radial="3" se_offset_height="3" se_offset_width="4" se_offset_radial="3" retract=".52" agent_match_loc="false" agent_match_form="false"> we were coming </gesture> to a right corner and the bus driver <gesture type="metaphoric" handedness=" right" prep=".75" stroke=".78" se_onset_height="3" se_onset_width="4" se_onset_radial="3" se_offset_height="3" se_offset_width="4" se_offset_radial="3" agent_match_loc="false" agent_match_form="false"> was going </gesture> <gesture type="metaphoric" handedness="both" stroke=".62" se_onset_height="4" se_onset_width="3" se_onset_radial="2" se_offset_height="4" se_offset_width="3" se_offset_radial="2" agent_match_loc="false" agent_match_form="false"> very fast </gesture> and the bus actually <gesture type="metaphoric" handedness="both" stroke="1.09" se_onset_height="4" se_onset_width="4" se_onset_radial="2" se_offset_height="4" se_offset_width="4" se_offset_radial="2" agent_match_loc="false" agent_match_form="false"> went on </gesture> <gesture type="metaphoric" handedness="both" prep=".81" stroke=".87" se_onset_height="4" se_onset_width="4" se_onset_radial="2" se_offset_height="4" se_offset_width="4" se_offset_radial="2" agent_match_loc="false" agent_match_form="false"> to two wheels </gesture>_ um however he did he was able to <gesture type="iconic" handedness="both" prep=".50" stroke="1.16" se_onset_height="4" se_onset_width="4" se_onset_radial="2" se_offset_height="4" se_offset_width="4" se_offset_radial="2" agent_match_loc="false" agent_match_form="false"> correct the bus</gesture> and this girl in front of me actually flew out of her uh <gesture type="metaphoric" handedness="both" prep=".77" stroke=".76" se_onset_height="4" se_onset_width="3" se_onset_radial="2" se_offset_height="4" se_offset_width="3" se_offset_radial="2" retract=".98" agent_match_loc="false" agent_match_form="false"> her seat </gesture>_ uh so it would have been really bad if if we actually like weren’t able to correct if he wasn’t able to correct the bus but everybody was super happy that nobody died because we were going to this <gesture type="iconic" handedness="both" prep=".79" stroke="1.35" se_onset_height="3" se_onset_width="3" se_onset_radial="3" se_offset_height="5" se_offset_width="4" se_offset_radial="4" retract=".53" agent_match_loc="true" agent_match_form="true"> huge concert </gesture>
</part>
</story>

<story id="0" order="1" version="1">
<part number="1" agentexlvl="5">
when I was 17 on a Sunday uh <gesture type="metaphoric" handedness=" right" prep=".31" stroke="1.15" se_onset_height="2" se_onset_width="2" se_onset_radial="3" se_offset_height="2" se_offset_width="2" se_offset_radial="3" agent_match_loc="false" agent_match_form="false"> I went </gesture> to my boyfriend's house and we <gesture type="metaphoric" handedness=" right" prep=".23" stroke=".55" se_onset_height="2" se_onset_width="2" se_onset_radial="3" se_offset_height="2" se_offset_width="2" se_offset_radial="3" agent_match_loc="false" agent_match_form="false"> got in </gesture> this really <gesture type="iconic" handedness="both" prep=".17" stroke=".69" se_onset_height="3" se_onset_width="4" se_onset_radial="4" se_offset_height="3" se_offset_width="4" se_offset_radial="4" retract=".48" agent_match_loc="false" agent_match_form="false"> big </gesture> fight
</part>

<part number="2" agentexlvl="4">
um after the fight I decided to leave but I was still crying <gesture type="metaphoric" handedness="both" prep=".18" stroke=".59" se_onset_height="2" se_onset_width="3" se_onset_radial="3" se_offset_height="2" se_offset_width="3" se_offset_radial="3" agent_match_loc="false" agent_match_form="false"> um_ </gesture> I <gesture type="metaphoric" handedness="both" stroke=".94" se_onset_height="2" se_onset_width="2" se_onset_radial="3" se_offset_height="2" se_offset_width="2" se_offset_radial="3" agent_match_loc="false" agent_match_form="false"> decided to </gesture>drive <gesture type="metaphoric" handedness=" right" prep=".45" stroke=".77" se_onset_height="2" se_onset_width="2" se_onset_radial="3" se_offset_height="2" se_offset_width="2" se_offset_radial="3" agent_match_loc="false" agent_match_form="false"> and I'm </gesture> a really good driver so <gesture type="metaphoric" handedness=" right" prep=".43" stroke=".26" se_onset_height="2" se_onset_width="2" se_onset_radial="3" se_offset_height="2" se_offset_width="2" se_offset_radial="3" agent_match_loc="false" agent_match_form="false" >I don't know </gesture> why this happened <gesture type="dietetic" handedness=" right" prep=".57" stroke=".45" se_onset_height="4" se_onset_width="1" se_onset_radial="2" se_offset_height="4" se_offset_width="1" se_offset_radial="2" agent_match_loc="false" agent_match_form="false"> to me </gesture>
</part>

<part number="3" agentexlvl="3">
U:m I was somewhat rushing home because my dad's a stickler for curfew ah so when I saw the light turn green I didn't take another look but I just went forward and <gesture type="metaphoric" handedness="both" prep=".53" stroke=".53" se_onset_height="2" se_onset_width="2" se_onset_radial="3" se_offset_height="3" se_offset_width="3" se_offset_radial="3" retract=".39" agent_match_loc="false" agent_match_form="false"> another car rammed </gesture> into me in the <gesture type="metaphoric" handedness="left" prep=".49" stroke=".69" se_onset_height="3" se_onset_width="5" se_onset_radial="3" se_offset_height="1" se_offset_width="2" se_offset_radial="3" retract=".42" agent_match_loc="false" agent_match_form="false"> front wheel </gesture> front wheel of my car
</part>

<part number="4" agentexlvl="2">
the car <gesture type="metaphoric" handedness="both" prep=".40" stroke=".19" se_onset_height="2" se_onset_width="2" se_onset_radial="3" se_offset_height="2" se_offset_width="2" se_offset_radial="3" agent_match_loc="false" agent_match_form="false"> hit me </gesture> and I was spinning out of control and u:h the car started smoking and I didn't know what to do I couldn't <gesture type="metaphoric" handedness="both" stroke=".46" se_onset_height="4" se_onset_width="3" se_onset_radial="2" se_offset_height="4" se_offset_width="3" se_offset_radial="2" retract=".42" agent_match_loc="false" agent_match_form="false"> go out </gesture> of my door <gesture type="metaphoric" handedness="both" prep=".47" stroke=".73" se_onset_height="2" se_onset_width="2" se_onset_radial="2" se_offset_height="2" se_offset_width="2" se_offset_radial="2" retract=".15" agent_match_loc="false" agent_match_form="false">so I</gesture> <gesture type="metaphoric" handedness="both" prep=".36" stroke=".82" se_onset_height="2" se_onset_width="2" se_onset_radial="3" se_offset_height="2" se_offset_width="2" se_offset_radial="3" retract=".86" agent_match_loc="false" agent_match_form="false"> went out </gesture> the passengers' seat
</part>

<part number="5" agentexlvl="1">
so you had gone out and went to the hospital and you were told that you broke 3 ribs and that you bruised a lung_ and that if you had gone off any sooner that the car that hit you would have hit in the same area <gesture type="metaphoric" handedness="both" prep=".17" stroke=".58" se_onset_height="2" se_onset_width="3" se_onset_radial="3" se_offset_height="3" se_offset_width="3" se_offset_radial="2" agent_match_loc="false" agent_match_form="false"> where your body </gesture> was <gesture type="metaphoric" handedness="both" stroke=".51" se_onset_height="2" se_onset_width="2" se_onset_radial="3" se_offset_height="2" se_offset_width="2" se_offset_radial="3" agent_match_loc="false" agent_match_form="false"> it would have been </gesture> you would have <gesture type="metaphoric" handedness="both" stroke="1.04" se_onset_height="2" se_onset_width="2" se_onset_radial="3" se_offset_height="2" se_offset_width="2" se_offset_radial="3" retract=".62" agent_match_loc="false" agent_match_form="false" died </gesture> because of <gesture type="metaphoric" handedness="both" prep=".41" stroke="1.28" se_onset_height="2" se_onset_width="2" se_onset_radial="2" se_offset_height="2" se_offset_width="2" se_offset_radial="3" retract=".63" agent_match_loc="false" agent_match_form="false"> the impact </gesture>
</part>

<part number="full" agentexlvl="1">
so there's this one time that I got into this huge fight with my boyfriend when I was 17 on a Sunday and we I went to his house and we go into this argument and I decided to leave and I was crying but I didn't really worry about it cause I'm a really good driver so I decided to drive home and uh I was on the street right before my house and a car came uh or I was driving and I had the <gesture type="iconic" handedness="both" prep=".34" stroke=".44" se_onset_height="4" se_onset_width="4" se_onset_radial="3" se_offset_height="4" se_offset_width="4" se_offset_radial="3" agent_match_loc="false" agent_match_form="false"> stop light </gesture> <gesture type="metaphoric" handedness="both" stroke="1.07" se_onset_height="4" se_onset_width="3" se_onset_radial="3" se_offset_height="5" se_offset_width="4" se_offset_radial="4" retract=".46" agent_match_loc="false" agent_match_form="false"> and um </gesture> my dad is a very huge stickler for uh for curfew so I was didn't even think about looking up when <gesture type="metaphoric" handedness="both" prep=".42" stroke=".93" se_onset_height="2" se_onset_width="2" se_onset_radial="3" se_offset_height="2" se_offset_width="2" se_offset_radial="3" retract=".84" agent_match_loc="false" agent_match_form="false"> I saw </gesture> the flicker I thought the green light <gesture type="metaphoric" handedness="both" stroke=".21" se_onset_height="2" se_onset_width="2" se_onset_radial="3" se_offset_height="2" se_offset_width="2" se_offset_radial="3" agent_match_loc="false" agent_match_form="false"> was up </gesture> so I <gesture type="metaphoric" handedness="both" prep=".30" stroke=".19" se_onset_height="2" se_onset_width="2" se_onset_radial="3" se_offset_height="2" se_offset_width="2" se_offset_radial="3" agent_match_loc="false" agent_match_form="false"> started driving </gesture> <gesture type="metaphoric" handedness="both" stroke=".56" se_onset_height="2" se_onset_width="2" se_onset_radial="3" se_offset_height="2" se_offset_width="2" se_offset_radial="3" retract=".85" agent_match_loc="false" agent_match_form="false"> and </gesture> another car <gesture type="metaphoric" handedness="both" prep=".34" stroke=".50" se_onset_height="2" se_onset_width="2" se_onset_radial="3" se_offset_height="3" se_offset_width="3" se_offset_radial="3" retract=".52" agent_match_loc="false" agent_match_form="false"> hit me </gesture>  <gesture type="metaphoric" handedness="left" prep=".67" stroke=".96" se_onset_height="2" se_onset_width="2" se_onset_radial="2" se_offset_height="2" se_offset_width="3" se_offset_radial="3" agent_match_loc="false" agent_match_form="false"> on the front </gesture> uh where the wheel are <gesture type="metaphoric" handedness="left" prep=".69" stroke=".81" se_onset_height="2" se_onset_width="2" se_onset_radial="2" se_offset_height="2" se_offset_width="3" se_offset_radial="3" agent_match_loc="false" agent_match_form="false"> where where the wheel is </gesture> <gesture type="metaphoric" handedness="left" prep=".75" stroke=".44" se_onset_height="2" se_onset_width="2" se_onset_radial="2" se_offset_height="2" se_offset_width="3" se_offset_radial="3" retract=".50" agent_match_loc="false" agent_match_form="false"> and </gesture> uh he or the car  spun out of control and <gesture type="metaphoric" handedness="both" prep=".33" stroke=".32" se_onset_height="2" se_onset_width="2" se_onset_radial="3" se_offset_height="3" se_offset_width="3" se_offset_radial="3" retract=".33" agent_match_loc="false" agent_match_form="false"> started smoking </gesture> so I thought it was gonna <gesture type="metaphoric" handedness="both" prep=".40" stroke=".62" se_onset_height="2" se_onset_width="2" se_onset_radial="3" se_offset_height="3" se_offset_width="3" se_offset_radial="3" agent_match_loc="true" agent_match_form="false"> blow up </gesture> so I <gesture type="metaphoric" handedness="both" stroke=".89" se_onset_height="2" se_onset_width="2" se_onset_radial="3" se_offset_height="4" se_offset_width="4" se_offset_radial="4" agent_match_loc="true" agent_match_form="true"> decided to um </gesture> to go out the passenger's seat  <gesture type="metaphoric" handedness="both" prep=".57" stroke=".54" se_onset_height="2" se_onset_width="2" se_onset_radial="3" se_offset_height="3" se_offset_width="3" se_offset_radial="3" retract=".85" agent_match_loc="false" agent_match_form="false"> because my </gesture> door <gesture type="metaphoric" handedness="both" prep=".58" stroke="1.72" se_onset_height="2" se_onset_width="2" se_onset_radial="2" se_offset_height="2" se_offset_width="3" se_offset_radial="3" retract=".73" agent_match_loc="false" agent_match_form="false"> was all messed up </gesture> and so I couldn't get out of there  so I crawled out and <gesture type="metaphoric" handedness="both" prep=".41" stroke="1.22" se_onset_height="2" se_onset_width="2" se_onset_radial="2" se_offset_height="2" se_offset_width="3" se_offset_radial="3" retract="1.20" agent_match_loc="false" agent_match_form="false"> when I got to </gesture> the hospital um I had three broken ribs and a bruised lung but they said if I had gone any sooner that the car that hit me would have hit the impact zone where my body was and I  <gesture type="metaphoric" handedness="both" prep=".60" stroke="1.57" se_onset_height="2" se_onset_width="2" se_onset_radial="2" se_offset_height="2" se_offset_width="3" se_offset_radial="3" retract=".74" agent_match_loc="false" agent_match_form="false"> would have been dead </gesture>
</part>
</story>
</participant>