<participant id="25">
<personality ex="4" op="5" ag="5.5" ems="4.5" co="5">
</personality>

<story id="0" order="0" version=0>
<part number="1" agentexlvl="1">
yeah um so when you were 17 it was a sunday you went over to your boyfriends house and, you got into a really really big fight like an all out <gesture type="metaphoric" handedness="both" prep=".54" stroke=".44" se_onset_height="1" se_onset_width="1" se_onset_radial="3" se_offset_height="1" se_offset_width="1" se_offset_radial="3" retract=".37" agent_match_loc="false" agent_match_form="false"> screaming </gesture> fight
</part>

<part number="2" agentexlvl="2">
yeah so, you decided to just leave and you were crying and stuff, um and you got in your car but you are a really good <gesture type="beat" handedness="both" stroke=".78" se_onset_height="1" se_onset_width="1" se_onset_radial="3" se_offset_height="1" se_offset_width="1" se_offset_radial="3" retract=".28" agent_match_loc="false" agent_match_form="false"> driver so </gesture> you don’t know why this <gesture type="beat" handedness="both" stroke=".93" se_onset_height="1" se_onset_width="1" se_onset_radial="3" se_offset_height="1" se_offset_width="1" se_offset_radial="3" retract=".12" agent_match_loc="false" agent_match_form="false"> happened to </gesture> you
</part>

<part number="3" agentexlvl="3">
um yeah so you were driving down your street and it was about to be curfew like <gesture type="metaphoric" handedness="right" prep=".45" stroke=".33" se_onset_height="1" se_onset_width="1" se_onset_radial="3" se_offset_height="1" se_offset_width="1" se_offset_radial="3" retract=".29" agent_match_loc="false" agent_match_form="false"> ten fifty five </gesture> and your dad is a stickler for curfew, um and so when the light turned green you just <gesture type="metaphoric" handedness="right" prep=".42" stroke=".28" se_onset_height="1" se_onset_width="1" se_onset_radial="3" se_offset_height="4" se_offset_width="2" se_offset_radial="3" hold=".38" agent_match_loc="true" agent_match_form="false"> went </gesture> without <gesture type="metaphoric" handedness="right" stroke=".64" se_onset_height="4" se_onset_width="3" se_onset_radial="3" se_offset_height="3" se_offset_width="2" se_offset_radial="3" agent_match_loc="false" agent_match_form="false">thinking</gesture> or <gesture type="metaphoric" handedness="right" stroke="1.15" se_onset_height="3" se_onset_width="2" se_onset_radial="3" se_offset_height="4" se_offset_width="3" se_offset_radial="4" hold="1.02" agent_match_loc="false" agent_match_form="false"> looking </gesture> twice and a car came and rammed into the <gesture type="iconic" handedness="right" prep=".72" stroke=".78" se_onset_height="4" se_onset_width="3" se_onset_radial="4" se_offset_height="1" se_offset_width="1" se_offset_radial="3" hold="1.17" retract=".59" agent_match_loc="false" agent_match_form="false"> front </gesture> of your car were your legs were
</part>

<part number="4" agentexlvl="4">
yeah so you, <gesture type="metaphoric" handedness="both" prep=".53" stroke="1.2" se_onset_height="1" se_onset_width="1" se_onset_radial="3" se_offset_height="3" se_offset_width="1" se_offset_radial="1" retract=".47" agent_match_loc="false" agent_match_form="false"> um- you, </gesture>  were- um- your car was all <gesture type="metaphoric" handedness="both" prep=".59" stroke=".58" se_onset_height="3" se_onset_width="1" se_onset_radial="1" se_offset_height="4" se_offset_width="2" se_offset_radial="1" hold="1.69" agent_match_loc="false" agent_match_form="false"> bent up </gesture> and you were <gesture type="metaphoric" handedness="both" stroke="1.04" se_onset_height="4" se_onset_width="2" se_onset_radial="1" se_offset_height="4" se_offset_width="2" se_offset_radial="3" hold="2.06" agent_match_loc="true" agent_match_form="false"> spinning </gesture> and you, were like <gesture type="metaphoric" handedness="both" stroke=".86" se_onset_height="4" se_onset_width="2" se_onset_radial="3" se_offset_height="4" se_offset_width="2" se_offset_radial="3" hold="1.28" agent_match_loc="false" agent_match_form="false"> freaked out </gesture> and you, <gesture type="metaphoric" handedness="both" stroke=".61" se_onset_height="4" se_onset_width="2" se_onset_radial="3" se_offset_height="4" se_offset_width="3" se_offset_radial="4" hold=".86" agent_match_loc="false" agent_match_form="false"> wanted </gesture> to get our of your car and <gesture type="metaphoric" handedness="both" stroke=".63" se_onset_height="4" se_onset_width="3" se_onset_radial="4" se_offset_height="4" se_offset_width="3" se_offset_radial="4" hold=".59" agent_match_loc="false" agent_match_form="false"> adrenaline </gesture> kicked in but  you <gesture type="metaphoric" handedness="left" stroke=".62" se_onset_height="4" se_onset_width="3" se_onset_radial="4" se_offset_height="4" se_offset_width="3" se_offset_radial="5" hold=".66" agent_match_loc="false" agent_match_form="false"> couldn’t </gesture> get out of your car <gesture type="metaphoric" handedness="left" stroke=".76" se_onset_height="4" se_onset_width="3" se_onset_radial="5" se_offset_height="4" se_offset_width="3" se_offset_radial="4" agent_match_loc="true" agent_match_form="false"> because </gesture> your door was all <gesture type="metaphoric" handedness="both" stroke="1.09" se_onset_height="4" se_onset_width="3" se_onset_radial="4" se_offset_height="1" se_offset_width="1" se_offset_radial="3" retract=".65" agent_match_loc="false" agent_match_form="false"> bent up </gesture> so you crawled out the passengers’ window
</part>

<part number="5" agentexlvl="5">
yeah so. we we went to the doctor and they said that um, if you hadn’t gotten out of  <gesture type="metaphoric" handedness="both" prep=".79" stroke=".92" se_onset_height="1" se_onset_width="1" se_onset_radial="3" se_offset_height="3" se_offset_width="1" se_offset_radial="1" retract=".46" agent_match_loc="false" agent_match_form="false"> your car </gesture> at that moment the impact on your body would have been too much and you would  have <gesture type="metaphoric" handedness="both" prep=".48" stroke=".38" se_onset_height="3" se_onset_width="1" se_onset_radial="1" se_offset_height="4" se_offset_width="3" se_offset_radial="4" hold=".95" agent_match_loc="false" agent_match_form="false"> died </gesture> right then since, <gesture type="metaphoric" handedness="both" stroke=".56" se_onset_height="4" se_onset_width="3" se_onset_radial="4" se_offset_height="1" se_offset_width="1" se_offset_radial="3" retract=".5" agent_match_loc="false" agent_match_form="false"> that’s how. </gesture> you, put the end to your <gesture type="metaphoric" handedness="both" prep=".41" stroke=".5" se_onset_height="1" se_onset_width="1" se_onset_radial="3" se_offset_height="1" se_offset_width="1" se_offset_radial="3" retract=".48" agent_match_loc="false" agent_match_form="false"> story </gesture> <gesture type="beat" handedness="both" stroke=".97" se_onset_height="1" se_onset_width="1" se_onset_radial="3" se_offset_height="1" se_offset_width="1" se_offset_radial="3" agent_match_loc="false" agent_match_form="false"> so yeah </gesture>
</part>

<part number="full" agentexlvl="5">
okay um. so you I was <gesture type="metaphoric" handedness="left" stroke=".8" se_onset_height="3" se_onset_width="1" se_onset_radial="1" se_offset_height="3" se_offset_width="2" se_offset_radial="3" agent_match_loc="true" agent_match_form="false"> 17 and <gesture type="metaphoric" handedness="left" stroke=".67" se_onset_height="3" se_onset_width="2" se_onset_radial="3" se_offset_height="1" se_offset_width="1" se_offset_radial="3" hold="1.01" retract=".41" agent_match_loc="false" agent_match_form="false"> I was </gesture>  at my boyfriends house and we got into a really <gesture type="beat" handedness="both" prep=".31" stroke=".28" se_onset_height="1" se_onset_width="1" se_onset_radial="3" se_offset_height="1" se_offset_width="2" se_offset_radial="3" hold="1.09" agent_match_loc="false" agent_match_form="false"> big </gesture> fight, like <gesture type="metaphoric" handedness="both" stroke=".85" se_onset_height="1" se_onset_width="2" se_onset_radial="3" se_offset_height="1" se_offset_width="2" se_offset_radial="3" hold="2.73" agent_match_loc="false" agent_match_form="false"> screaming </gesture> and everything and when I decided to <gesture type="metaphoric" handedness="left" stroke=".53" se_onset_height="1" se_onset_width="2" se_onset_radial="3" se_offset_height="2" se_offset_width="2" se_offset_radial="1" agent_match_loc="true" agent_match_form="false"> leave </gesture>  <gesture type="metaphoric" handedness="both" stroke=".77" se_onset_height="2" se_onset_width="2" se_onset_radial="1" se_offset_height="4" se_offset_width="2" se_offset_radial="3" hold="2.57" agent_match_loc="false" agent_match_form="false"> I was crying </gesture> and everything um, and I was <gesture type="metaphoric" handedness="both" stroke=".89" se_onset_height="4" se_onset_width="2" se_onset_radial="3" se_offset_height="4" se_offset_width="2" se_offset_radial="3" agent_match_loc="false" agent_match_form="false"> driving </gesture> <gesture type="beat" handedness="both" stroke=".69" se_onset_height="4" se_onset_width="2" se_onset_radial="3" se_offset_height="4" se_offset_width="2" se_offset_radial="3" hold=".83" agent_match_loc="false" agent_match_form="false"> home </gesture> and I am a really good driver so I don’t know why this happened to <gesture type="beat" handedness="both" stroke=".7" se_onset_height="4" se_onset_width="2" se_onset_radial="3" se_offset_height="4" se_offset_width="2" se_offset_radial="3" agent_match_loc="false" agent_match_form="false"> me, but </gesture> I was driving <gesture type="iconic" handedness="right" stroke="1.26" se_onset_height="5" se_onset_width="2" se_onset_radial="1" se_offset_height="5" se_offset_width="2" se_offset_radial="1" hold="1.41" agent_match_loc="false" agent_match_form="false">down my street</gesture> um at 10:55 you know <gesture type="metaphoric" handedness="right" stroke="1" se_onset_height="5" se_onset_width="2" se_onset_radial="1" se_offset_height="4" se_offset_width="2" se_offset_radial="3" hold=".69" agent_match_loc="false" agent_match_form="false"> 5 minutes </gesture> before my curfew and <gesture type="beat" handedness="both" stroke=".56" se_onset_height="4" se_onset_width="2" se_onset_radial="3" se_offset_height="4" se_offset_width="2" se_offset_radial="1" agent_match_loc="true" agent_match_form="false"> my dads </gesture> <gesture type="beat" handedness="both" stroke="1.04" se_onset_height="4" se_onset_width="2" se_onset_radial="1" se_offset_height="4" se_offset_width="2" se_offset_radial="1" hold="4.89" agent_match_loc="false" agent_match_form="false"> really </gesture> a stickler for my curfew. um and so when the light turned green I <gesture type="metaphoric" handedness="both" stroke="1.34" se_onset_height="4" se_onset_width="2" se_onset_radial="1" se_offset_height="4" se_offset_width="2" se_offset_radial="1" retract=".95" agent_match_loc="true" agent_match_form="true">just went</gesture> without looking twice and a car rammed into in <gesture type="metaphoric" handedness="left" prep=".64" stroke="1.49" se_onset_height="4" se_onset_width="2" se_onset_radial="1" se_offset_height="4" se_offset_width="2" se_offset_radial="4" hold="2.42" agent_match_loc="false" agent_match_form="false">front of my car</gesture> were my legs were and, <gesture type="metaphoric" handedness="both" stroke=".53" se_onset_height="4" se_onset_width="3" se_onset_radial="4" se_offset_height="4" se_offset_width="2" se_offset_radial="3" hold=".68" agent_match_loc="false" agent_match_form="false">I was</gesture> afraid that my car was going to <gesture type="metaphoric" handedness="both" stroke="1.58" se_onset_height="4" se_onset_width="2" se_onset_radial="3" se_offset_height="5" se_offset_width="2" se_offset_radial="3" hold="1.25" agent_match_loc="false" agent_match_form="false"> blow up </gesture> and adrenaline <gesture type="metaphoric" handedness="both" stroke=".84" se_onset_height="5" se_onset_width="2" se_onset_radial="3" se_offset_height="5" se_offset_width="1" se_offset_radial="1" hold=".49" agent_match_loc="true" agent_match_form="false"> kicked in </gesture> and I <gesture type="metaphoric" handedness="left" stroke="1.84" se_onset_height="5" se_onset_width="1" se_onset_radial="1" se_offset_height="5" se_offset_width="2" se_offset_radial="4" hold=".96" agent_match_loc="false" agent_match_form="false"> couldn’t get out </gesture> of. um out of, <gesture type="metaphoric" handedness="left" stroke="3.96" se_onset_height="5" se_onset_width="2" se_onset_radial="4" se_offset_height="5" se_offset_width="2" se_offset_radial="3" hold=".61" agent_match_loc="false" agent_match_form="false">my drivers door</gesture> because it was all bent up so I crawled out of the <gesture type="metaphoric" handedness="right" stroke=".48" se_onset_height="5" se_onset_width="2" se_onset_radial="3" se_offset_height="5" se_offset_width="1" se_offset_radial="1" hold="1.14" retract=".71" agent_match_loc="false" agent_match_form="false">passenger window,</gesture> and when I went to the doctor, he or she said <gesture type="metaphoric" handedness="both" stroke=".6" se_onset_height="4" se_onset_width="1" se_onset_radial="1" se_offset_height="4" se_offset_width="1" se_offset_radial="1" retract=".4" agent_match_loc="false" agent_match_form="false">that um,</gesture> if I hadn’t <gesture type="metaphoric" handedness="right" prep=".34" stroke=".47" se_onset_height="4" se_onset_width="1" se_onset_radial="1" se_offset_height="4" se_offset_width="2" se_offset_radial="4" hold=".44" agent_match_loc="false" agent_match_form="false">gotten out</gesture> at that <gesture type="metaphoric" handedness="right" stroke=".82" se_onset_height="4" se_onset_width="2" se_onset_radial="4" se_offset_height="4" se_offset_width="1" se_offset_radial="1" retract=".71" agent_match_loc="false" agent_match_form="false"> moment, </gesture> I would have the impact in <gesture type="metaphoric" handedness="both" stroke="1.89" se_onset_height="4" se_onset_width="1" se_onset_radial="1" se_offset_height="5" se_offset_width="2" se_offset_radial="3" hold=".62" agent_match_loc="false" agent_match_form="false">my body would</gesture> have been like would have <gesture type="metaphoric" handedness="both" stroke=".81" se_onset_height="5" se_onset_width="2" se_onset_radial="3" se_offset_height="5" se_offset_width="3" se_offset_radial="4" hold="1.8" agent_match_loc="false" agent_match_form="false"> really hurt me </gesture> or killed me so <gesture type="metaphoric" handedness="right" stroke=".47" se_onset_height="5" se_onset_width="3" se_onset_radial="4" se_offset_height="1" se_offset_width="1" se_offset_radial="3" retract=".68" agent_match_loc="false" agent_match_form="false"> that is </gesture> the story yes

</part>
</story>
<story id="1" order="1" version="1">
<part number="1" agentexlvl="5">
yeah so you went to EDC over the summer which is like a music festival, and you bought shuttle tickets so that you wouldn’t have to drive your car, and so kind of a giant <gesture type="metaphoric" handedness="both" prep="1.09" stroke=".65" se_onset_height="1" se_onset_width="1" se_onset_radial="3" se_offset_height="1" se_offset_width="1" se_offset_radial="3" retract=".8" agent_match_loc="false" agent_match_form="false">bus</gesture> took you there
</part>

<part number="2" agentexlvl="4">
yeah so, you were <gesture type="metaphoric" handedness="both" prep=".54" stroke=".98" se_onset_height="1" se_onset_width="1" se_onset_radial="3" se_offset_height="1" se_offset_width="1" se_offset_radial="3" retract=".85" agent_match_loc="true" agent_match_form="true"> driving </gesture> out in this big bus the driver was driving and it was a super <gesture type="metaphoric" handedness="both" prep=".66" stroke=".94" se_onset_height="1" se_onset_width="1" se_onset_radial="3" se_offset_height="4" se_offset_width="2" se_offset_radial="1" hold="1.27" agent_match_loc="false" agent_match_form="false"> narrow road </gesture> and he was driving really fast and you <gesture type="metaphoric" handedness="left" stroke="1.74" se_onset_height="4" se_onset_width="2" se_onset_radial="1" se_offset_height="4" se_offset_width="2" se_offset_radial="3" hold=".65" agent_match_loc="false" agent_match_form="false">don’t know why</gesture> and he shouldn’t have been driving <gesture type="beat" handedness="both" stroke=".83" se_onset_height="4" se_onset_width="2" se_onset_radial="3" se_offset_height="3" se_offset_width="2" se_offset_radial="1" agent_match_loc="true" agent_match_form="false"> that fast </gesture> <gesture type="metaphoric" handedness="both" stroke=".8" se_onset_height="3" se_onset_width="2" se_onset_radial="1" se_offset_height="3" se_offset_width="2" se_offset_radial="3" agent_match_loc="false" agent_match_form="false"> because </gesture> it was <gesture type="metaphoric" handedness="both" stroke="1.73" se_onset_height="3" se_onset_width="2" se_onset_radial="3" se_offset_height="1" se_offset_width="1" se_offset_radial="3" retract="1.4" agent_match_loc="false" agent_match_form="false"> really narrow </gesture> and really windy
</part>

<part number="3" agentexlvl="3">
yeah so. you came to a <gesture type="metaphoric" handedness="both" prep="1.13" stroke=".76" se_onset_height="1" se_onset_width="1" se_onset_radial="3" se_offset_height="4" se_offset_width="2" se_offset_radial="2" hold="1.19" agent_match_loc="false" agent_match_form="false"> sharp right turn </gesture> and the bus driver <gesture type="metaphoric" handedness="both" stroke=".75" se_onset_height="4" se_onset_width="2" se_onset_radial="2" se_offset_height="3" se_offset_width="2" se_offset_radial="2" agent_match_loc="true" agent_match_form="false">turned right</gesture> and he is on his <gesture type="metaphoric" handedness="right" prep="1.08" stroke="1.38" se_onset_height="3" se_onset_width="2" se_onset_radial="2" se_offset_height="2" se_offset_width="2" se_offset_radial="3" hold="1.15" agent_match_loc="false" agent_match_form="false"> two wheels, </gesture> and you could’ve <gesture type="metaphoric" handedness="right" stroke=".94" se_onset_height="2" se_onset_width="2" se_onset_radial="3" se_offset_height="2" se_offset_width="3" se_offset_radial="4" agent_match_loc="true" agent_match_form="true">flipped over</gesture> but he  <gesture type="metaphoric" handedness="both" stroke="1.41" se_onset_height="2" se_onset_width="3" se_onset_radial="4" se_offset_height="3" se_offset_width="2" se_offset_radial="3" hold="1.83" agent_match_loc="false" agent_match_form="false"> quickly </gesture> turned his wheels to get back on, <gesture type="metaphoric" handedness="both" stroke=".82" se_onset_height="3" se_onset_width="2" se_onset_radial="3" se_offset_height="1" se_offset_width="1" se_offset_radial="3" retract=".67" agent_match_loc="false" agent_match_form="false"> all four </gesture> wheels
</part>

<part number="4" agentexlvl="2">
so. one of the gals in the front row <gesture type="metaphoric" handedness="both" prep=".55" stroke="1.38" se_onset_height="1" se_onset_width="1" se_onset_radial="3" se_offset_height="1" se_offset_width="1" se_offset_radial="3" retract=".98" agent_match_loc="true" agent_match_form="false">felt like flew out of</gesture> her seat so it could’ve been really dangerous if he hadn’t been able to <gesture type="metaphoric" handedness="both" prep=".61" stroke="2.08" se_onset_height="1" se_onset_width="1" se_onset_radial="3" se_offset_height="1" se_offset_width="1" se_offset_radial="3" hold=".49" retract=".63" agent_match_loc="true" agent_match_form="false">level the bus </gesture> so, yeah it was really scary
</part>

<part number="5" agentexlvl="1">
but at the end of it all <gesture type="metaphoric" handedness="both" prep=".71" stroke=".96" se_onset_height="1" se_onset_width="1" se_onset_radial="3" se_offset_height="3" se_offset_width="2" se_offset_radial="4" agent_match_loc="false" agent_match_form="false">we were</gesture> everyone was <gesture type="metaphoric" handedness="both" stroke=".71" se_onset_height="3" se_onset_width="2" se_onset_radial="4" se_offset_height="1" se_offset_width="2" se_offset_radial="3" retract=".74" agent_match_loc="true" agent_match_form="false">really happy</gesture> that you guys didn’t die because you were on your <gesture type="beat" handedness="both" stroke=".87" se_onset_height="1" se_onset_width="1" se_onset_radial="3" se_offset_height="1" se_offset_width="1" se_offset_radial="3" agent_match_loc="false" agent_match_form="false"> way to </gesture> a <gesture type="metaphoric" handedness="left" stroke="1.43" se_onset_height="1" se_onset_width="1" se_onset_radial="3" se_offset_height="2" se_offset_width="2" se_offset_radial="4" hold=".41" agent_match_loc="false" agent_match_form="false"> really fun big concert, </gesture> <gesture type="beat" handedness="both" stroke=".56" se_onset_height="2" se_onset_width="4" se_onset_radial="4" se_offset_height="1" se_offset_width="1" se_offset_radial="3" retract=".43" agent_match_loc="false" agent_match_form="false"> and yeah </gesture> <gesture type="metaphoric" handedness="both" stroke=".55" se_onset_height="1" se_onset_width="1" se_onset_radial="3" se_offset_height="1" se_offset_width="1" se_offset_radial="3" retract=".47" agent_match_loc="false" agent_match_form="false"> that is it </gesture>
</part>

<part number="full" agentexlvl="1">
okay so last summer I was on my way to, the the <gesture type="metaphoric" handedness="both" prep=".47" stroke=".51" se_onset_height="1" se_onset_width="1" se_onset_radial="3" se_offset_height="1" se_offset_width="3" se_offset_radial="4" agent_match_loc="false" agent_match_form="false">EDC</gesture> concert which is a big music concert and um I decided to buy shuttle tickets so that I wouldn’t have to drive my <gesture type="metaphoric" handedness="both" prep=".46" stroke=".47" se_onset_height="1" se_onset_width="1" se_onset_radial="3" se_offset_height="3" se_offset_width="2" se_offset_radial="3" agent_match_loc="false" agent_match_form="false">car</gesture> and so I <gesture type="metaphoric" handedness="right" prep="1.01" stroke="1.85" se_onset_height="3" se_onset_width="2" se_onset_radial="3" se_offset_height="5" se_offset_width="2" se_offset_radial="3" hold="2.15" agent_match_loc="false" agent_match_form="false"> road in this big bus </gesture> to get there, and so the <gesture type="metaphoric" handedness="both" stroke="1.19" se_onset_height="5" se_onset_width="2" se_onset_radial="3" se_offset_height="5" se_offset_width="2" se_offset_radial="3" agent_match_loc="false" agent_match_form="false">bus driver</gesture> was driving us <gesture type="metaphoric" handedness="both" stroke=".92" se_onset_height="5" se_onset_width="2" se_onset_radial="3" se_offset_height="5" se_offset_width="2" se_offset_radial="4" hold="2.1" agent_match_loc="false" agent_match_form="false"> there and, </gesture> he was go it was the road was really <gesture type="metaphoric" handedness="both" stroke="1.99" se_onset_height="5" se_onset_width="2" se_onset_radial="4" se_offset_height="4" se_offset_width="2" se_offset_radial="1" hold=".72" agent_match_loc="false" agent_match_form="false"> super narrow </gesture> and he was going really <gesture type="metaphoric" handedness="both" stroke=".79" se_onset_height="4" se_onset_width="2" se_onset_radial="1" se_offset_height="4" se_offset_width="2" se_offset_radial="1" agent_match_loc="true" agent_match_form="false"> fast </gesture> and <gesture type="beat" handedness="both" stroke="1.98" se_onset_height="4" se_onset_width="2" se_onset_radial="1" se_offset_height="5" se_offset_width="2" se_offset_radial="3" hold=".94" agent_match_loc="false" agent_match_form="false"> I don’t know why </gesture> he was going really fast because the road was <gesture type="beat" handedness="both" stroke=".7" se_onset_height="5" se_onset_width="2" se_onset_radial="3" se_offset_height="4" se_offset_width="2" se_offset_radial="1" agent_match_loc="false" agent_match_form="false"> really narrow </gesture> and <gesture type="metaphoric" handedness="both" stroke=".95" se_onset_height="4" se_onset_width="2" se_onset_radial="1" se_offset_height="4" se_offset_width="2" se_offset_radial="1" retract=".54" agent_match_loc="false" agent_match_form="false"> really windy </gesture> um. and we came cross a sharp <gesture type="metaphoric" handedness="both" prep=".71" stroke=".84" se_onset_height="2" se_onset_width="2" se_onset_radial="1" se_offset_height="4" se_offset_width="2" se_offset_radial="1" hold=".69" agent_match_loc="false" agent_match_form="false"> right turn, </gesture> and the <gesture type="metaphoric" handedness="both" stroke="1.04" se_onset_height="4" se_onset_width="2" se_onset_radial="1" se_offset_height="4" se_offset_width="2" se_offset_radial="3" hold=".41" agent_match_loc="false" agent_match_form="false"> bus driver, </gesture> <gesture type="metaphoric" handedness="both" stroke=".75" se_onset_height="4" se_onset_width="2" se_onset_radial="3" se_offset_height="4" se_offset_width="2" se_offset_radial="3" agent_match_loc="false" agent_match_form="false"> was- </gesture> <gesture type="metaphoric" handedness="both" stroke="1.25" se_onset_height="4" se_onset_width="2" se_onset_radial="3" se_offset_height="4" se_offset_width="2" se_offset_radial="3" agent_match_loc="false" agent_match_form="false"> took the </gesture> turn way <gesture type="metaphoric" handedness="both" stroke="1.3" se_onset_height="4" se_onset_width="2" se_onset_radial="3" se_offset_height="4" se_offset_width="2" se_offset_radial="3" agent_match_loc="false" agent_match_form="false"> too fast </gesture> and <gesture type="metaphoric" handedness="both" stroke=".92" se_onset_height="4" se_onset_width="2" se_onset_radial="3" se_offset_height="4" se_offset_width="2" se_offset_radial="3" agent_match_loc="false" agent_match_form="false"> we </gesture> <gesture type="metaphoric" handedness="both" stroke="3.91" se_onset_height="4" se_onset_width="2" se_onset_radial="3" se_offset_height="4" se_offset_width="2" se_offset_radial="3" hold="1.71" agent_match_loc="false" agent_match_form="false"> the bus went on it’s two right wheels </gesture> and luckily the bus driver <gesture type="metaphoric" handedness="both" stroke="1.03" se_onset_height="4" se_onset_width="2" se_onset_radial="3" se_offset_height="4" se_offset_width="2" se_offset_radial="3" agent_match_loc="false" agent_match_form="false"> was able </gesture> to <gesture type="metaphoric" handedness="both" stroke="1.43" se_onset_height="4" se_onset_width="2" se_onset_radial="3" se_offset_height="4" se_offset_width="2" se_offset_radial="3" agent_match_loc="false" agent_match_form="false"> like </gesture> <gesture type="metaphoric" handedness="both" stroke=".96" se_onset_height="4" se_onset_width="2" se_onset_radial="3" se_offset_height="4" se_offset_width="2" se_offset_radial="3" agent_match_loc="false" agent_match_form="false"> turn the wheels </gesture> so that the bus was <gesture type="metaphoric" handedness="both" stroke=".8" se_onset_height="4" se_onset_width="2" se_onset_radial="2" se_offset_height="3" se_offset_width="1" se_offset_radial="1" retract=".66" agent_match_loc="true" agent_match_form="false"> leveled again </gesture> on all four wheels um uh it was really <gesture type="beat" handedness="both" stroke=".8" se_onset_height="3" se_onset_width="2" se_onset_radial="1" se_offset_height="3" se_offset_width="2" se_offset_radial="3" agent_match_loc="false" agent_match_form="false"> scary </gesture> and I mean, a <gesture type="metaphoric" handedness="both" stroke=".71" se_onset_height="4" se_onset_width="2" se_onset_radial="2" se_offset_height="1" se_offset_width="1" se_offset_radial="3" retract=".68" agent_match_loc="false" agent_match_form="false"> girl </gesture> in the front row actually <gesture type="metaphoric" handedness="left" stroke=".73" se_onset_height="1" se_onset_width="1" se_onset_radial="3" se_offset_height="1" se_offset_width="1" se_offset_radial="3" agent_match_loc="true" agent_match_form="false"> flew out </gesture> of her seat  um, and. <gesture type="beat" handedness="both" stroke=".69" se_onset_height="1" se_onset_width="1" se_onset_radial="3" se_offset_height="1" se_offset_width="1" se_offset_radial="3" retract=".56" agent_match_loc="false" agent_match_form="false"> so yeah </gesture> that was, really dangerous but we were all at  <gesture type="metaphoric" handedness="both" prep=".35" stroke=".65" se_onset_height="1" se_onset_width="1" se_onset_radial="3" se_offset_height="3" se_offset_width="1" se_offset_radial="1" hold="1.02" agent_match_loc="false" agent_match_form="false"> the end </gesture> like just really happy that <gesture type="metaphoric" handedness="both" stroke=".47" se_onset_height="3" se_onset_width="1" se_onset_radial="1" se_offset_height="3" se_offset_width="2" se_offset_radial="3" agent_match_loc="true" agent_match_form="true">we didn’t</gesture> die because we were <gesture type="metaphoric" handedness="both" stroke="1.68" se_onset_height="3" se_onset_width="2" se_onset_radial="3" se_offset_height="2" se_offset_width="3" se_offset_radial="4" agent_match_loc="false" agent_match_form="false"> on our way </gesture> to a <gesture type="metaphoric" handedness="both" stroke="1.07" se_onset_height="2" se_onset_width="3" se_onset_radial="4" se_offset_height="1" se_offset_width="1" se_offset_radial="3" retract=".47" agent_match_loc="true" agent_match_form="true"> big concert </gesture> and yeah
</part>
</story>
</participant>






