<participant id="28"> 
<personality ex="4" op="4.5" ag="4.5" ems="4.5" co="5"> 
</personality>

<story id="1" order="0" version="0">
<part number="1" agentexlvl="1"> 
in the summer_ I went to EDC. I bought shuttle tickets so I wouldn’t have to walk. and then like a big tour bus took me there 
</part> 

<part number="2" agentexlvl="2"> 
he was driving, and the street was, wasn't narrow and was driving fast. the street was wide so I don’t know why he was driving fast 
</part> 

<part number="3" agentexlvl="3"> 
a sharp right turn came. and the bus, went on its. like its two front wheels. but then the bus driver quickly, fixed it and it balanced out_ so it was ok 
</part> 

<part number="4" agentexlvl="4"> 
the girl in the front she flew out. so it was dangerous, uh if he hadn’t leveled it, quickly then it would’ve been very dangerous 
</part> 

<part number="5" agentexlvl="5"> 
in the end we were all happy because we didn’t die and we’re going to a giant concert, and that is all 
</part> 

<part number="full" agentexlvl="5"> 
so over the summer I went to EDC I bought shuttle tickets so I didn’t have to walk, so like the big tour bus took us there, the bus driver was driving fast and the roads were narrow so I didn’t see why he had to drive fast um a sudden sharp right happened and so the bus like went on its side wheel- side two wheels and he had leveled it so, it was okay then the girl in the front seat [(   )] flew out of her seat and if he hadn’t leveled it fast enough, then we would- we would all- it would’ve been dangerous, but everyone’s happy because we didn’t die and we had a giant concert to go to, that is all 
</part> 
</story> 

<story id="0" order="1" version="1"> 
<part number="1" agentexlvl="5"> 
so I was like seventeen, it was Sunday, I was with my boyfriend and we, had this really big fight 
</part> 

<part number="2" agentexlvl="4"> 
so I drove over there. then I was like I’m gonna leave and I was crying, and stuff but I’m a really good driver so I don’t know what happened, something like that. 
</part> 

<part number="3" agentexlvl="3"> 
so I was on the street right before my house, and I was gonna miss curfew, and my dad’s a stickler for that. It was 10:55. Just as the light turned green, I didn’t look twice so I just went and a car came 
</part> 

<part number="4" agentexlvl="2"> 
car spun and it was really smokey. Think it was adrenaline ‘cause the car was the door was bent and I couldn’t get out so I crawled out of the window 
</part> 

<part number="5" agentexlvl="1"> 
when I got to the hospital, they said three broken ribs and they said if I hadn’t gotten out the car sooner, then I would’ve been dead. So I was really lucky 
</part> 

<part number="full" agentexlvl="1"> 
I was seventeen, and it was a Sunday, I went to my boyfriend’s house and we had this like really big fight. I had drove to his house, so I left. I was crying but I’m a really good driver. So, it was almost past my curfew, since it was 10:55, my dad’s a stickler for that, so when the light turned green I didn’t even look twice and I drove off and then a car hit me. I guess, oh and the car spun and it was smoky. this is adrenaline and I couldn’t get out the, the door wouldn’t open ‘cause it was bent in, so I crawled out the window. and the hospital they said I had three broken ribs. they said I was lucky I had gotten out. If I hadn’t of gotten out as soon- a second earlier then I would’ve died, guess I was lucky 
</part> 
</story> 
</participant>
