<participant id="29">
<personality ex="6.5" op="6" ag="4.5" ems="5" co="5.5">
</personality>

<story id="1" order="1" version="1"> 
<part number="1" agentexlvl="5"> 
Mhmm, so over this last summer you went to EDC which is a: m- musical- music festival - and you bought shuttle tickets so you wouldn't have to dri:ve to the event, 
</part> 

<part number="2" agentexlvl="4">
So you were driving in the bus - and the driver . was going really fast for the road the roads were really narrow for how big . these buses were so he shouldn't be driving that fast and it was a winding road, 
</part>

<part number="3" agentexlvl="3"> 
S:o a: sharp right turn came up -- and the bus just . kept going and it . went on two wheels . and it almost flipped over but . the driver corrected . the wheels and - he turned to the right . and it . went back to normal, 
</part> 

<part number="4" agentexlvl="2"> 
So one of the girls in the front f-flew out of her seat . and that could have been really dangerous if he wasn't able to level the bus out - but then I didn't understand what you said, 
</part>

<part number="5" agentexlvl="1"> 
So afterwards everybody was really happy that . you didn't d:ie . because you were gonna go to the mu- giant concert, 
</part>

<part number="full" agentexlvl="1"> 
K so - over last summer - you bought tickets t:o this - um big music festival called EDC - and bought . shuttle tickets s:o you wouldn't have to drive into the event - s:o the shuttle were going into - giant buses - u:m the bus:es had to drive through these very . narrow streets and the streets were too narrow for how . big the buses were - and the driver was going way too fast it shouldn't have been going that fast . especially for how narrow the roads were --- and th:en all of a sudden a: sharp right turn came up a:nd the buses kept going and almost went on two wheels but he was able to . correct it . and - um -- level the bus out but one of the girls in the front -- flew out of her seat -- and it was- that was very dangerous and she . could have gotten hurt but - if he wasn't able to --- level the bus out again -- u:m and afterwards everybody was . really happy that . w:e didn't die because we could have died because we were going to this giant - um -- festival,
</part> 
</story>

<story id="0" order="0" version="0"> 
<part number="1" agentexlvl="1"> 
Sure . so when you were seventee:n it was a Sunda:y when you went over to your boyfriend's house and you got into a really big-- fight screaming match and everything 
</part> 

<part number="2" agentexlvl="2"> 
You had driven there - s:o you decide to just leave - and you had been crying and you're upset . but you think you're a really good driver so you're not sure why this happened to you 
</part> 

<part number="3" agentexlvl="3"> 
Mhm , so you're on the street right before your house -- and you we:re almost gonna miss curfew cuz your dad . was a stickler and it was 10:55 - u:m so the light turned green and you just took off without looking and a car . u:h ran right into your- to your car right were your legs would have been by the front door 
</part> 

<part number="4" agentexlvl="4"> 
So the car spun off . and it was all very smokey - and you thought it was going to explode or somethin . um you couldn't get through your front door cuz the door was all bent up . but you were to crawl out . of th:e passenger door 
</part> 

<part number="5" agentexlvl="5"> 
You went to the hospital and you had . 3 . broken ribs and a bruised lung ,  and they said y:ou u:m got really lucky because if you had not taken off the moment that you did . if it was a second later - you would have u:m -- hit you in a different part of the car 
</part> 

<part number="full" agentexlvl="5"> 
K --- s:o when I was seventee:n --- it was a Sunday I went over to my boyfriend's house - and we got into a really big fight like screaming match and all - um and I was really upset and crying . but I had driven over there so I decided to just leave -- u:m but I'm a really good driver --- I was just about 1 street before my house and I was about my curfew because dad is a stickler about my curfew and it was 10:55 I think - the light turned green and I just took off without even thinking to look arou:nd and all of a sudden a ca:r just ran right into me - right were my legs would be on the front . part of the car , u;m I spun out . a:nd it was smoking a bunch so I though the car was going to explode , I couldn't get out through the - front door cause the door was all smashed up but I was able to crawl out of the side passenger door , when I got to the hospital they told me I got 3 broken ribs . and a --- um --- bruised lung - bu:t they also said that I was lucky because if I had not taken off at that very second that I did . the car would have hit me at a . different . angel and it would have been . worse , and that's my story
</part> 
</story>
</participant>