<participant id="30">
<personality ex="4" op="6.5" ag="4" ems="6" co="6">
</personality>

<story id="1" order="0" version="1">
<part number="1" agentexlvl="5">
you went to EDC which is like a festival, a:nd instead of driving you bought a tour bus. pass and you shuttled there 
</part>

<part number="2" agentexlvl="4">
so as the driver was driving there, you were driving down a very narrow and windy road that wasn't very suitable for buses and he was driving really fast and it was frightning
</part>

<part number="3" agentexlvl="3">
as he was driving he made a: sharp right turn, and the bus flipped up on two wheels, so he <gesture type="iconic" handedness="both" prep=".71" stroke=".92" se_onset_height="3" se_onset_width="2" se_onset_radial="2" se_offset_height="3" se_offset_width="2" se_offset_radial="2" retract=".36" agent_match_loc="false" agent_match_form="false"> counter acted </gesture>, turned the other direction- the, put the bus back on all four wheels
</part>

<part number="4" agentexlvl="2">
so one of the girls sitting in the front uh, flew out of her seat when the bus went up on two wheels, so:, if he hadn't gotten the bus back on four wheels- the- the- [(   )] could have been really dangerous
</part>

<part number="5" agentexlvl="1">
afterwards uh everyone was actually really happy. because they're happy they didn't die and they were all going to the big festival

</part>
<part number="full" agentexlvl="1">
so this one time I went to EDC, a:nd instead of driving we bought buses- er- uh- tour passes for a bus, um as we were driving there, the bus was going really fast down a narrow windy road. and the bus driver had to take a sharp, right turn but as he did so the bus went up <gesture type="metaphoric" handedness="right" prep=".39" stroke=".50" se_onset_height="1" se_onset_width="1" se_onset_radial="3" se_offset_height="1" se_offset_width="1" se_offset_radial="3" retract="1.03" agent_match_loc="false" agent_match_form="false"> on </gesture>two wheels, so to counteract that he steered the bus. put the bus back on four wheels, but when the bus <gesture type="metaphoric" handedness="right" prep=".57" stroke=".56" se_onset_height="3" se_onset_width="3" se_onset_radial="3" se_offset_height="3" se_offset_width="2" se_offset_radial="3" agent_match_loc="false" agent_match_form="false"> tipped over </gesture> a little bit a: person <gesture type="metaphoric" handedness="right" stroke=".57" se_onset_height="3" se_onset_width="3" se_onset_radial="3" se_offset_height="3" se_offset_width="3" se_offset_radial="3" agent_match_loc="false" agent_match_form="false"> flew out </gesture> their seat and it could have been really dangerous if the entire bus flipped over, um, after that happened everyone was scared but they were also really excited happy that they didn't die and that they were gonna be going to a really fun festival  
</part>
</story>

<story id="0" order="1" version="0">
<part number="1" agentexlvl="1">
when I was seventeen I went to my boyfriend's house and we got into this really big fight, and it was an all out screaming match
</part>

<part number="2" agentexlvl="2">
because I drove over there I decided that I would just drive home, a:nd, I was a really g- I know I'm a good driver so I was surprised what happened to me next
</part>

<part number="3" agentexlvl="3">
so I was driving home really fast because my dad has a strict curfew 10:45, and as I was going through a green light a: car, ran into my side door where my legs were known to be
</part>

<part number="4" agentexlvl="4">
so I spun off the roa:d, and my car was s-smoking a lot so it felt like it was, gonna explode or something, um I couldn't get out of my, door so I had to crawl through the passenger door
</part>

<part number="5" agentexlvl="5">
so when I went to the hospital they told me that I had three broken ribs and punctured lung and- if, I hadn't been hit the way I was I probably would have been severely injured or dead
</part>

<part number="full" agentexlvl="5">
so when I was seventeen I went over to my boyfriend's house um we got into a really big fight full out shouting match so I decided I would just drive back home. uh because I have a really strict curfew 10:45 I had to drive home really fast so as I was going through. a green light I wasn't really paying attention and a car ran in to: the driver's side door um I spun off the road and my car was smoking so I thought it was going to explode and I couldn't get out of the: driver's side door, so I had to crawl through the passenger's side door. after I got to the hospital they told that I ha:d three broken ribs and a punctured lung and if I had been hit slightly differently i- it could have been potential for a: more serious injury even death
</part>
</story>
</participant>