<participant id="31">
<personality ex="1.5" op="5.5" ag="3" ems="6" co="6">
</personality>

<story id="1" order="1" version="1"> 
<part number="1" agentexlvl="5"> over the summe:r you went to EDC which is like a music festival - and . got shuttle tickets so you wouldn’t have to drive there and they took you on- [(   )] a  tour bus or something 
</part>

<part number="2" agentexlvl="4"> 
s:o the guy was driving and the streets were really narrow- pretty narrow for . a tour bus that size u:m and the roads were windy so he <gesture type="metaphoric" handedness="both" prep=".94" stroke=".90" se_onset_height="2" se_onset_width="2" se_onset_radial="2" se_offset_height="3" se_offset_width="2" se_offset_radial="2" retract="1.61" agent_match_loc="false" agent_match_form="false"> shouldn’t be driving that fast anyways </gesture>
</part>

<part number="3" agentexlvl="3"> 
There was a quick . sharp right turn . a:nd he went too fast so he went on his two wheels on the side so then luckily he . turned his wheel back on the right side and then and then it was all normal
</part> 

<part number="4" agentexlvl="2"> 
so one of the girls in the front she kind of flew out of her seat that would have been really dangerous if the bus driver [indistinguishable words]
</part> 

<part number="5" agentexlvl="1"> 
s:o we didn’t die- so you guys didn’t die becau:se - you guys were going to a . concert after
</part>

<part number="full" agentexlvl="1"> 
s:o last summer I went to EDC . and I bought shuttle tickets so we didn’t have to drive there . um s:o a big tour bus come picked . me up - and u:m he was driving a:nd the bus driver was driving really fast and the streets really narrow - pretty narrow even for a tour bus [(   )] and the roads were windy so he shouldnt be driving fast anyways - and a: sharp right turn came a:nd I guess the bus driver was driving too fast . for the right turn and it turned- and it- u:m the bus - til- tilted on it’s - right two wheels -a:nd - luckily the bus driver - um leveled the bus and kind of turned the wheel to the right [(   )] and it was okay . bu:t u:m one of the girls in the front . she flu- she flew out of her seat . and that was really dangerous and like . if the bus driver didn’t - turn the wheel back in time then it would have been off balance a:nd we all would flip over and it would have been really scary bu:t in the end . u:m we were all glad we didn’t die because we all get to go to a concert
</part>
</story> 

<story id="0" order="0" version="0"> 
<part number="1" agentexlvl="1"> 
so you were seventeen it was a sunday a:nd you got in a huge fight with your boyfriend and you started yelling at each other
</part> 

<part number="2" agentexlvl="2"> 
so because you drove over to your boyfriends house you decided to just leave - and you were crying and all that stuff - u:m but your a good driver <gesture type="metaphoric" handedness="both" prep=".34" stroke=".49" se_onset_height="4" se_onset_width="2" se_onset_radial="2" se_offset_height="4" se_offset_width="2" se_offset_radial="2" agent_match_loc="false" agent_match_form="false"> so you don’t know why </gesture> this would happen <gesture type="diectic" handedness="both" stroke=".82" se_onset_height="4" se_onset_width="2" se_onset_radial="2" se_offset_height="4" se_offset_width="3" se_offset_radial="2" retract="1.07" agent_match_loc="false" agent_match_form="false"> to you </gesture>
</part> 

<part number="3" agentexlvl="3"> 
u:m you were at the street before oyur house . and you were trying to rush home because it was . 1045 and your dads a stickler for curfew, - u:m given the light was gree:n you went and . a car ran through the front where your legs were supposed to be
</part>

<part number="4" agentexlvl="4"> 
u:m there was a lot of smoke and stuff - and you were trying to get out of your ca:r - but the car- the car door was all bent and stuff and then adrenaline kicked in and then . you crawled to the passenger seat and you crawled out
</part> 

<part number="5" agentexlvl="5"> 
you went to the hospital you had three: broken ribs and a bruised lung - a:nd the doctors and nurses thought that if you: we:re- if you di- if you escaped a second later the impact from the car wou:ld - have crushed your body
</part> 

<part number="full" agentexlvl="5"> 
ok s:o . it was a Sunday - u:m I was seventeen and I went- I drove over to my boyfriends house and we got in a big fight - and then we were yelling and stuff a:nd . because I drove there I decided just to leave - a:nd - s:o . when I was driving home the street before my house . I was rushing because it was almost my curfew and my dad was a stickler for my curfew - even though the light wasgreen um a ca:r ran into my front whe:re my legs were supposed to be, - there was a lot of smoke and stuff a:nd . I was trying to get out bu:t - the door was bent so I couldn”t get out - u:m and the adrenaline kicked in and then I crawled to the passenger seat and I got out from there, when I was at the hospital I found out that I had three broken ribs and a bruised lung, the doctors and nurses said that . if I didnt get out a second um - earlier or I - something like that my body would have been crushed
</part>
</story>
</participant>


