<participant id="32">
<personality ex="4" op="6.5" ag="5.5" ems="4" co="4.5">
</personality>

<story id="1" order="1" version="1"> 
<part number="1" agentexlvl="5"> 
During the summer I went EDC music festival and I bought shuttle tickets . so that I wouldn't have to drive my ca:r and there were a lot of giant tour buses, 
</part> 

<part number="2" agentexlvl="4"> 
Well the bus driver was driving . but the road was really narrow especially for the buses cause . there was just not enough room . and they were winding - they were winding roads and - u:h he was - driving, 
</part> 

<part number="3" agentexlvl="3"> 
The buses . the bus driver was driving and then there was a sharp right . a sharp . right turn a:nd u:m I could feel the bus . move and there were u:h it went onto it's two side wheels - but then the driver quickly pulled it back and then we got back to normal - bus, 
</part> 

<part number="4" agentexlvl="2"> 
Well . there was this girl in on the front in the front of the seat and she - flew out of her seat - and it was u:m a:nd uh it was really dangerous and if he didn't level the bus it would have been really scary,
</part> 
<part number="5" agentexlvl="1"> 
Afterwards everyone was really happy . cause we were going to a big music concert . and that’s it,
</part> 

<part number="full" agentexlvl="1"> 
During the summer I went out - went I wanted to go to the EDC concert which is like a really big music festival . and I bought shuttle buses so I wouldn’t have to drive there . and when we were driving . th:e road was really narrow especially for the . big bus- shuttle buses and then there was a winding road . and then the bus driver took a sharp right turn and the whole bus tilted on the . two side wheel a:nd . the bus driver . pulled back and th:e bus got to normal again - but u:m - one of the girls she flew out of her seat . and - it was very dangerous and if the bus driver didn't level the bus . then - yeah, that would be really scary -- a:nd but afterwards we were all really happy cause we didn’t die - a:nd so w:e a:ll we were all really happy to go to the EDC . music festival. and that's all,
</part> 
</story>

<story id="0" order="0" version="0"> 
<part number="1" agentexlvl="1"> 
U:h when I was 17 it was a Sunday . I went to my boyfriend's house and . we had an argument and it was really really bad and we kept on fighting and . scratching and yelling at each other, 
</part> 

<part number="2" agentexlvl="2"> 
I was driving and - I didn't feel so good but I- I kept driving and - I don't know why this happened to me but it did. 
</part>

<part number="3" agentexlvl="3"> 
I was driving and I was r- right . the street before my house and . my dad is a very stickler for time so I was trying to go really quickly - and then when it was a green light I didn’t look . either way I just went . and this car just rammed into my front - door seat and rammed into my f- feet like that 
</part>

<part number="4" agentexlvl="4"> 
So the car started spinning and there was like smoke everywhere - a:nd I was really . scared a:nd u:m *laughs* u:m . I:- I tried to crawl out but . I think it's cause of the adrenaline I couldn’t cra- come out and the car was all crumpled . but I managed to crawl out, 
</part> 

<part number="5" agentexlvl="5"> When
I went to the hospital I had three broken ribs and a . bruised lung but the doctor said that if I had gone a moment earlier I would have been impacted by the car - but with my whole body . a:nd . that's my story, 
</part> 

<part number="full" agentexlvl="5"> 
Okay, when I was 17 . it was a Sunday . and I went to my boyfriend's house I was driving to his house . and we got into a really big fight we were scratching and punching and throwing . things everywhere . and then I was . driving home and I don't know why this happened to me but . it just did, I was going I was at the street before my house and . I was short on time because my dad is a stickler for time . and when it was a green light I just left I didn't look either side and this car rammed into me on the front door seat . a:nd the car just kept spinning and there was smoke everywhere and - I tried I think it was cause of the adrenaline but I couldn't get out of my car and the car was all crumpled but then I decided to crawl out  of the car . and when I got to the hospital they said that I had three broken ribs and bruised lung . but they said  that if I had . u:h if I had driven . uh earlier . earlier moment - then I would have been impacted by my whole body and that's my story,
</part> 
</story>
</participant?>