<participant id="33">
<personality ex="5" op="6" ag="5.5" ems="4" co="4.5">
</personality>

<story id="1" order="0" version="1">
<part number="1" agentexlvl="5">
so I over the summer I bought some tickets to EDC which is like a music festival <gesture type="metaphoric" handedness="left" prep=".44" stroke=".37" se_onset_height="4" se_onset_width="3" se_onset_radial="3" se_offset_height="4" se_offset_width="3" se_offset_radial="3"retract=".55" agent_match_loc="false" agent_match_form="false"> and </gesture> instead of <gesture type="metaphoric" handedness="left" stroke=".83" se_onset_height="2" se_onset_width="2" se_onset_radial="3" se_offset_height="2" se_offset_width="2" se_offset_radial="3" agent_match_loc="false" agent_match_form="false"> taking </gesture> <gesture type="metaphoric" handedness="left" stroke=".35" se_onset_height="2" se_onset_width="2" se_onset_radial="3" se_offset_height="2" se_offset_width="2" se_offset_radial="3" agent_match_loc="false" agent_match_form="false"> the bus </gesture> . we took a shuttle – which is like a <gesture type="iconic" handedness="both" prep=".38" stroke=".62" se_onset_height="2" se_onset_width="2" se_onset_radial="2" se_offset_height="5" se_offset_width="2" se_offset_radial="3"retract=".44" agent_match_loc="false" agent_match_form="false"> giant tour bus </gesture> that took us there
</part>

<part number="2" agentexlvl="4">
so while we’re on the bus uh the driver was driving on a really <gesture type="metaphoric" handedness="left" prep=".36" stroke=".35" se_onset_height="4" se_onset_width="2" se_onset_radial="2" se_offset_height="4" se_offset_width="2" se_offset_radial="2" agent_match_loc="false" agent_match_form="false"> narrow path </gesture> and they didn’t know <gesture type="metaphoric" handedness="left" prep=".59" stroke=".84" se_onset_height="4" se_onset_width="2" se_onset_radial="3" se_offset_height="4" se_offset_width="3" se_offset_radial="3" agent_match_loc="false" agent_match_form="false"> why it was narrow </gesture> but it was really narrow a:nd for some reason the <gesture type="metaphoric" handedness="left" prep=".77" stroke=".82" se_onset_height="4" se_onset_width="2" se_onset_radial="3" se_offset_height="4" se_offset_width="2" se_offset_radial="3" agent_match_loc="false" agent_match_form="false"> bus driver </gesture> was driving <gesture type="metaphoric" handedness="left" prep=".49" stroke=".48" se_onset_height="5" se_onset_width="2" se_onset_radial="2" se_offset_height="5" se_offset_width="2" se_offset_radial="2" agent_match_loc="false" agent_match_form="false"> really fast </gesture> –<gesture type="metaphoric" handedness="left" prep=".49" stroke=".61" se_onset_height="4" se_onset_width="2" se_onset_radial="2" se_offset_height="4" se_offset_width="2" se_offset_radial="2"retract=".40" agent_match_loc="false" agent_match_form="false"> a:nd </gesture> -- <gesture type="metaphoric" handedness="left" prep=".35" stroke=".80" se_onset_height="4" se_onset_width="2" se_onset_radial="2" se_offset_height="4" se_offset_width="2" se_offset_radial="2"retract=".79" agent_match_loc="false" agent_match_form="false"> yeah </gesture>	



</part>
<part number="3" agentexlvl="3">
so there was a: quick . sharp . wi- <gesture type="metaphoric" handedness="left" prep=".33" stroke=".41" se_onset_height="2" se_onset_width="2" se_onset_radial="2" se_offset_height="4" se_offset_width="2" se_offset_radial="2" agent_match_loc="false" agent_match_form="false"> right turn </gesture> . <gesture type="metaphoric" handedness="left" prep=".20" stroke=".55" se_onset_height="4" se_onset_width="2" se_onset_radial="2" se_offset_height="4" se_offset_width="2" se_offset_radial="2" agent_match_loc="false" agent_match_form="false"> a:nd </gesture> whe:n that <gesture type="metaphoric" handedness="left" prep=".89" stroke=".32" se_onset_height="4" se_onset_width="2" se_onset_radial="2" se_offset_height="4" se_offset_width="2" se_offset_radial="3"retract=".51" agent_match_loc="false" agent_match_form="false"> happened </gesture> – th:e bus <gesture type="metaphoric" handedness="left" prep=".10" stroke=".37" se_onset_height="4" se_onset_width="2" se_onset_radial="2" se_offset_height="4" se_offset_width="2" se_offset_radial="2" agent_match_loc="false" agent_match_form="false"> was </gesture> –- <gesture type="metaphoric" handedness="left" prep=".64" stroke=".44" se_onset_height="4" se_onset_width="2" se_onset_radial="2" se_offset_height="4" se_offset_width="2" se_offset_radial="2" agent_match_loc="false" agent_match_form="false"> tipping over </gesture> almost <gesture type="metaphoric" handedness="left" prep=".25" stroke=".63" se_onset_height="5" se_onset_width="2" se_onset_radial="3" se_offset_height="5" se_offset_width="2" se_offset_radial="3" agent_match_loc="false" agent_match_form="false"> as if it would have </gesture> <gesture type="metaphoric" handedness="left" prep=".50" stroke=".91" se_onset_height="5" se_onset_width="2" se_onset_radial="3" se_offset_height="4" se_offset_width="2" se_offset_radial="3" agent_match_loc="false" agent_match_form="false"> flipped over </gesture> but then<gesture type= "iconic" handedness="both" prep=".98" stroke="2.11" se_onset_height="4" se_onset_width="2" se_onset_radial="2" se_offset_height="4" se_offset_width="2" se_offset_radial="2" agent_match_loc="false" agent_match_form="false"> the driver quickly turned the wheel </gesture> to the right so it <gesture type="metaphoric" handedness="both" stroke=".86" se_onset_height="4" se_onset_width="2" se_onset_radial="2" se_offset_height="4" se_offset_width="2" se_offset_radial="2"retract=".84" agent_match_loc="false" agent_match_form="false"> balanced out</gesture>

</part>
<part number="4" agentexlvl="2">
so one of the girls - uh <gesture type="iconic" handedness="left" prep=".49" stroke=".76" se_onset_height="3" se_onset_width="2" se_onset_radial="2" se_offset_height="4" se_offset_width="3" se_offset_radial="3" agent_match_loc="false" agent_match_form="false"> flew out of </gesture> her chai:r so that was a really dangerous <gesture type="metaphoric" handedness="left" prep=".15" stroke=".24" se_onset_height="4" se_onset_width="2" se_onset_radial="2" se_offset_height="4" se_offset_width="2" se_offset_radial="2"retract=".42" agent_match_loc="false" agent_match_form="false"> situation </gesture> if he hadn’t had . balanced out <gesture type="metaphoric" handedness="left" prep=".45" stroke=".36" se_onset_height="5" se_onset_width="2" se_onset_radial="2" se_offset_height="4" se_offset_width="2" se_offset_radial="3"retract=".81" agent_match_loc="false" agent_match_form="false">th:e – bus</gesture>
</part>

<part number="5" agentexlvl="1">
but the:n afterwards <gesture type="metaphoric" handedness="both" prep=".27" stroke=".50" se_onset_height="3" se_onset_width="2" se_onset_radial="2" se_offset_height="3" se_offset_width="2" se_offset_radial="2" agent_match_loc="false" agent_match_form="false"> everyone was </gesture> really happy that – n- <gesture type="metaphoric" handedness="both" prep=".24" stroke=".73" se_onset_height="3" se_onset_width="2" se_onset_radial="2" se_offset_height="3" se_offset_width="2" se_offset_radial="3" agent_match_loc="false" agent_match_form="false"> nothing happened </gesture> that <gesture type="metaphoric" handedness="left" prep=".33" stroke=".41" se_onset_height="4" se_onset_width="2" se_onset_radial="3" se_offset_height="4" se_offset_width="2" se_offset_radial="3"retract=".43" agent_match_loc="false" agent_match_form="false"> they didn’t die </gesture> and they were gonna go to a really huge big concert,
</part>

<part number="full" agentexlvl="1">
s:o I had tickets . t:o a music festival which is called EDC – a:nd instead of taking the regular bus – I took the shuttle – a:nd the th- shuttle is like a big giant bus . and <gesture type="metaphoric" handedness="left" prep=".31" stroke=".45" se_onset_height="4" se_onset_width="2" se_onset_radial="3" se_offset_height="4" se_offset_width="2" se_offset_radial="3" agent_match_loc="false" agent_match_form="false"> while I was on it </gesture> – <gesture type="metapjoric" handedness="left" prep=".34" stroke=".40" se_onset_height="4" se_onset_width="2" se_onset_radial="2" se_offset_height="3" se_offset_width="2" se_offset_radial="2" agent_match_loc="false" agent_match_form="false"> u:h </gesture> there- we were on a really <gesture type="iconic" handedness="left" prep=".34" stroke=".70" se_onset_height="4" se_onset_width="2" se_onset_radial="2" se_offset_height="4" se_offset_width="2" se_offset_radial="2" agent_match_loc="false" agent_match_form="false"> narrow road </gesture> - and the bus driver was driving really fast <gesture type="metaphoric" handedness="left" prep=".39" stroke=".65" se_onset_height="4" se_onset_width="2" se_onset_radial="2" se_offset_height="4" se_offset_width="2" se_offset_radial="2"retract=".48" agent_match_loc="false" agent_match_form="false"> for some reason </gesture> – <gesture type="metaphoric" handedness="left" prep=".40" stroke=".40" se_onset_height="4" se_onset_width="2" se_onset_radial="2" se_offset_height="4" se_offset_width="2" se_offset_radial="2"retract=".48" agent_match_loc="false" agent_match_form="false"> a:nd </gesture> . <gesture type="metaphoric" handedness="left" prep=".60" stroke=".69" se_onset_height="4" se_onset_width="2" se_onset_radial="3" se_offset_height="4" se_offset_width="2" se_offset_radial="3" agent_match_loc="false" agent_match_form="false"> along the road </gesture> there was a: - quick right turn <gesture type="metaphoric" handedness="left" prep=".29" stroke="14.5" se_onset_height="5" se_onset_width="2" se_onset_radial="2" se_offset_height="5" se_offset_width="2" se_offset_radial="2" agent_match_loc="false" agent_match_form="false"> we had make </gesture> a:nd the bus . <gesture type="metaphoric" handedness="both" prep=".73" stroke=".19" se_onset_height="3" se_onset_width="2" se_onset_radial="3" se_offset_height="4" se_offset_width="3" se_offset_radial="2" agent_match_loc="false" agent_match_form="false"> thought it was gonna tip over </gesture> but luckily . th:e <gesture type="metaphoric" handedness="both" prep=".41" stroke=".51" se_onset_height="3" se_onset_width="2" se_onset_radial="3" se_offset_height="3" se_offset_width="2" se_offset_radial="3" agent_match_loc="false" agent_match_form="false"> bus driver – u:h quickl:y </gesture> <gesture type="iconic" handedness="both" prep=".35" stroke=".62" se_onset_height="3" se_onset_width="2" se_onset_radial="3" se_offset_height="3" se_offset_width="2" se_offset_radial="3" agent_match_loc="false" agent_match_form="false"> balanced out </gesture> the truck by <gesture type="iconic" handedness="both" prep=".25" stroke="20.1" se_onset_height="4" se_onset_width="3" se_onset_radial="2" se_offset_height="4" se_offset_width="3" se_offset_radial="2" agent_match_loc="false" agent_match_form="false"> turning hi:s wheel to the right </gesture> so it balanced out the bus – <gesture type="metaphoric" handedness="left" prep=".57" stroke=".51" se_onset_height="4" se_onset_width="2" se_onset_radial="2" se_offset_height="4" se_offset_width="2" se_offset_radial="2" agent_match_loc="false" agent_match_form="false"> and during </gesture> that time <gesture type="metaphoric" handedness="both" prep=".21" stroke=".86" se_onset_height="4" se_onset_width="3" se_onset_radial="2" se_offset_height="4" se_offset_width="3" se_offset_radial="2" agent_match_loc="false" agent_match_form="false"> some gi:rl </gesture> – <gesture type="metaphoric" handedness="right" prep=".60" stroke=".65" se_onset_height="4" se_onset_width="1" se_onset_radial="3" se_offset_height="4" se_offset_width="1" se_offset_radial="3" agent_match_loc="false" agent_match_form="false"> flew out of her seat </gesture> <gesture type="metaphoric" handedness="left" prep=".21" stroke=".69" se_onset_height="4" se_onset_width="2" se_onset_radial="2" se_offset_height="4" se_offset_width="2" se_offset_radial="2" agent_match_loc="false" agent_match_form="false"> which was really dangerous </gesture> <gesture type="metaphoric" handedness="left" prep=".31" stroke=".25" se_onset_height="4" se_onset_width="2" se_onset_radial="2" se_offset_height="4" se_offset_width="2" se_offset_radial="3" agent_match_loc="false" agent_match_form="false"> a:nd </gesture> - proved that . it would have been a really dangerous situation if the bus driver <gesture type="metaphoric" handedness="left" prep=".51" stroke="1.73" se_onset_height="4" se_onset_width="2" se_onset_radial="2" se_offset_height="4" se_offset_width="2" se_offset_radial="3" agent_match_loc="false" agent_match_form="false"> hadn’t had </gesture>[indistinguishable words] - but after all that was over . everyone was really <gesture type="metaphoric" handedness="left" prep=".36" stroke=".60" se_onset_height="4" se_onset_width="2" se_onset_radial="2" se_offset_height="4" se_offset_width="2" se_offset_radial="2"retract="1.34" agent_match_loc="false" agent_match_form="false">happy that no one die:d </gesture>. and that they were going t:o a really big concert
</part>
</story>

<story id="0" order="1" version="0">
<part number="1" agentexlvl="1">
so when I was seventee:n I was at my boyfriends house and we were i:n a: . really heated argument like everyone was like screami:ng and argui:ng and . yeah
</part>
<part number="2" agentexlvl="2">
yeah so I: drove to his house so I wh- when I was about to leave – I: was crying and I don’t know . why but I’m a good driver
</part>

<part number="3" agentexlvl="3">
i was like tw:o blocks away from my house a:nd - I was about to miss my curfew becau:se . my curfews at ten fifteen . and my dad’s a real stickler fo:r curfe:ws – a:nd when the light turned gree:n – I: didn’t even pay ate- <gesture type="metaphoric" handedness="left" prep=".30" stroke=".47" se_onset_height="2" se_onset_width="2" se_onset_radial="2" se_offset_height="4" se_offset_width="2" se_offset_radial="3" agent_match_loc="false" agent_match_form="false"> pay attention </gesture> drove off . and then <gesture type="metaphoric" handedness="left" stroke="1.0" se_onset_height="4" se_onset_width="3" se_onset_radial="3" se_offset_height="4" se_offset_width="2" se_offset_radial="2"retract=".66" agent_match_loc="false" agent_match_form="false">a car </gesture> rammed in to the front – of my ca:r where <gesture type="metaphoric" handedness="right" prep=".90" stroke=".52" se_onset_height="4" se_onset_width="2" se_onset_radial="3" se_offset_height="4" se_offset_width="2" se_offset_radial="3"retract=".60" agent_match_loc="false" agent_match_form="false"> my legs were at </gesture> <gesture type="metaphoric" handedness="right" prep=".46" stroke=".53" se_onset_height="3" se_onset_width="3" se_onset_radial="3" se_offset_height="3" se_offset_width="2" se_offset_radial="3"retract=".62" agent_match_loc="false" agent_match_form="false"> like where it was rammed </gesture>
</part>

<part number="4" agentexlvl="4">
s:o th:e –- car like <gesture type="metaphoric" handedness="right" prep=".25" stroke=".51" se_onset_height="5" se_onset_width="2" se_onset_radial="2" se_offset_height="5" se_offset_width="2" se_offset_radial="2"retract=".50" agent_match_loc="false" agent_match_form="false"> spun </gesture> a:nd there was <gesture type="metaphoric" handedness="both" prep=".44" stroke=".98" se_onset_height="4" se_onset_width="3" se_onset_radial="2" se_offset_height="4" se_offset_width="3" se_offset_radial="3" agent_match_loc="false" agent_match_form="false"> smoke everywhere </gesture> a:nd . I <gesture type="metaphoric" handedness="right" stroke=".65" se_onse thought the car </gesture> was going to <gesture type="iconic" handedness="both" prep=".33" stroke=".64" se_onset_height="4" se_onset_width="2" se_onset_radial="3" se_offset_height="4" se_offset_width="2" se_offset_radial="3" agent_match_loc="false" agent_match_form="false"> explode </gesture> – bu:t then I: <gesture type="metaphoric" handedness="right" prep=".67" stroke=".79" se_onset_height="4" se_onset_width="2" se_onset_radial="3" se_offset_height="4" se_offset_width="2" se_offset_radial="3" agent_match_loc="false" agent_match_form="false"> crawled to the passenger </gesture> seat and <gesture type="metaphoric" handedness="right" prep=".62" stroke=".59" se_onset_height="4" se_onset_width="2" se_onset_radial="3" se_offset_height="4" se_offset_width="2" se_offset_radial="3"retract="1.60" agent_match_loc="false" agent_match_form="false"> crawled out </gesture>
</part>

<part number="5" agentexlvl="5">
s;o afte:r I got to the hospital they told me that I had three broke:n ri:bs a:nd a: fractured lu:ngs a:nd they had told me that if I had not sped <gesture type="metaphoric" handedness="right" prep=".37" stroke=".96" se_onset_height="3" se_onset_width="2" se_onset_radial="2" se_offset_height="1" se_offset_width="2" se_offset_radial="2" agent_match_loc="false" agent_match_form="false"> the moment that I did </gesture> the:n - <gesture type="metaphoric" handedness="right" prep=".59" stroke=".48" se_onset_height="1" se_onset_width="2" se_onset_radial="2" se_offset_height="3" se_offset_width="2" se_offset_radial="2" agent_match_loc="false" agent_match_form="false">u:m </gesture> the car <gesture type="metaphoric" handedness="right" prep=".86" stroke=".49" se_onset_height="1" se_onset_width="2" se_onset_radial="2" se_offset_height="3" se_offset_width="2" se_offset_radial="2" agent_match_loc="false" agent_match_form="false"> would have rammed </gesture> even harder . into my car <gesture type="metaphoric" handedness="both" prep=".76" stroke="1.44" se_onset_height="4" se_onset_width="2" se_onset_radial="2" se_offset_height="4" se_offset_width="2" se_offset_radial="3"retract=".59" agent_match_loc="false" agent_match_form="false"> creating a bigger impact </gesture> – and it would have been more deadly
</part>

<part number="full" agentexlvl="5">
uh when I was seventeen – I: drove over to my boyfriend’s house . and when I was there we got in to a really big argument there was like screaming and shouting and arguing – and since I: drove to his hou:se I: decided to leave - a:nd when I was leaving I <gesture type="metaphoric" handedness="left" prep=".40" stroke=".50" se_onset_height="2" se_onset_width="2" se_onset_radial="2" se_offset_height="2" se_offset_width="2" se_offset_radial="2" agent_match_loc="false" agent_match_form="false"> was crying </gesture> . but I’m a <gesture type="metaphoric" handedness="left" prep=".69" stroke=".67" se_onset_height="2" se_onset_width="2" se_onset_radial="2" se_offset_height="2" se_offset_width="2" se_offset_radial="2" agent_match_loc="false" agent_match_form="false"> good driver </gesture> – a:nd . I was two <gesture type="metaphoric" handedness="left" prep=".23" stroke=".51" se_onset_height="4" se_onset_width="2" se_onset_radial="2" se_offset_height="4" se_offset_width="2" se_offset_radial="2"retract=".48" agent_match_loc="false" agent_match_form="false"> blocks away </gesture> fro:m m:y hou:se – a:nd I <gesture type="metaphoric" handedness="left" prep=".35" stroke=".46" se_onset_height="4" se_onset_width="2" se_onset_radial="2" se_offset_height="4" se_offset_width="2" se_offset_radial="2" agent_match_loc="false" agent_match_form="false"> had a curfew </gesture> at <gesture type="metaphoric" handedness="left" prep=".30" stroke=".54" se_onset_height="4" se_onset_width="2" se_onset_radial="2" se_offset_height="4" se_offset_width="2" se_offset_radial="2" agent_match_loc="false" agent_match_form="false"> ten fifteen </gesture> and my dad was a stagler for – curfews – and so when th:e- <gesture type="diectic" handedness="right" prep=".41" stroke=".92" se_onset_height="4" se_onset_width="2" se_onset_radial="3" se_offset_height="3" se_offset_width="2" se_offset_radial="3" agent_match_loc="false" agent_match_form="false"> light turned </gesture> green I: <gesture type="diectic" handedness="right" prep=".29" stroke=".57" se_onset_height="4" se_onset_width="2" se_onset_radial="3" se_offset_height="4" se_offset_width="2" se_offset_radial="3" agent_match_loc="false" agent_match_form="false"> sped </gesture> – like – <gesture type="metaphoric" handedness="right" prep=".29" stroke="1.07" se_onset_height="4" se_onset_width="2" se_onset_radial="2" se_offset_height="4" se_offset_width="2" se_offset_radial="3" agent_match_loc="false" agent_match_form="false"> sped straight a:nd </gesture> a car <gesture type="iconic" handedness="left" prep=".61" stroke=".52" se_onset_height="4" se_onset_width="3" se_onset_radial="3" se_offset_height="4" se_offset_width="2" se_offset_radial="2" agent_match_loc="false" agent_match_form="false"> rammed in to </gesture> <gesture type="metaphoric" handedness="right" prep=".42" stroke=".95" se_onset_height="4" se_onset_width="2" se_onset_radial="2" se_offset_height="4" se_offset_width="2" se_offset_radial="2"retract=".65" agent_match_loc="false" agent_match_form="false"> my car</gesture> – a:nd after that . uh my car spun and there was <gesture type="iconic" handedness="both" prep=".96" stroke="1.36" se_onset_height="4" se_onset_width="2" se_onset_radial="2" se_offset_height="4" se_offset_width="3" se_offset_radial="3"retract=".96" agent_match_loc="false" agent_match_form="false"> smoke everywhere </gesture> – a:nd – and so <gesture type="metaphoric" handedness="right" prep=".56" stroke=".77" se_onset_height="4" se_onset_width="2" se_onset_radial="3" se_offset_height="4" se_offset_width="2" se_offset_radial="2" agent_match_loc="false" agent_match_form="false"> I crawled to </gesture> the passenger seat and <gesture type="diectic" handedness="right" prep=".37" stroke=".75" se_onset_height="4" se_onset_width="2" se_onset_radial="2" se_offset_height="4" se_offset_width="3" se_offset_radial="3"retract=".77" agent_match_loc="false" agent_match_form="false"> came out </gesture> . and when I got to the hospital – they told me that I ha:d broken like three: bones and had like – a – fractured - lung - thing  - a:nd . they said that if I: hadn’t sped when I did then the ca:r would have caused - <gesture type="metaphoric" handedness="right" prep=".43" stroke="1.13" se_onset_height="4" se_onset_width="2" se_onset_radial="2" se_offset_height="4" se_offset_width="3" se_offset_radial="3"retract=".72" agent_match_loc="false" agent_match_form="false"> a greater impact </gesture> which would have been more deadly
</part>
</story>
</participant>