<participant id="9">
<personality ex="4.5" op="5" ag="4" ems="4" co="5.5">
</personality>

<story id="0" order="0" version="0">
<part number="1" agentexlvl="1">
When you were 17 you got in a fight your boyfriend and you guys got screaming  and everything.
</part>

<part number="2" agentexlvl="2">
you were crying and everything and your you thought you were a good driver  buy you you dont why this happened to you.
</part>

<part number="3" agentexlvl="3">
You decided to drive home and your dad is a stickler for curfew and it was already  10: 55 and you were gonna make a right hand turn and then a car ran into yours.
</part>

<part number="4" agentexlvl="4">
You car was smoking and you had twisted and turned and <gesture type="metaphoric" handedness="LH" stroke="2" se_onset_height="1" se_onset_width="1" se_onset_radial="3" se_offset_height="3"  se_offset_width="1" se_offset_radial="1" retract="1" agent_match_loc="true"  agent_match_form="false"> since it was smoking you were concerned and you tried to  get out of the passanger seat.
</part>

<part number="5" agentexlvl="5">
So were you got to the hospital and they said you had 3 broken ribs and you went brused  and things and that if you had left a couple of seconds <gesture type="metaphoric"  handedness="right" prep="2" stroke="1" se_onset_height="2"se_onset_width="1"  se_onset_radial="1" se_offset_height="1" se_offset_width="2" se_offset_radial="2" hold="0" retract="1" agent_match_loc="false" agent_match_form="false"> earlier you  would have been death because the impact.
</part>

<part number="full" agentexlvl="5">
so when I was 17 I was in an argument with my boyfriend  and I decided to go go over there and there was yelling and screaming and everything and I knew  I  knew was a  good driver but I still decided to leave the house and as i was driving I  remembered it was 10:55 and my dad is a stickler for curfew and as I was turning  right on to the street another car ran into me and then came in and park  the car with like smoking <gesture type="beat" handedness="left" prep="1" stroke=".67"  se_onset_height="2"se_onset_width="1" se_onset_radial="1" se_offset_height="1" se_offset_width="2"  se_offset_radial="2" hold="1" agent_match_loc="false" agent_match_form="false"> and everything  and so I climbed <gesture type="metaphoric" handedness="left" prep=".23" stroke="2"  se_onset_height="2"se_onset_width="1" se_onset_radial="1" se_offset_height="1" se_offset_width="2" se_offset_radial="2" hold=".68" retract=".51" agent_match_loc="true" agent_match_form="false">  out of the passanger seat and as I was driving I could have been driven to the hospital  <gesture type="beat" handedness="left" prep="1" stroke="1" se_onset_height="2" se_onset_width="1" se_onset_radial="1" se_offset_height="1" se_offset_width="2" se_offset_radial="2" retract="1" agent_match_loc="false" agent_match_form="false"> found out that I had 3  broken ribs and I had bruced <gesture type="diectic" handedness="left" prep="1" stroke="1" se_onset_height="2" se_onset_width="1" se_onset_radial="1" se_offset_height="1" se_offset_width="2"  se_offset_radial="2" hold="3" agent_match_loc="false" agent_match_form="false">  something and if I would have left when I did like any seconds later hat I would have been  dead <gesture type="beat" handedness="left" prep=".21" stroke="1" se_onset_height="2" se_onset_width="1" se_onset_radial="1" se_offset_height="1" se_offset_width="2" se_offset_radial="2" retract="1" agent_match_loc="true" agent_match_form="false"> because of the impact.
</part>
</story>

<story id="1" order="1" version="1">
<part number="1" agentexlvl="5">
So you are going to EDC and you had planned to take like the big giant buses and wanted to get there I think.
</part>

<part number="2" agentexlvl="4">
So there was a guy driving yhe bus and it was on a very narrow road and umm for how narrow  the road and was he was going really fast.
</part>

<part number="3" agentexlvl="3">
So the girl infront of you and she <gesture type="beat" handedness="both" prep=".85"  stroke="1" se_onset_height="6" se_onset_width="1" se_onset_radial="1" se_offset_height="1"  se_offset_width="1" se_offset_radial="2" retract="1" agent_match_loc="false"  agent_match_form="false"> umm like flew out of her seat <gesture type="beat" handedness="both"  prep=".85" stroke="1" se_onset_height="6" se_onset_width="1" se_onset_radial="1"  se_offset_height="1" se_offset_width="1" se_offset_radial="2" retract="1" agent_match_loc="false" agent_match_form="false"> and that could have been really dangerous if umm he wasn't able <gesture type="beat" handedness="both" prep=".85" stroke="1" se_onset_height="6" se_onset_width="1" se_onset_radial="1" se_offset_height="1" se_offset_width="1" se_offset_radial="2" retract=".46" agent_match_loc="true" agent_match_form="false"> to regain to the wheel.
</part>

<part number="4" agentexlvl="2">
yeah so one of the girls flew out of <gesture type="beat" handedness="left" prep=".35" stroke=".86" se_onset_height="6" se_onset_width="1" se_onset_radial="1" se_offset_height="1" se_offset_width="1" se_offset_radial="2" retract=".47" agent_match_loc="false" agent_match_form="false"> the seat </gesture>, and that could’ve been really <gesture type="beat" handedness="both" prep=".46" stroke="1" se_onset_height="1" se_onset_width="1" se_onset_radial="2" se_offset_height="1" se_offset_width="1" se_offset_radial="2" retract=".37" agent_match_loc="false" agent_match_form="false">dangerous</gesture> if he hadn’t leveled out <gesture type="metaphoric" handedness="both" prep=".61" stroke=".8" se_onset_height="2" se_onset_width="1" se_onset_radial="1" se_offset_height="1" se_offset_width="2" se_offset_radial="2" retract=".56" agent_match_loc="false" agent_match_form="false"> the bus </gesture>
</part>

<part number="5" agentexlvl="1">
So umm afterwards everyone was very happy because no one died because then we wanted to  go to the big concert.
</part>

<part number=full agentexlvl="1">
So I was going to EDC which is a bug umm music festival convery and in order o get there  ya'll have to ttake these big giant bses and ther is very narrow roads and the bus driver was going very fast for how narrow the road was and he had to take a right hand turn and when he turned the bus webt over on its like two side wheels and almost fell over but the bus driver was able to put like push right ande umm went back to being on all fours and back to normal but then there weas a girl in front who had flew over and uhmm it was really scary because everyone almost could have died and everyone wanted to fo to EDC concert so they were happy that umm they avoided what have happened
</part>
</story>
</participant>
